Unnamed: 0,lat,lon,20210801,20210802,20210825,20210809,20210813,20210820,20210827,20210818,20210806,20210822,20210812,20210816,20210826,20210804,20210824,20210821,20210807,20210831,20210810,20210828,20210823,20210811,20210814,20210830,20210817,20210815,20210808,20210803,20210829,20210805,20210819,20210625,20210614,20210627,20210605,20210619,20210611,20210622,20210606,20210628,20210602,20210624,20210607,20210626,20210617,20210616,20210610,20210615,20210601,20210620,20210604,20210608,20210630,20210623,20210612,20210613,20210621,20210629,20210603,20210618,20210609,20210430,20210408,20210405,20210417,20210416,20210424,20210427,20210407,20210411,20210419,20210421,20210429,20210418,20210404,20210425,20210420,20210402,20210410,20210406,20210426,20210412,20210409,20210413,20210414,20210428,20210422,20210401,20210403,20210415,20210209,20210207,20210228,20210217,20210223,20210218,20210210,20210211,20210212,20210203,20210202,20210222,20210213,20210219,20210208,20210214,20210216,20210204,20210215,20210201,20210205,20210225,20210226,20210227,20210224,20210206,20210912,20210911,20210902,20210903,20210929,20210917,20210906,20210915,20210913,20210914,20210918,20210909,20210919,20210922,20210905,20210908,20210901,20210924,20210926,20210925,20210910,20210916,20210921,20210928,20210904,20210930,20210920,20210923,20210927,20210907,20210714,20210727,20210723,20210730,20210715,20210718,20210731,20210721,20210716,20210712,20210703,20210707,20210728,20210722,20210717,20210702,20210705,20210719,20210710,20210729,20210713,20210706,20210709,20210725,20210708,20210704,20210724,20210726,20210711,20210701,20210720,20211101,20211109,20211105,20211129,20211112,20211111,20211116,20211124,20211114,20211113,20211104,20211126,20211128,20211108,20211119,20211125,20211118,20211130,20211107,20211123,20211106,20211102,20211103,20211127,20211117,20211115,20211120,20211121,20211110,20211122,20211003,20211017,20211015,20211016,20211028,20211026,20211018,20211023,20211024,20211011,20211030,20211005,20211009,20211010,20211027,20211021,20211013,20211020,20211029,20211012,20211001,20211014,20211022,20211019,20211031,20211002,20211006,20211004,20211007,20211025,20211008,20211217,20211212,20211221,20211209,20211231,20211213,20211228,20211202,20211229,20211201,20211230,20211211,20211223,20211216,20211220,20211208,20211226,20211225,20211219,20211214,20211204,20211206,20211222,20211227,20211203,20211215,20211210,20211224,20211205,20211207,20211218,20210513,20210509,20210524,20210514,20210510,20210531,20210503,20210501,20210522,20210526,20210520,20210528,20210502,20210530,20210506,20210518,20210527,20210516,20210517,20210519,20210523,20210529,20210504,20210508,20210521,20210505,20210511,20210525,20210515,20210507,20210301,20210313,20210320,20210325,20210326,20210306,20210302,20210328,20210303,20210330,20210312,20210304,20210310,20210314,20210322,20210329,20210308,20210327,20210305,20210321,20210331,20210318,20210319,20210315,20210307,20210311,20210316,20210324,20210317,20210323,20210309,20210128,20210101,20210121,20210103,20210129,20210127,20210126,20210131,20210122,20210116,20210102,20210104,20210124,20210108,20210111,20210112,20210120,20210105,20210117,20210107,20210123,20210109,20210119,20210114,20210113,20210106,20210118,20210130,20210125,20210110,20210115
26.0,12.17000007629395,-68.30999755859375,301.11499999999995,301.211,301.258,301.298,302.211,301.703,301.559,302.02599999999995,300.73999999999995,301.614,302.321,302.199,301.344,300.82899999999995,301.167,301.673,301.214,301.66799999999995,301.959,301.813,301.75199999999995,302.188,302.219,301.624,302.225,302.04299999999995,301.209,301.006,301.843,300.78,301.886,300.475,300.076,300.9,300.328,300.146,300.41799999999995,300.268,299.983,300.782,300.546,300.117,300.056,300.851,300.59099999999995,300.008,299.923,300.142,300.583,300.182,300.482,299.961,300.683,300.306,300.422,300.198,300.366,300.727,300.574,300.52,299.777,300.134,299.981,300.005,299.681,299.581,299.73999999999995,300.057,299.922,300.17999999999995,299.045,300.015,300.109,299.21,299.976,299.843,299.494,299.61499999999995,300.239,299.585,300.017,300.076,300.088,300.148,300.148,300.143,299.834,299.318,299.787,299.427,299.862,299.81,299.779,300.056,299.97,300.065,299.771,299.448,299.652,299.612,299.558,299.97799999999995,299.80499999999995,299.924,299.682,299.987,299.96,299.638,299.977,299.444,299.808,299.768,299.77599999999995,299.786,299.848,299.828,301.26399999999995,301.297,301.81199999999995,301.733,302.928,302.261,301.949,302.259,302.106,302.218,302.29299999999995,301.521,302.06199999999995,302.586,301.924,302.104,301.884,302.78799999999995,303.02599999999995,302.79,301.351,302.289,303.096,302.987,301.893,302.855,302.315,302.302,303.112,302.20399999999995,301.158,301.335,300.731,301.447,301.255,300.69199999999995,301.094,300.585,301.076,300.196,301.098,300.686,301.119,300.592,300.71,301.137,300.44,300.286,300.335,301.54999999999995,301.012,300.69,300.06199999999995,301.065,300.203,300.986,300.735,301.306,299.92,300.825,300.321,301.783,301.202,301.493,301.463,301.458,301.42499999999995,301.515,301.17499999999995,301.415,301.387,301.532,300.879,301.347,301.16,301.138,301.31699999999995,301.138,301.452,301.44,301.176,301.434,301.619,301.632,301.047,301.506,301.528,301.352,301.404,301.408,301.256,302.265,302.587,302.45,302.556,301.586,301.891,302.56,303.131,302.235,302.422,302.177,302.457,302.13899999999995,302.226,301.726,302.952,302.56,302.498,301.919,302.52,302.609,302.678,303.116,302.566,301.848,302.511,302.016,302.356,302.287,301.801,302.195,301.058,301.291,300.522,300.896,300.601,301.254,301.124,301.209,300.832,301.348,300.81699999999995,301.174,300.275,301.015,300.548,300.831,300.693,301.197,300.739,301.366,301.14,301.259,300.282,300.979,300.92,300.905,300.90099999999995,301.084,301.278,301.116,301.109,299.983,300.671,300.432,300.258,300.658,300.791,300.086,300.121,300.441,300.535,300.601,300.348,300.178,300.742,300.159,300.723,300.521,300.352,300.691,300.638,300.315,300.371,300.16299999999995,300.292,300.623,300.003,300.621,300.487,300.31,300.29299999999995,299.75,299.873,299.64,299.647,299.743,300.015,299.894,299.751,300.021,299.215,299.82,300.15,299.56,299.767,299.623,299.632,299.628,299.696,300.15599999999995,299.62699999999995,299.146,299.881,299.65,299.56199999999995,299.415,299.789,299.48999999999995,299.434,299.949,299.693,299.557,299.743,300.493,300.357,300.806,299.706,299.987,299.9,299.186,300.534,300.102,300.665,300.693,300.016,300.77,300.614,300.493,300.114,300.438,299.939,300.582,300.072,300.85299999999995,300.231,299.665,299.70399999999995,300.623,300.196,299.606,299.86,300.806,300.179
771.0,12.11999988555908,-68.27999877929688,301.154,301.056,301.45399999999995,301.245,301.758,301.72,301.524,302.073,300.632,301.66,301.891,302.154,301.443,300.823,301.355,301.625,301.11,301.56699999999995,301.71599999999995,301.824,301.63,301.907,301.912,301.38,302.21599999999995,302.09,301.234,300.898,301.832,300.61,301.9,300.141,300.215,300.815,300.438,300.29,300.385,300.438,300.052,300.806,300.636,300.071,300.04999999999995,300.662,300.046,300.225,299.96,300.32,300.63,300.331,300.584,300.004,300.746,300.438,300.354,300.19,300.513,300.796,300.6,300.145,299.857,300.202,299.518,300.01399999999995,299.468,299.411,299.819,300.153,299.46599999999995,300.015,299.28799999999995,299.568,300.133,299.286,300.041,299.809,299.28799999999995,299.751,300.089,299.612,300.045,300.0,299.905,300.042,300.077,300.213,299.815,299.42499999999995,299.874,299.29,299.573,299.846,299.76,299.613,299.89,299.835,299.695,299.611,299.706,299.65099999999995,299.63,299.898,299.799,299.82899999999995,299.908,299.943,299.696,299.542,299.928,299.548,299.742,299.695,299.758,299.72,299.723,299.76,301.298,301.394,302.183,301.462,302.896,302.254,302.027,302.534,302.19199999999995,302.331,302.295,301.556,302.158,303.083,301.784,302.118,302.417,302.852,302.836,302.852,301.453,302.262,303.203,302.845,301.568,302.917,302.707,302.765,302.98,301.998,301.084,301.225,301.03,301.379,301.25,301.08,301.32,300.761,301.314,300.297,301.423,301.348,300.882,300.804,301.025,300.995,300.858,300.532,300.72,301.323,300.928,301.052,300.608,301.195,300.989,301.371,300.996,301.355,300.19199999999995,300.684,300.734,301.78099999999995,301.31699999999995,301.593,301.493,301.37699999999995,301.348,301.471,301.388,301.114,301.157,301.646,301.34,301.766,301.334,301.06,301.525,301.09,301.148,301.37699999999995,301.384,301.386,301.689,301.689,301.852,301.525,301.372,301.27,301.304,301.27599999999995,301.248,302.919,302.633,302.399,302.482,301.433,301.664,302.693,302.969,302.101,302.636,302.03,302.907,302.369,302.371,301.44199999999995,303.397,302.654,303.04,301.834,302.609,302.845,302.726,302.959,302.685,301.746,302.783,302.173,303.082,302.494,301.666,302.356,300.948,301.17499999999995,300.382,301.126,300.69199999999995,301.263,300.903,301.303,300.724,301.185,300.712,301.211,300.435,300.999,300.876,301.12,300.616,301.048,301.09,301.337,300.9,301.152,300.331,300.85,300.891,301.074,301.092,301.059,301.088,301.095,301.01,300.302,300.89,300.064,299.945,300.85299999999995,300.548,300.099,300.122,300.194,300.679,300.357,300.498,300.164,300.592,300.29299999999995,300.73999999999995,300.648,300.46599999999995,300.799,300.468,299.848,300.529,300.179,300.088,300.523,300.289,300.774,300.455,300.171,300.185,299.845,299.691,300.161,299.54,299.535,299.911,299.69,299.489,299.638,299.301,299.678,299.87699999999995,299.775,299.671,299.94199999999995,299.374,299.71,299.56199999999995,300.027,300.087,299.311,299.587,299.65099999999995,299.558,299.475,299.65099999999995,299.48999999999995,299.631,299.734,299.956,299.789,299.887,300.694,300.03,300.783,299.754,300.05499999999995,300.05499999999995,299.686,300.214,300.143,300.722,300.874,300.107,300.611,300.414,300.339,300.11,300.685,299.926,300.59099999999995,300.254,300.951,300.318,299.717,299.985,300.678,300.167,299.721,300.12699999999995,300.93699999999995,300.321
821.0,12.11999988555908,-68.30999755859375,301.145,301.063,301.41299999999995,301.15599999999995,301.554,301.787,301.42999999999995,302.061,300.715,301.719,301.674,302.108,301.357,300.768,301.336,301.677,301.10299999999995,301.572,301.599,301.783,301.706,301.715,301.79299999999995,301.369,302.188,302.084,301.153,300.905,301.81199999999995,300.67999999999995,301.939,300.286,300.261,300.83,300.41799999999995,300.333,300.399,300.421,300.054,300.794,300.59,300.06,300.07899999999995,300.76399999999995,300.039,300.185,299.946,300.337,300.581,300.404,300.581,300.049,300.69199999999995,300.357,300.359,300.206,300.598,300.751,300.59099999999995,300.184,299.882,300.205,299.497,300.024,299.45399999999995,299.336,299.844,300.155,299.443,299.814,299.315,299.535,300.121,299.336,300.063,299.81199999999995,299.302,299.78099999999995,299.949,299.599,300.037,299.967,299.938,300.011,300.081,300.214,299.816,299.48,299.89,299.289,299.374,299.848,299.78799999999995,299.572,299.818,299.856,299.649,299.638,299.667,299.62,299.528,299.849,299.747,299.86499999999995,299.911,299.88899999999995,299.672,299.548,299.879,299.513,299.792,299.73999999999995,299.792,299.725,299.727,299.804,301.29,301.379,302.18699999999995,301.544,302.951,302.287,301.975,302.576,302.126,302.272,302.351,301.558,302.17999999999995,303.144,301.757,302.149,302.46599999999995,302.848,302.884,302.86,301.455,302.291,303.25,302.86499999999995,301.709,302.924,302.785,302.77,302.987,302.122,301.118,301.082,300.958,301.357,301.201,301.15,301.295,300.734,301.26,300.36,301.394,301.326,300.738,300.78799999999995,301.088,300.926,300.98999999999995,300.54999999999995,300.72799999999995,301.223,301.012,301.169,300.612,301.17499999999995,300.951,301.383,300.947,301.235,300.193,300.665,300.707,301.77599999999995,301.409,301.673,301.549,301.507,301.42499999999995,301.57,301.582,301.169,301.234,301.758,301.36499999999995,301.892,301.451,301.094,301.618,301.116,301.202,301.47,301.544,301.44199999999995,301.75199999999995,301.775,301.916,301.551,301.487,301.21,301.224,301.34,301.223,302.958,302.628,302.382,302.46,301.445,301.64,302.694,303.071,301.787,302.593,301.981,302.88899999999995,302.446,302.285,301.453,303.364,302.693,303.054,301.795,302.625,302.82899999999995,302.713,302.846,302.676,301.719,302.778,302.233,303.126,302.616,301.621,302.52599999999995,300.927,301.077,300.59,301.087,300.66299999999995,301.15099999999995,300.915,301.315,300.757,301.229,300.734,301.141,300.43699999999995,301.009,301.16799999999995,301.054,300.57,300.922,301.194,301.297,301.015,301.13,300.38,300.852,300.991,301.096,301.07,301.001,301.106,301.03799999999995,300.994,300.211,300.898,300.063,299.963,300.856,300.539,300.105,300.13,300.154,300.769,300.422,300.61499999999995,300.171,300.626,300.299,300.73999999999995,300.774,300.498,300.79,300.506,299.787,300.63899999999995,300.188,300.052,300.551,300.307,300.747,300.504,300.225,300.173,299.922,299.6,300.112,299.584,299.593,299.95399999999995,299.848,299.453,299.774,299.342,299.638,299.973,299.875,299.711,299.995,299.346,299.779,299.559,300.094,300.086,299.351,299.54299999999995,299.546,299.669,299.517,299.697,299.601,299.634,299.755,299.987,299.891,299.957,300.69,300.078,300.763,299.79299999999995,300.032,300.041,299.694,300.213,300.263,300.705,300.883,300.194,300.576,300.424,300.364,300.095,300.69,300.052,300.59099999999995,300.231,300.91,300.28799999999995,299.723,300.069,300.696,300.229,299.696,300.201,300.93699999999995,300.426
822.0,12.13000011444092,-68.30000305175781,301.145,301.066,301.42999999999995,301.176,301.59099999999995,301.767,301.472,302.066,300.711,301.697,301.714,302.12699999999995,301.39,300.782,301.344,301.664,301.10299999999995,301.56699999999995,301.621,301.807,301.676,301.758,301.818,301.368,302.209,302.086,301.172,300.9,301.816,300.669,301.92999999999995,300.262,300.241,300.825,300.426,300.322,300.396,300.43699999999995,300.054,300.796,300.61,300.078,300.069,300.732,300.041,300.203,299.951,300.334,300.607,300.38899999999995,300.584,300.033,300.68699999999995,300.387,300.358,300.198,300.582,300.753,300.596,300.172,299.875,300.206,299.497,300.02,299.448,299.356,299.836,300.157,299.444,299.888,299.313,299.541,300.125,299.31699999999995,300.053,299.81199999999995,299.296,299.774,299.997,299.605,300.041,299.983,299.924,300.027,300.082,300.215,299.815,299.464,299.884,299.29,299.424,299.844,299.779,299.572,299.824,299.845,299.659,299.638,299.686,299.619,299.545,299.82899999999995,299.76399999999995,299.847,299.902,299.881,299.66799999999995,299.544,299.855,299.522,299.784,299.722,299.78,299.725,299.714,299.801,301.292,301.374,302.193,301.523,302.92999999999995,302.277,301.97799999999995,302.56199999999995,302.144,302.286,302.336,301.556,302.181,303.134,301.755,302.138,302.459,302.843,302.858,302.848,301.448,302.28,303.254,302.848,301.662,302.92,302.796,302.77,302.976,302.08,301.111,301.13,300.988,301.362,301.218,301.142,301.297,300.735,301.279,300.345,301.40099999999995,301.355,300.785,300.797,301.08,300.95,300.953,300.549,300.725,301.25199999999995,300.977,301.157,300.614,301.183,300.977,301.379,300.968,301.273,300.199,300.652,300.706,301.777,301.386,301.65,301.536,301.471,301.402,301.547,301.523,301.157,301.207,301.721,301.36499999999995,301.84,301.421,301.082,301.594,301.104,301.177,301.44,301.488,301.424,301.72799999999995,301.73999999999995,301.891,301.539,301.452,301.234,301.259,301.321,301.226,302.951,302.62699999999995,302.381,302.459,301.431,301.64,302.69,303.03099999999995,301.873,302.608,301.993,302.896,302.421,302.31,301.432,303.342,302.683,303.032,301.803,302.621,302.834,302.71599999999995,302.852,302.677,301.725,302.783,302.212,303.116,302.575,301.634,302.47,300.92499999999995,301.106,300.522,301.098,300.671,301.183,300.904,301.31,300.744,301.198,300.719,301.16,300.435,301.003,301.075,301.075,300.587,300.968,301.162,301.306,300.973,301.133,300.368,300.851,300.959,301.09,301.074,301.023,301.098,301.053,300.993,300.245,300.897,300.048,299.958,300.84,300.547,300.10299999999995,300.12699999999995,300.147,300.738,300.393,300.596,300.16799999999995,300.621,300.302,300.742,300.724,300.488,300.796,300.489,299.785,300.634,300.185,300.063,300.537,300.306,300.721,300.48999999999995,300.201,300.17999999999995,299.895,299.634,300.13899999999995,299.56699999999995,299.564,299.93699999999995,299.78799999999995,299.462,299.723,299.326,299.65099999999995,299.936,299.842,299.70399999999995,299.953,299.349,299.758,299.549,300.071,300.088,299.339,299.548,299.573,299.646,299.505,299.683,299.575,299.634,299.742,299.971,299.858,299.938,300.695,300.072,300.775,299.779,300.044,300.054,299.694,300.222,300.229,300.708,300.883,300.167,300.582,300.42499999999995,300.372,300.094,300.688,300.011,300.583,300.241,300.92,300.294,299.72799999999995,300.054,300.672,300.205,299.702,300.185,300.934,300.4
823.0,12.14000034332275,-68.29000091552734,301.147,301.06199999999995,301.45,301.2,301.657,301.751,301.508,302.072,300.697,301.678,301.778,302.144,301.423,300.797,301.35299999999995,301.652,301.11499999999995,301.56,301.648,301.822,301.647,301.81199999999995,301.858,301.371,302.221,302.089,301.195,300.894,301.82,300.652,301.922,300.233,300.21599999999995,300.82,300.434,300.308,300.392,300.447,300.05499999999995,300.799,300.629,300.094,300.058,300.701,300.047,300.224,299.956,300.316,300.62699999999995,300.371,300.587,300.017,300.697,300.416,300.358,300.191,300.56199999999995,300.761,300.601,300.159,299.868,300.207,299.495,300.01399999999995,299.445,299.374,299.827,300.159,299.443,299.949,299.314,299.545,300.13,299.304,300.042,299.811,299.29,299.766,300.036,299.608,300.044,299.998,299.90599999999995,300.04299999999995,300.084,300.215,299.813,299.447,299.87699999999995,299.28799999999995,299.491,299.842,299.766,299.583,299.84099999999995,299.845,299.679,299.63899999999995,299.70399999999995,299.625,299.572,299.839,299.779,299.838,299.896,299.897,299.673,299.537,299.876,299.53,299.771,299.705,299.767,299.72,299.706,299.791,301.29299999999995,301.378,302.201,301.508,302.917,302.269,301.987,302.54999999999995,302.165,302.30499999999995,302.321,301.554,302.17999999999995,303.121,301.756,302.128,302.44,302.843,302.834,302.843,301.447,302.269,303.254,302.848,301.619,302.916,302.798,302.774,302.969,302.036,301.106,301.182,301.012,301.368,301.235,301.12,301.29999999999995,300.737,301.295,300.333,301.407,301.361,300.843,300.798,301.063,300.97799999999995,300.91299999999995,300.546,300.726,301.283,300.943,301.117,300.62,301.191,300.984,301.373,300.988,301.311,300.21,300.66,300.708,301.777,301.355,301.623,301.518,301.429,301.376,301.52,301.47,301.135,301.174,301.679,301.366,301.804,301.388,301.07,301.572,301.093,301.161,301.416,301.436,301.414,301.705,301.708,301.87,301.529,301.408,301.253,301.284,301.299,301.23,302.94,302.628,302.383,302.464,301.426,301.652,302.689,303.0,301.957,302.622,302.005,302.899,302.395,302.335,301.428,303.332,302.66799999999995,303.013,301.813,302.61499999999995,302.837,302.719,302.875,302.676,301.731,302.785,302.19,303.102,302.533,301.647,302.414,300.926,301.138,300.464,301.112,300.676,301.215,300.9,301.308,300.734,301.18699999999995,300.709,301.184,300.441,300.996,300.982,301.094,300.602,301.008,301.128,301.315,300.946,301.13899999999995,300.359,300.848,300.936,301.084,301.087,301.041,301.096,301.069,300.994,300.279,300.896,300.037,299.957,300.837,300.554,300.101,300.125,300.145,300.707,300.36,300.56699999999995,300.165,300.617,300.302,300.742,300.67999999999995,300.48,300.801,300.47,299.787,300.609,300.181,300.073,300.522,300.302,300.725,300.476,300.17999999999995,300.184,299.862,299.666,300.15599999999995,299.56199999999995,299.557,299.92,299.732,299.474,299.678,299.31,299.665,299.90099999999995,299.808,299.702,299.936,299.35299999999995,299.736,299.552,300.046,300.087,299.327,299.554,299.605,299.621,299.493,299.667,299.547,299.636,299.729,299.96,299.823,299.921,300.701,300.054,300.785,299.769,300.054,300.064,299.696,300.218,300.202,300.721,300.883,300.145,300.59,300.427,300.372,300.096,300.69199999999995,299.98999999999995,300.582,300.251,300.929,300.301,299.73999999999995,300.04999999999995,300.66799999999995,300.19199999999995,299.715,300.166,300.929,300.374
824.0,12.14999961853027,-68.27999877929688,301.149,301.047,301.472,301.22799999999995,301.736,301.73999999999995,301.54299999999995,302.084,300.67,301.66,301.86,302.159,301.458,300.81199999999995,301.363,301.645,301.14,301.552,301.677,301.832,301.619,301.87699999999995,301.904,301.378,302.229,302.093,301.222,300.885,301.823,300.632,301.915,300.205,300.188,300.814,300.44199999999995,300.29299999999995,300.388,300.45399999999995,300.056,300.802,300.645,300.107,300.048,300.672,300.056,300.242,299.96,300.28799999999995,300.638,300.35299999999995,300.589,300.00199999999995,300.71599999999995,300.441,300.358,300.184,300.544,300.77,300.605,300.149,299.861,300.208,299.48999999999995,300.006,299.444,299.388,299.819,300.159,299.44,299.998,299.31699999999995,299.548,300.134,299.298,300.029,299.809,299.284,299.757,300.068,299.61,300.046,300.011,299.885,300.059,300.086,300.215,299.81199999999995,299.42999999999995,299.869,299.28099999999995,299.55499999999995,299.845,299.75,299.614,299.866,299.85299999999995,299.70399999999995,299.644,299.722,299.634,299.607,299.878,299.794,299.837,299.896,299.929,299.694,299.528,299.929,299.53799999999995,299.755,299.688,299.754,299.712,299.701,299.78,301.296,301.38899999999995,302.215,301.498,302.91299999999995,302.26399999999995,302.001,302.54,302.18699999999995,302.327,302.31,301.553,302.177,303.11,301.759,302.123,302.414,302.848,302.809,302.84099999999995,301.45,302.259,303.254,302.863,301.582,302.91299999999995,302.797,302.78,302.964,302.005,301.10299999999995,301.238,301.034,301.376,301.25199999999995,301.089,301.304,300.737,301.307,300.327,301.411,301.352,300.91299999999995,300.796,301.039,301.007,300.871,300.542,300.732,301.318,300.91299999999995,301.058,300.631,301.199,300.97799999999995,301.366,301.005,301.348,300.225,300.686,300.709,301.779,301.323,301.596,301.501,301.39,301.352,301.497,301.432,301.104,301.136,301.635,301.367,301.792,301.357,301.058,301.55499999999995,301.084,301.155,301.398,301.392,301.407,301.682,301.677,301.857,301.521,301.359,301.269,301.303,301.27599999999995,301.235,302.929,302.632,302.386,302.472,301.42999999999995,301.674,302.69,302.976,302.035,302.636,302.017,302.898,302.37,302.361,301.43699999999995,303.32899999999995,302.654,302.998,301.825,302.608,302.838,302.722,302.907,302.677,301.737,302.786,302.166,303.085,302.494,301.66299999999995,302.36499999999995,300.929,301.17,300.426,301.128,300.677,301.247,300.899,301.311,300.726,301.191,300.70399999999995,301.21,300.456,300.98999999999995,300.903,301.109,300.612,301.042,301.095,301.323,300.934,301.144,300.356,300.845,300.923,301.078,301.106,301.056,301.102,301.081,300.998,300.31199999999995,300.896,300.03,299.959,300.842,300.56,300.099,300.123,300.148,300.681,300.324,300.535,300.162,300.613,300.301,300.741,300.645,300.473,300.808,300.448,299.795,300.574,300.176,300.082,300.505,300.297,300.744,300.46,300.162,300.18699999999995,299.827,299.696,300.173,299.571,299.574,299.902,299.688,299.487,299.646,299.295,299.679,299.868,299.773,299.705,299.941,299.356,299.714,299.566,300.021,300.093,299.314,299.56,299.64,299.594,299.481,299.65,299.516,299.64,299.715,299.952,299.789,299.908,300.709,300.035,300.79,299.761,300.064,300.071,299.697,300.209,300.185,300.738,300.884,300.12699999999995,300.602,300.42999999999995,300.368,300.102,300.698,299.983,300.584,300.26399999999995,300.939,300.308,299.758,300.06,300.676,300.18699999999995,299.729,300.144,300.92499999999995,300.35299999999995
874.0,12.14999961853027,-68.30999755859375,301.109,301.041,301.433,301.129,301.56199999999995,301.804,301.40599999999995,302.056,300.724,301.727,301.648,302.105,301.37,300.763,301.343,301.69,301.106,301.563,301.552,301.778,301.698,301.673,301.785,301.375,302.186,302.084,301.126,300.88899999999995,301.804,300.68699999999995,301.95,300.36,300.23,300.833,300.423,300.32899999999995,300.40099999999995,300.44199999999995,300.06,300.791,300.605,300.099,300.082,300.792,300.06199999999995,300.218,299.947,300.306,300.598,300.433,300.586,300.054,300.669,300.364,300.362,300.202,300.652,300.729,300.597,300.186,299.892,300.211,299.468,300.015,299.424,299.311,299.846,300.162,299.416,299.799,299.338,299.518,300.121,299.342,300.049,299.813,299.301,299.785,299.932,299.598,300.039,299.987,299.922,300.04299999999995,300.09,300.215,299.816,299.488,299.88,299.278,299.436,299.831,299.775,299.58,299.783,299.874,299.662,299.67,299.677,299.617,299.492,299.816,299.733,299.876,299.87699999999995,299.876,299.676,299.529,299.886,299.494,299.804,299.731,299.792,299.72799999999995,299.693,299.818,301.289,301.381,302.201,301.558,302.97,302.298,301.924,302.574,302.119,302.262,302.369,301.55499999999995,302.191,303.178,301.733,302.15099999999995,302.476,302.835,302.869,302.845,301.462,302.286,303.311,302.897,301.705,302.919,302.884,302.783,302.986,302.106,301.135,301.06,300.924,301.346,301.201,301.149,301.258,300.725,301.25199999999995,300.367,301.375,301.326,300.698,300.758,301.1,300.944,300.998,300.556,300.737,301.179,300.981,301.152,300.63,301.177,300.938,301.363,300.947,301.231,300.222,300.689,300.686,301.774,301.394,301.67499999999995,301.53799999999995,301.488,301.417,301.607,301.595,301.16799999999995,301.198,301.737,301.38899999999995,301.933,301.446,301.093,301.642,301.108,301.191,301.492,301.53799999999995,301.488,301.73,301.746,301.919,301.545,301.491,301.219,301.235,301.34,301.205,302.95399999999995,302.631,302.36499999999995,302.446,301.444,301.647,302.708,303.07,301.733,302.594,301.969,302.874,302.441,302.278,301.449,303.265,302.689,302.995,301.789,302.623,302.823,302.71,302.758,302.67,301.711,302.78099999999995,302.227,303.1,302.6,301.606,302.501,300.904,301.07899999999995,300.644,301.083,300.628,301.144,300.91799999999995,301.316,300.755,301.225,300.713,301.142,300.449,301.00199999999995,301.20399999999995,301.049,300.564,300.926,301.207,301.285,301.042,301.132,300.409,300.851,301.019,301.099,301.074,300.991,301.107,301.051,300.974,300.236,300.907,300.036,299.977,300.851,300.544,300.106,300.131,300.106,300.782,300.399,300.655,300.17,300.646,300.306,300.75,300.783,300.499,300.79999999999995,300.495,299.736,300.67999999999995,300.186,300.046,300.54,300.31199999999995,300.715,300.519,300.208,300.173,299.881,299.609,300.099,299.576,299.569,299.945,299.789,299.469,299.742,299.334,299.649,299.962,299.864,299.761,300.005,299.333,299.783,299.559,300.088,300.054,299.357,299.507,299.516,299.711,299.523,299.703,299.62699999999995,299.636,299.72799999999995,299.987,299.883,299.974,300.71,300.022,300.78,299.81199999999995,300.046,300.065,299.706,300.185,300.311,300.742,300.893,300.229,300.569,300.44,300.376,300.064,300.709,300.109,300.599,300.238,300.915,300.274,299.763,300.141,300.71,300.244,299.718,300.224,300.94199999999995,300.45399999999995
875.0,12.15999984741211,-68.30000305175781,301.125,301.045,301.45,301.15099999999995,301.596,301.78099999999995,301.47,302.061,300.727,301.701,301.688,302.122,301.409,300.77599999999995,301.352,301.67499999999995,301.119,301.556,301.576,301.807,301.666,301.72,301.813,301.37,302.202,302.087,301.15,300.884,301.808,300.678,301.941,300.332,300.208,300.827,300.431,300.319,300.398,300.455,300.06,300.79299999999995,300.624,300.11499999999995,300.07,300.757,300.061,300.229,299.952,300.291,300.621,300.412,300.589,300.034,300.66,300.394,300.362,300.194,300.622,300.727,300.602,300.17499999999995,299.882,300.212,299.469,300.011,299.42,299.334,299.836,300.16299999999995,299.41799999999995,299.87699999999995,299.338,299.524,300.126,299.322,300.04,299.814,299.29299999999995,299.779,299.981,299.604,300.04299999999995,299.999,299.90599999999995,300.053,300.09099999999995,300.215,299.81199999999995,299.471,299.876,299.28099999999995,299.459,299.82899999999995,299.767,299.589,299.79299999999995,299.866,299.67,299.669,299.7,299.617,299.515,299.81199999999995,299.753,299.856,299.873,299.879,299.679,299.527,299.883,299.505,299.791,299.713,299.778,299.725,299.684,299.803,301.29,301.37699999999995,302.21,301.547,302.949,302.28799999999995,301.936,302.559,302.13899999999995,302.278,302.35,301.552,302.194,303.164,301.727,302.141,302.463,302.83,302.839,302.831,301.453,302.27599999999995,303.307,302.885,301.66299999999995,302.915,302.88899999999995,302.782,302.968,302.071,301.128,301.126,300.964,301.35299999999995,301.218,301.135,301.268,300.72,301.272,300.358,301.385,301.35,300.777,300.771,301.09,300.969,300.962,300.554,300.734,301.223,300.951,301.135,300.63,301.186,300.96,301.363,300.971,301.268,300.229,300.678,300.683,301.774,301.375,301.65099999999995,301.532,301.459,301.396,301.576,301.541,301.158,301.173,301.702,301.39,301.881,301.422,301.081,301.619,301.095,301.17499999999995,301.463,301.482,301.465,301.712,301.72,301.896,301.533,301.452,301.238,301.261,301.319,301.207,302.948,302.63,302.366,302.447,301.429,301.648,302.703,303.035,301.814,302.609,301.981,302.882,302.417,302.302,301.426,303.251,302.676,302.976,301.796,302.618,302.827,302.712,302.775,302.669,301.717,302.785,302.205,303.096,302.564,301.621,302.458,300.903,301.107,300.582,301.095,300.645,301.173,300.90099999999995,301.314,300.742,301.20399999999995,300.703,301.161,300.447,300.995,301.112,301.069,300.577,300.967,301.171,301.294,301.008,301.133,300.395,300.848,300.991,301.093,301.08,301.015,301.105,301.058,300.974,300.266,300.904,300.017,299.972,300.833,300.55499999999995,300.10299999999995,300.128,300.097,300.745,300.369,300.631,300.167,300.642,300.308,300.747,300.72799999999995,300.491,300.804,300.476,299.732,300.66799999999995,300.182,300.057,300.524,300.31,300.691,300.50199999999995,300.186,300.17999999999995,299.861,299.64,300.129,299.572,299.561,299.928,299.75,299.473,299.70399999999995,299.318,299.66,299.926,299.834,299.747,299.959,299.335,299.762,299.54999999999995,300.064,300.06199999999995,299.344,299.515,299.548,299.686,299.512,299.68699999999995,299.602,299.63899999999995,299.718,299.969,299.852,299.956,300.712,300.03,300.786,299.80499999999995,300.056,300.076,299.707,300.198,300.284,300.737,300.892,300.201,300.574,300.44199999999995,300.391,300.069,300.706,300.074,300.586,300.248,300.916,300.28099999999995,299.768,300.124,300.686,300.226,299.734,300.208,300.92999999999995,300.434
876.0,12.17000007629395,-68.29000091552734,301.137,301.039,301.468,301.179,301.65599999999995,301.765,301.517,302.072,300.721,301.678,301.75,302.138,301.441,300.789,301.361,301.665,301.143,301.545,301.605,301.824,301.636,301.777,301.856,301.369,302.214,302.09099999999995,301.178,300.87699999999995,301.811,300.667,301.934,300.297,300.183,300.821,300.438,300.306,300.395,300.462,300.06,300.796,300.641,300.131,300.058,300.721,300.064,300.242,299.956,300.267,300.638,300.391,300.592,300.016,300.665,300.422,300.362,300.186,300.594,300.732,300.606,300.162,299.873,300.213,299.467,300.005,299.419,299.35299999999995,299.827,300.164,299.417,299.94,299.34099999999995,299.529,300.13,299.309,300.029,299.813,299.28799999999995,299.771,300.021,299.607,300.046,300.009,299.888,300.061,300.09099999999995,300.21599999999995,299.81,299.452,299.87,299.28,299.50199999999995,299.832,299.755,299.608,299.814,299.866,299.686,299.67,299.719,299.619,299.547,299.828,299.77,299.847,299.874,299.894,299.689,299.522,299.902,299.517,299.777,299.697,299.76399999999995,299.718,299.67999999999995,299.794,301.291,301.378,302.223,301.54,302.933,302.278,301.959,302.547,302.16,302.299,302.334,301.551,302.194,303.148,301.73,302.134,302.439,302.831,302.813,302.824,301.447,302.265,303.301,302.881,301.625,302.911,302.883,302.786,302.957,302.04299999999995,301.123,301.191,300.999,301.362,301.236,301.114,301.279,300.71599999999995,301.29,300.35,301.393,301.355,300.861,300.778,301.073,300.996,300.921,300.551,300.735,301.267,300.92,301.099,300.635,301.194,300.96599999999995,301.362,300.993,301.306,300.23999999999995,300.682,300.682,301.775,301.351,301.623,301.521,301.428,301.375,301.546,301.498,301.132,301.142,301.662,301.391,301.84099999999995,301.395,301.07,301.599,301.085,301.16799999999995,301.43699999999995,301.431,301.445,301.694,301.693,301.875,301.522,301.405,301.256,301.284,301.299,301.212,302.941,302.632,302.369,302.455,301.424,301.661,302.699,303.007,301.895,302.622,301.993,302.885,302.392,302.327,301.423,303.25199999999995,302.662,302.96,301.80499999999995,302.611,302.83,302.715,302.815,302.669,301.723,302.78799999999995,302.182,303.089,302.527,301.638,302.412,300.905,301.136,300.527,301.111,300.657,301.203,300.895,301.315,300.733,301.198,300.698,301.183,300.45399999999995,300.988,301.017,301.087,300.59099999999995,301.00199999999995,301.133,301.303,300.985,301.136,300.386,300.844,300.971,301.087,301.095,301.034,301.109,301.068,300.977,300.295,300.902,300.003,299.971,300.82899999999995,300.565,300.101,300.125,300.095,300.71,300.336,300.599,300.16299999999995,300.638,300.308,300.743,300.678,300.484,300.809,300.455,299.733,300.641,300.178,300.06699999999995,300.507,300.307,300.698,300.484,300.169,300.184,299.836,299.673,300.15,299.57899999999995,299.574,299.911,299.71,299.48,299.67,299.303,299.672,299.891,299.803,299.741,299.94,299.338,299.73999999999995,299.556,300.039,300.07,299.331,299.524,299.585,299.658,299.5,299.67,299.573,299.642,299.708,299.955,299.819,299.94,300.717,300.032,300.79299999999995,299.792,300.066,300.083,299.708,300.202,300.257,300.744,300.892,300.173,300.582,300.445,300.396,300.07899999999995,300.707,300.052,300.57899999999995,300.259,300.92,300.289,299.778,300.116,300.674,300.215,299.743,300.186,300.92,300.41
1671.0,12.11999988555908,-68.29000091552734,301.23,300.938,301.477,301.572,302.052,301.797,301.576,302.066,300.995,301.231,301.68699999999995,302.078,301.59099999999995,300.665,301.394,301.323,301.511,301.336,301.598,301.631,301.27599999999995,301.7,302.25,301.178,302.076,302.199,301.628,300.928,301.715,300.755,302.001,300.669,300.046,300.827,300.48999999999995,300.559,300.42999999999995,300.433,300.185,300.785,300.822,300.611,300.104,300.763,300.473,300.101,300.154,300.117,300.844,300.493,300.667,300.029,300.586,300.534,300.391,300.162,300.493,300.645,300.714,300.587,300.096,300.319,299.218,299.961,299.826,299.652,299.859,300.138,299.208,299.923,299.715,299.416,300.14,299.813,299.917,299.914,299.225,299.827,299.891,299.719,300.044,299.875,299.762,299.898,300.069,300.13899999999995,299.818,299.485,299.837,299.506,299.737,299.78099999999995,299.68699999999995,299.758,299.84099999999995,300.007,299.633,299.61,299.606,299.612,299.633,299.949,299.484,300.018,299.797,299.749,299.731,299.607,299.923,299.53099999999995,299.77599999999995,299.618,299.693,299.688,299.616,299.782,301.25199999999995,301.297,302.169,301.711,302.84099999999995,302.166,302.04999999999995,302.313,302.186,302.339,302.206,301.505,302.212,302.885,301.838,302.2,302.073,302.709,302.869,302.69199999999995,301.345,302.208,302.703,302.766,301.634,302.856,302.50199999999995,303.001,302.897,302.094,301.097,301.164,301.217,301.27599999999995,301.133,301.06,301.17999999999995,300.741,301.15599999999995,300.063,301.326,300.894,300.84,301.025,301.001,301.169,300.682,300.725,300.429,301.157,300.243,300.71,300.227,301.189,300.422,301.111,301.16299999999995,301.235,300.33,300.814,300.654,301.757,301.371,301.382,301.554,301.35299999999995,301.346,301.52,301.633,301.053,300.945,301.40599999999995,301.634,301.894,301.354,301.304,301.748,301.296,301.325,301.29299999999995,301.458,301.277,301.722,301.637,301.883,301.462,301.495,301.438,301.419,301.398,301.15099999999995,302.748,302.76399999999995,302.361,302.553,301.508,301.873,302.79,302.881,302.058,302.54999999999995,301.91299999999995,302.364,302.244,302.205,301.55499999999995,302.681,302.519,302.409,301.804,302.501,302.87699999999995,302.594,302.864,302.535,301.643,302.867,302.01399999999995,302.78099999999995,302.315,301.832,302.248,300.59,301.23,300.686,301.166,300.593,301.23,300.92,301.402,300.662,301.391,300.617,301.237,300.551,300.999,300.785,301.06,300.515,300.77599999999995,300.883,301.22,301.289,301.263,300.608,300.809,301.172,301.197,301.172,300.872,301.343,301.09,300.636,300.42,300.792,300.042,300.274,300.745,300.78,300.11,300.155,300.0,300.64,300.46599999999995,300.81199999999995,300.154,300.859,300.189,300.618,300.662,300.544,300.712,300.483,299.756,300.772,300.104,300.057,300.48999999999995,300.195,300.674,300.573,300.29299999999995,300.12,299.697,299.893,299.463,299.572,299.587,299.688,299.386,299.467,299.35,299.165,299.739,299.52,299.599,300.028,299.536,299.198,299.732,299.617,299.78799999999995,299.405,299.345,299.435,299.408,300.037,299.617,299.644,299.811,299.572,299.645,299.479,299.66799999999995,300.059,300.736,299.962,300.819,299.815,300.153,300.295,299.823,300.042,300.249,300.861,300.885,300.325,300.50199999999995,300.62699999999995,300.569,300.019,300.717,300.321,300.471,300.22,300.721,300.001,299.969,300.253,300.473,300.417,299.801,300.382,300.79299999999995,300.336
1672.0,12.13000011444092,-68.27999877929688,301.244,300.963,301.491,301.611,302.075,301.802,301.585,302.075,301.013,301.174,301.711,302.088,301.606,300.688,301.4,301.28799999999995,301.545,301.328,301.617,301.654,301.25199999999995,301.72,302.27,301.174,302.075,302.202,301.674,300.952,301.727,300.775,302.00199999999995,300.67,300.034,300.81199999999995,300.497,300.61,300.42999999999995,300.433,300.182,300.789,300.834,300.611,300.087,300.75199999999995,300.479,300.092,300.155,300.107,300.851,300.523,300.672,300.015,300.598,300.527,300.387,300.15099999999995,300.48999999999995,300.655,300.72,300.629,300.084,300.32,299.217,299.958,299.857,299.643,299.852,300.133,299.20399999999995,299.931,299.774,299.421,300.144,299.851,299.907,299.911,299.238,299.822,299.895,299.724,300.04299999999995,299.861,299.747,299.878,300.064,300.143,299.809,299.459,299.834,299.484,299.737,299.782,299.677,299.796,299.821,300.018,299.626,299.589,299.63,299.632,299.653,299.92999999999995,299.533,300.013,299.796,299.77599999999995,299.769,299.62699999999995,299.938,299.54299999999995,299.79,299.597,299.683,299.678,299.6,299.79,301.266,301.314,302.17499999999995,301.744,302.846,302.161,302.064,302.308,302.206,302.363,302.193,301.511,302.212,302.887,301.866,302.205,302.076,302.695,302.855,302.67,301.355,302.205,302.69,302.717,301.694,302.858,302.511,303.017,302.878,302.095,301.088,301.189,301.23999999999995,301.27599999999995,301.126,301.04,301.184,300.75,301.146,300.063,301.33,300.88,300.916,301.053,300.973,301.177,300.672,300.745,300.441,301.193,300.23,300.697,300.246,301.205,300.427,301.116,301.18699999999995,301.236,300.331,300.821,300.662,301.747,301.348,301.359,301.545,301.343,301.339,301.515,301.642,301.084,300.967,301.39,301.63899999999995,301.888,301.337,301.304,301.751,301.29,301.339,301.287,301.495,301.27599999999995,301.72,301.636,301.884,301.465,301.492,301.443,301.427,301.383,301.174,302.746,302.777,302.378,302.569,301.487,301.864,302.792,302.866,302.059,302.57,301.91,302.38,302.23999999999995,302.232,301.53099999999995,302.65099999999995,302.52,302.392,301.784,302.507,302.882,302.595,302.88,302.524,301.642,302.873,301.988,302.785,302.269,301.859,302.212,300.576,301.234,300.652,301.17499999999995,300.598,301.235,300.958,301.423,300.67499999999995,301.412,300.62,301.25,300.56699999999995,301.003,300.763,301.058,300.53099999999995,300.80499999999995,300.868,301.224,301.285,301.268,300.595,300.833,301.16799999999995,301.201,301.191,300.898,301.34099999999995,301.09099999999995,300.617,300.429,300.784,300.024,300.289,300.732,300.78099999999995,300.101,300.149,300.003,300.634,300.48,300.81199999999995,300.144,300.859,300.213,300.635,300.655,300.537,300.72,300.495,299.754,300.774,300.1,300.06699999999995,300.489,300.213,300.655,300.546,300.298,300.13899999999995,299.697,299.897,299.496,299.569,299.583,299.67,299.374,299.46,299.321,299.147,299.735,299.495,299.578,300.036,299.568,299.17999999999995,299.708,299.62,299.772,299.44199999999995,299.326,299.456,299.441,300.035,299.597,299.63,299.799,299.574,299.647,299.512,299.647,300.05499999999995,300.736,299.974,300.808,299.823,300.15099999999995,300.297,299.823,300.051,300.236,300.856,300.884,300.33,300.5,300.635,300.566,300.032,300.713,300.333,300.479,300.227,300.719,299.993,299.991,300.255,300.46599999999995,300.417,299.809,300.375,300.787,300.321
1722.0,12.13000011444092,-68.30999755859375,301.242,300.977,301.447,301.56199999999995,302.047,301.797,301.586,302.04999999999995,300.948,301.326,301.694,302.081,301.569,300.602,301.385,301.382,301.485,301.366,301.609,301.622,301.309,301.707,302.243,301.189,302.116,302.206,301.604,300.921,301.712,300.697,301.992,300.67499999999995,300.077,300.855,300.47799999999995,300.497,300.432,300.428,300.20399999999995,300.778,300.809,300.65599999999995,300.149,300.79,300.499,300.121,300.174,300.144,300.839,300.447,300.661,300.06699999999995,300.564,300.53799999999995,300.399,300.185,300.50199999999995,300.625,300.71,300.54999999999995,300.147,300.325,299.217,299.96599999999995,299.826,299.705,299.881,300.12699999999995,299.215,299.876,299.61499999999995,299.397,300.132,299.809,299.935,299.927,299.19,299.836,299.86,299.721,300.035,299.898,299.786,299.931,300.077,300.117,299.843,299.534,299.846,299.565,299.748,299.789,299.698,299.715,299.9,299.994,299.64,299.634,299.55499999999995,299.589,299.607,299.984,299.40599999999995,300.045,299.808,299.709,299.68699999999995,299.587,299.897,299.506,299.76,299.652,299.703,299.7,299.653,299.771,301.225,301.258,302.145,301.638,302.831,302.165,302.03,302.311,302.15,302.287,302.225,301.493,302.209,302.847,301.825,302.206,302.051,302.733,302.895,302.726,301.322,302.213,302.67,302.84099999999995,301.551,302.856,302.458,302.983,302.922,302.113,301.1,301.128,301.186,301.277,301.142,301.061,301.186,300.727,301.157,300.04,301.314,300.87,300.748,300.948,301.011,301.15599999999995,300.652,300.7,300.375,301.129,300.233,300.708,300.13899999999995,301.158,300.345,301.065,301.125,301.227,300.32,300.796,300.649,301.773,301.424,301.42,301.569,301.349,301.348,301.503,301.61,300.989,300.919,301.432,301.634,301.902,301.379,301.326,301.739,301.334,301.306,301.289,301.38899999999995,301.265,301.725,301.64,301.892,301.451,301.47799999999995,301.433,301.404,301.44199999999995,301.113,302.733,302.741,302.343,302.534,301.563,301.902,302.777,302.886,302.07,302.504,301.923,302.289,302.234,302.146,301.614,302.713,302.523,302.419,301.857,302.493,302.875,302.586,302.83,302.542,301.641,302.86,302.04,302.753,302.386,301.803,302.301,300.624,301.232,300.75,301.166,300.57899999999995,301.227,300.834,301.36499999999995,300.63899999999995,301.364,300.609,301.227,300.551,301.004,300.82,301.058,300.488,300.72,300.907,301.211,301.311,301.267,300.673,300.77599999999995,301.182,301.198,301.164,300.835,301.371,301.087,300.664,300.403,300.79,300.136,300.263,300.744,300.78799999999995,300.13,300.172,300.051,300.65599999999995,300.42499999999995,300.834,300.176,300.873,300.123,300.606,300.68699999999995,300.56199999999995,300.705,300.46,299.816,300.798,300.106,300.039,300.493,300.145,300.66799999999995,300.62699999999995,300.302,300.075,299.69,299.876,299.383,299.569,299.59,299.705,299.408,299.465,299.392,299.195,299.741,299.546,299.622,300.03,299.443,299.223,299.78099999999995,299.605,299.79999999999995,299.344,299.381,299.412,299.34099999999995,300.052,299.66799999999995,299.66,299.842,299.546,299.652,299.362,299.697,300.074,300.72799999999995,299.926,300.875,299.818,300.159,300.292,299.827,300.025,300.282,300.886,300.894,300.326,300.51,300.606,300.556,299.996,300.718,300.29299999999995,300.458,300.201,300.71599999999995,300.01,299.947,300.257,300.493,300.416,299.802,300.41,300.802,300.371
1723.0,12.14000034332275,-68.30000305175781,301.261,301.003,301.455,301.60299999999995,302.066,301.79999999999995,301.584,302.061,300.96,301.27599999999995,301.731,302.086,301.576,300.62699999999995,301.38899999999995,301.339,301.519,301.358,301.631,301.626,301.285,301.739,302.248,301.186,302.107,302.207,301.665,300.945,301.721,300.719,301.998,300.679,300.065,300.839,300.485,300.563,300.431,300.42499999999995,300.2,300.78099999999995,300.82,300.646,300.132,300.774,300.505,300.111,300.17499999999995,300.136,300.845,300.473,300.665,300.05499999999995,300.569,300.53099999999995,300.393,300.173,300.492,300.631,300.714,300.606,300.138,300.327,299.21599999999995,299.968,299.846,299.696,299.875,300.123,299.211,299.887,299.674,299.398,300.137,299.831,299.932,299.924,299.198,299.834,299.866,299.727,300.035,299.88899999999995,299.772,299.921,300.073,300.121,299.837,299.511,299.849,299.545,299.741,299.783,299.67999999999995,299.745,299.879,300.00199999999995,299.633,299.61499999999995,299.564,299.60299999999995,299.623,299.96599999999995,299.433,300.039,299.79299999999995,299.724,299.717,299.611,299.909,299.52,299.785,299.633,299.698,299.693,299.637,299.798,301.241,301.277,302.144,301.65599999999995,302.825,302.15099999999995,302.039,302.31,302.171,302.308,302.194,301.499,302.209,302.845,301.851,302.205,302.042,302.71599999999995,302.878,302.707,301.334,302.22,302.66299999999995,302.801,301.592,302.85299999999995,302.469,302.977,302.908,302.104,301.09,301.142,301.215,301.274,301.117,301.05499999999995,301.188,300.745,301.126,300.035,301.313,300.861,300.79,300.994,300.983,301.16299999999995,300.671,300.734,300.383,301.154,300.217,300.696,300.154,301.171,300.354,301.07899999999995,301.149,301.223,300.319,300.802,300.664,301.769,301.404,301.383,301.57,301.35,301.348,301.508,301.626,301.021,300.943,301.405,301.641,301.902,301.361,301.324,301.744,301.327,301.318,301.28,301.44199999999995,301.258,301.732,301.64,301.894,301.458,301.47799999999995,301.438,301.411,301.428,301.134,302.729,302.755,302.359,302.54999999999995,301.529,301.886,302.783,302.85299999999995,302.066,302.523,301.92,302.302,302.236,302.174,301.572,302.676,302.504,302.399,301.833,302.485,302.88,302.582,302.84,302.532,301.641,302.866,302.024,302.754,302.347,301.834,302.268,300.60299999999995,301.245,300.711,301.172,300.583,301.243,300.88,301.385,300.65099999999995,301.381,300.609,301.242,300.563,301.006,300.792,301.051,300.503,300.742,300.89,301.218,301.314,301.275,300.647,300.798,301.182,301.203,301.179,300.858,301.373,301.085,300.641,300.409,300.782,300.104,300.27599999999995,300.735,300.787,300.122,300.166,300.04299999999995,300.649,300.445,300.832,300.166,300.873,300.146,300.614,300.67999999999995,300.55499999999995,300.703,300.471,299.806,300.795,300.10299999999995,300.04999999999995,300.493,300.162,300.655,300.599,300.309,300.093,299.678,299.88899999999995,299.398,299.564,299.58,299.686,299.379,299.463,299.357,299.179,299.73999999999995,299.512,299.604,300.028,299.45399999999995,299.212,299.76,299.602,299.782,299.337,299.364,299.433,299.369,300.049,299.647,299.645,299.832,299.547,299.653,299.393,299.682,300.071,300.725,299.95,300.846,299.839,300.154,300.294,299.837,300.035,300.258,300.873,300.888,300.333,300.512,300.614,300.56199999999995,300.011,300.713,300.309,300.473,300.208,300.707,299.986,299.968,300.271,300.484,300.415,299.831,300.399,300.791,300.35
1724.0,12.14999961853027,-68.29000091552734,301.27,301.02599999999995,301.468,301.645,302.085,301.804,301.583,302.071,300.976,301.218,301.759,302.093,301.588,300.654,301.394,301.296,301.556,301.347,301.649,301.638,301.259,301.763,302.258,301.181,302.097,302.209,301.724,300.972,301.73,300.741,302.00199999999995,300.682,300.05499999999995,300.823,300.492,300.625,300.42999999999995,300.428,300.197,300.784,300.831,300.63899999999995,300.11499999999995,300.761,300.512,300.101,300.177,300.129,300.851,300.501,300.671,300.04299999999995,300.582,300.532,300.38899999999995,300.161,300.481,300.641,300.72,300.658,300.128,300.328,299.215,299.968,299.872,299.686,299.869,300.12,299.207,299.896,299.735,299.402,300.141,299.861,299.926,299.921,299.209,299.83,299.871,299.733,300.035,299.876,299.758,299.90099999999995,300.069,300.126,299.82899999999995,299.486,299.849,299.524,299.738,299.779,299.66299999999995,299.777,299.855,300.01,299.628,299.595,299.58,299.621,299.641,299.947,299.473,300.034,299.786,299.745,299.749,299.633,299.923,299.534,299.804,299.612,299.69199999999995,299.685,299.622,299.81699999999995,301.255,301.297,302.144,301.682,302.828,302.138,302.051,302.306,302.19199999999995,302.333,302.16299999999995,301.505,302.208,302.846,301.878,302.206,302.03799999999995,302.7,302.863,302.684,301.345,302.22,302.65099999999995,302.765,301.648,302.85299999999995,302.476,302.984,302.897,302.095,301.081,301.158,301.238,301.272,301.106,301.04,301.189,300.761,301.111,300.03099999999995,301.314,300.851,300.848,301.03799999999995,300.951,301.169,300.683,300.76,300.396,301.185,300.201,300.68699999999995,300.179,301.184,300.366,301.087,301.172,301.22,300.319,300.81199999999995,300.677,301.763,301.382,301.35,301.569,301.345,301.346,301.51,301.642,301.058,300.967,301.382,301.647,301.904,301.345,301.323,301.749,301.32,301.32899999999995,301.27599999999995,301.493,301.255,301.738,301.641,301.898,301.464,301.47799999999995,301.44199999999995,301.41799999999995,301.41299999999995,301.158,302.726,302.773,302.376,302.568,301.501,301.873,302.791,302.826,302.065,302.542,301.916,302.316,302.236,302.202,301.533,302.642,302.491,302.38,301.81,302.482,302.884,302.57899999999995,302.854,302.521,301.641,302.873,302.004,302.757,302.307,301.864,302.237,300.587,301.254,300.671,301.177,300.588,301.254,300.928,301.40599999999995,300.665,301.4,300.61,301.255,300.576,301.01,300.766,301.046,300.521,300.773,300.874,301.223,301.313,301.28099999999995,300.62699999999995,300.821,301.181,301.208,301.193,300.885,301.371,301.084,300.622,300.416,300.774,300.078,300.292,300.724,300.786,300.113,300.159,300.04,300.644,300.46599999999995,300.82899999999995,300.15599999999995,300.872,300.171,300.626,300.673,300.547,300.705,300.484,299.79999999999995,300.789,300.1,300.06,300.492,300.17999999999995,300.641,300.572,300.316,300.112,299.67,299.9,299.419,299.559,299.572,299.667,299.355,299.46,299.319,299.161,299.739,299.482,299.585,300.03,299.47799999999995,299.199,299.736,299.602,299.766,299.349,299.347,299.453,299.399,300.046,299.625,299.631,299.821,299.552,299.655,299.432,299.66299999999995,300.06699999999995,300.724,299.97799999999995,300.81699999999995,299.856,300.15,300.295,299.843,300.047,300.237,300.859,300.882,300.336,300.512,300.625,300.568,300.029,300.709,300.32899999999995,300.485,300.215,300.703,299.96599999999995,299.988,300.279,300.476,300.421,299.854,300.386,300.783,300.33
1725.0,12.15999984741211,-68.27999877929688,301.27599999999995,301.041,301.485,301.684,302.106,301.81,301.586,302.08,300.997,301.158,301.774,302.101,301.605,300.67999999999995,301.4,301.259,301.593,301.334,301.664,301.66,301.235,301.775,302.27599999999995,301.17499999999995,302.094,302.211,301.772,300.998,301.741,300.76399999999995,302.004,300.683,300.044,300.809,300.499,300.681,300.429,300.42999999999995,300.194,300.78799999999995,300.842,300.634,300.098,300.751,300.518,300.09099999999995,300.178,300.124,300.859,300.53099999999995,300.676,300.029,300.596,300.532,300.385,300.15,300.473,300.653,300.725,300.705,300.116,300.32899999999995,299.214,299.96599999999995,299.904,299.677,299.862,300.118,299.203,299.904,299.796,299.408,300.145,299.90099999999995,299.917,299.92,299.224,299.826,299.875,299.739,300.036,299.863,299.744,299.882,300.065,300.131,299.821,299.461,299.847,299.50199999999995,299.741,299.778,299.65099999999995,299.811,299.832,300.019,299.625,299.576,299.606,299.63899999999995,299.659,299.928,299.524,300.029,299.786,299.771,299.782,299.653,299.93699999999995,299.547,299.816,299.59,299.683,299.676,299.606,299.824,301.269,301.314,302.147,301.717,302.837,302.132,302.068,302.29999999999995,302.213,302.359,302.145,301.512,302.206,302.851,301.90599999999995,302.209,302.039,302.686,302.851,302.661,301.357,302.218,302.636,302.71599999999995,301.714,302.856,302.481,303.004,302.883,302.095,301.072,301.176,301.257,301.271,301.10299999999995,301.02,301.188,300.775,301.104,300.03,301.316,300.84099999999995,300.922,301.075,300.91799999999995,301.17499999999995,300.678,300.779,300.412,301.218,300.18699999999995,300.677,300.208,301.199,300.379,301.088,301.195,301.219,300.32,300.823,300.68699999999995,301.753,301.358,301.324,301.56,301.337,301.34,301.508,301.655,301.095,300.989,301.363,301.652,301.904,301.33,301.323,301.754,301.314,301.342,301.274,301.53799999999995,301.256,301.73999999999995,301.642,301.90099999999995,301.468,301.479,301.446,301.426,301.397,301.183,302.724,302.79,302.395,302.587,301.481,301.86499999999995,302.798,302.811,302.068,302.563,301.911,302.332,302.234,302.23,301.507,302.61,302.488,302.362,301.78799999999995,302.486,302.88899999999995,302.57899999999995,302.871,302.509,301.63899999999995,302.88,301.981,302.761,302.26399999999995,301.893,302.207,300.577,301.258,300.635,301.183,300.592,301.258,300.974,301.427,300.67999999999995,301.421,300.613,301.267,300.59,301.016,300.744,301.042,300.54,300.808,300.86,301.226,301.31,301.285,300.612,300.846,301.178,301.213,301.207,300.91299999999995,301.364,301.084,300.605,300.42499999999995,300.765,300.057,300.309,300.712,300.787,300.104,300.153,300.04,300.638,300.485,300.826,300.146,300.871,300.197,300.641,300.664,300.537,300.71,300.498,299.798,300.784,300.097,300.07,300.491,300.199,300.625,300.545,300.322,300.132,299.671,299.909,299.451,299.556,299.565,299.649,299.344,299.455,299.289,299.144,299.736,299.459,299.564,300.037,299.515,299.182,299.71,299.60299999999995,299.75,299.385,299.328,299.473,299.431,300.045,299.60299999999995,299.618,299.811,299.556,299.65599999999995,299.475,299.642,300.064,300.724,299.999,300.796,299.86499999999995,300.147,300.298,299.843,300.059,300.22,300.85,300.878,300.338,300.509,300.636,300.57,300.046,300.705,300.344,300.493,300.221,300.703,299.951,300.007,300.279,300.468,300.42499999999995,299.862,300.379,300.779,300.31199999999995
1775.0,12.15999984741211,-68.30999755859375,301.283,301.064,301.433,301.63,302.082,301.808,301.61,302.057,300.926,301.32899999999995,301.769,302.099,301.563,300.581,301.385,301.374,301.511,301.392,301.671,301.645,301.298,301.77599999999995,302.253,301.2,302.145,302.21599999999995,301.677,300.958,301.732,300.67,301.992,300.695,300.08,300.851,300.48,300.54999999999995,300.432,300.42,300.21599999999995,300.77599999999995,300.81699999999995,300.699,300.162,300.789,300.537,300.123,300.198,300.144,300.846,300.458,300.66299999999995,300.081,300.551,300.522,300.398,300.186,300.505,300.616,300.715,300.609,300.181,300.334,299.21599999999995,299.972,299.859,299.737,299.88899999999995,300.102,299.218,299.849,299.626,299.37699999999995,300.133,299.84099999999995,299.943,299.932,299.17,299.839,299.84099999999995,299.736,300.019,299.9,299.78099999999995,299.934,300.078,300.1,299.85299999999995,299.536,299.857,299.583,299.744,299.79299999999995,299.676,299.742,299.92,300.001,299.625,299.618,299.532,299.601,299.616,299.988,299.398,300.066,299.801,299.712,299.714,299.613,299.9,299.506,299.795,299.645,299.698,299.694,299.658,299.816,301.22799999999995,301.254,302.126,301.604,302.813,302.147,302.03099999999995,302.308,302.15599999999995,302.277,302.203,301.493,302.208,302.809,301.863,302.21599999999995,302.022,302.726,302.887,302.722,301.321,302.225,302.637,302.84,301.53799999999995,302.852,302.448,302.964,302.908,302.128,301.083,301.134,301.20399999999995,301.273,301.114,301.054,301.191,300.731,301.11499999999995,300.01,301.304,300.815,300.767,300.92499999999995,300.965,301.158,300.625,300.739,300.336,301.16299999999995,300.197,300.666,300.07,301.15599999999995,300.272,301.049,301.135,301.219,300.31,300.78799999999995,300.66799999999995,301.773,301.436,301.398,301.577,301.34,301.346,301.47799999999995,301.614,300.982,300.945,301.411,301.646,301.895,301.366,301.343,301.738,301.35299999999995,301.311,301.262,301.404,301.23999999999995,301.732,301.64,301.899,301.446,301.452,301.43699999999995,301.404,301.46,301.116,302.71,302.739,302.359,302.544,301.556,301.899,302.765,302.838,302.06699999999995,302.494,301.931,302.23999999999995,302.223,302.142,301.596,302.67499999999995,302.506,302.392,301.869,302.482,302.881,302.575,302.816,302.527,301.63899999999995,302.86499999999995,302.02599999999995,302.729,302.371,301.83,302.28,300.623,301.257,300.737,301.184,300.575,301.25,300.823,301.367,300.64,301.371,300.60299999999995,301.248,300.575,301.013,300.802,301.046,300.497,300.72,300.898,301.213,301.334,301.286,300.689,300.791,301.189,301.207,301.194,300.851,301.403,301.084,300.652,300.4,300.77,300.172,300.275,300.724,300.792,300.133,300.177,300.089,300.659,300.40599999999995,300.856,300.178,300.885,300.102,300.612,300.697,300.56699999999995,300.7,300.452,299.856,300.82899999999995,300.101,300.042,300.495,300.12699999999995,300.628,300.624,300.319,300.065,299.662,299.882,299.355,299.557,299.577,299.683,299.381,299.453,299.363,299.19199999999995,299.736,299.509,299.609,300.044,299.381,299.221,299.78799999999995,299.59,299.77599999999995,299.31,299.383,299.436,299.337,300.061,299.678,299.645,299.85,299.519,299.66299999999995,299.295,299.695,300.083,300.713,299.91799999999995,300.897,299.851,300.161,300.294,299.845,300.02599999999995,300.282,300.894,300.898,300.337,300.522,300.597,300.541,299.998,300.71,300.291,300.472,300.196,300.694,299.991,299.974,300.289,300.50199999999995,300.411,299.836,300.424,300.787,300.37699999999995
1776.0,12.17000007629395,-68.30000305175781,301.30499999999995,301.088,301.44199999999995,301.673,302.096,301.811,301.60299999999995,302.06699999999995,300.941,301.28,301.804,302.104,301.571,300.611,301.38899999999995,301.32899999999995,301.552,301.38,301.689,301.645,301.274,301.80499999999995,302.255,301.195,302.136,302.217,301.749,300.984,301.739,300.699,301.998,300.697,300.071,300.835,300.487,300.62,300.431,300.41299999999995,300.213,300.779,300.828,300.67999999999995,300.145,300.775,300.54299999999995,300.112,300.199,300.144,300.852,300.482,300.66799999999995,300.069,300.56,300.508,300.392,300.173,300.489,300.625,300.719,300.669,300.172,300.335,299.215,299.975,299.882,299.72799999999995,299.886,300.102,299.213,299.86,299.688,299.38,300.138,299.867,299.943,299.92999999999995,299.17999999999995,299.837,299.847,299.743,300.022,299.899,299.768,299.936,300.076,300.106,299.851,299.513,299.862,299.56199999999995,299.737,299.782,299.65599999999995,299.768,299.899,300.007,299.623,299.6,299.537,299.62,299.635,299.965,299.421,300.057,299.779,299.724,299.739,299.63899999999995,299.911,299.521,299.821,299.625,299.694,299.689,299.642,299.846,301.243,301.275,302.121,301.621,302.809,302.133,302.04,302.307,302.176,302.297,302.169,301.5,302.207,302.806,301.888,302.215,302.009,302.708,302.873,302.702,301.333,302.237,302.625,302.806,301.58,302.85,302.453,302.956,302.905,302.121,301.073,301.13899999999995,301.231,301.27,301.093,301.047,301.195,300.756,301.084,300.003,301.299,300.813,300.801,300.984,300.935,301.16299999999995,300.657,300.769,300.349,301.18699999999995,300.178,300.664,300.10299999999995,301.16799999999995,300.29299999999995,301.058,301.158,301.211,300.308,300.796,300.686,301.771,301.416,301.355,301.58,301.343,301.348,301.497,301.634,301.017,300.969,301.381,301.653,301.897,301.349,301.342,301.744,301.348,301.322,301.254,301.468,301.232,301.743,301.642,301.903,301.457,301.458,301.44199999999995,301.411,301.444,301.13899999999995,302.706,302.755,302.374,302.56,301.523,301.886,302.774,302.799,302.066,302.51399999999995,301.926,302.253,302.227,302.171,301.561,302.63899999999995,302.481,302.373,301.843,302.47,302.886,302.568,302.827,302.517,301.64,302.872,302.012,302.73,302.334,301.862,302.251,300.604,301.272,300.702,301.18699999999995,300.58,301.27,300.87699999999995,301.387,300.654,301.388,300.604,301.262,300.586,301.015,300.775,301.037,300.507,300.735,300.882,301.221,301.339,301.294,300.664,300.813,301.19,301.212,301.206,300.871,301.405,301.08,300.629,300.40599999999995,300.762,300.14,300.291,300.714,300.791,300.124,300.171,300.081,300.653,300.432,300.858,300.16799999999995,300.886,300.126,300.621,300.689,300.56,300.696,300.465,299.848,300.832,300.099,300.053,300.494,300.146,300.618,300.596,300.32899999999995,300.084,299.648,299.887,299.362,299.551,299.565,299.664,299.35299999999995,299.45399999999995,299.334,299.176,299.734,299.477,299.59099999999995,300.024,299.396,299.212,299.765,299.585,299.759,299.29299999999995,299.366,299.455,299.364,300.056,299.65599999999995,299.629,299.84099999999995,299.525,299.664,299.34,299.679,300.08,300.71,299.953,300.861,299.878,300.154,300.29299999999995,299.857,300.039,300.255,300.879,300.88899999999995,300.334,300.527,300.606,300.54999999999995,300.018,300.705,300.308,300.489,300.201,300.686,299.958,299.98999999999995,300.302,300.491,300.409,299.879,300.403,300.777,300.35299999999995
2571.0,12.11999988555908,-68.30000305175781,301.263,301.167,301.541,302.352,302.073,302.061,301.734,302.171,300.842,301.623,301.91,302.193,301.62699999999995,301.008,301.517,301.816,302.027,301.898,302.277,301.905,301.405,301.886,302.303,301.161,302.243,302.33,302.376,301.279,301.958,300.762,302.145,301.009,300.218,300.994,300.411,301.298,300.45,300.641,300.399,300.75199999999995,300.949,301.208,300.325,301.021,300.669,300.291,300.614,300.308,300.994,301.107,300.592,300.27599999999995,300.801,300.973,300.356,300.23,300.97799999999995,300.821,300.7,301.181,300.785,300.469,299.408,300.052,300.301,299.912,299.917,299.934,299.427,299.697,299.573,299.709,300.19199999999995,300.347,300.01,299.981,299.419,299.84,299.733,299.967,299.965,300.035,299.636,300.122,300.133,299.92999999999995,299.869,299.582,299.969,299.71599999999995,299.947,299.85,299.57899999999995,299.929,299.982,300.095,299.876,299.792,299.806,299.848,299.872,300.08,299.82899999999995,300.122,299.887,299.93699999999995,299.929,299.969,300.012,299.522,299.897,299.535,299.522,299.517,299.652,299.815,301.397,301.503,301.916,301.416,303.022,302.292,302.412,302.39,302.414,302.539,302.398,301.626,302.32899999999995,302.951,301.861,302.48,302.15,302.766,302.851,302.703,301.55499999999995,302.294,302.689,302.968,301.65099999999995,302.994,302.547,303.25199999999995,302.915,302.485,300.652,301.379,301.206,301.247,300.767,300.699,301.102,300.858,300.143,299.787,301.347,300.464,301.597,300.969,300.332,300.976,300.521,300.54299999999995,300.427,301.63,299.777,300.645,300.324,301.313,300.327,301.17,301.239,301.339,300.063,300.807,300.669,301.594,301.46,301.082,301.436,301.438,301.453,301.608,301.697,300.989,301.121,301.349,301.69199999999995,301.769,301.227,301.53099999999995,301.723,301.545,301.45,301.206,301.748,301.1,301.46599999999995,301.464,301.84099999999995,301.537,301.481,301.673,301.782,301.571,301.67999999999995,302.569,302.774,302.674,302.81199999999995,301.464,301.698,302.814,303.197,302.611,302.461,301.992,301.836,302.31699999999995,302.287,301.53799999999995,302.701,302.647,302.516,301.98,302.625,302.997,302.517,303.063,302.679,301.57899999999995,303.164,301.761,302.53099999999995,302.41299999999995,301.949,302.362,301.058,301.345,300.783,301.445,300.81199999999995,301.223,301.016,301.4,300.992,301.483,300.863,301.456,300.737,301.43699999999995,300.9,301.07,300.982,301.089,301.037,301.194,301.48999999999995,301.44,300.802,301.061,301.388,301.393,301.487,300.956,301.608,301.071,301.02,300.402,300.46,300.42999999999995,300.417,300.67999999999995,300.823,300.154,300.278,300.452,300.363,300.247,300.722,300.208,300.667,300.032,300.709,300.427,300.499,300.721,300.453,300.47,300.678,300.101,300.124,300.394,300.021,300.402,300.41299999999995,300.439,299.963,299.586,299.91299999999995,299.467,299.63,299.634,299.26,299.529,299.469,299.36,299.394,299.84099999999995,299.41,299.505,299.90099999999995,299.857,299.393,299.652,299.659,299.522,299.881,299.5,299.774,299.561,299.997,299.426,299.748,299.916,299.632,299.844,299.726,299.623,300.159,300.78,300.206,301.004,300.10299999999995,300.21599999999995,300.227,299.693,300.335,300.26,300.974,300.926,300.169,300.676,300.552,300.44199999999995,300.258,300.6,300.332,300.48,300.378,300.79299999999995,300.397,300.414,300.504,300.559,300.45399999999995,299.957,300.177,300.767,300.247
2572.0,12.13000011444092,-68.29000091552734,301.274,301.15599999999995,301.574,302.366,302.065,302.069,301.769,302.186,300.884,301.589,301.897,302.207,301.666,301.01399999999995,301.527,301.79,302.076,301.917,302.273,301.917,301.4,301.882,302.30499999999995,301.157,302.257,302.327,302.397,301.29299999999995,301.964,300.778,302.161,301.008,300.219,300.997,300.41799999999995,301.284,300.446,300.61499999999995,300.399,300.745,300.946,301.16,300.31,301.008,300.68699999999995,300.269,300.598,300.315,301.0,301.066,300.598,300.279,300.801,300.87699999999995,300.34099999999995,300.21599999999995,300.93699999999995,300.81699999999995,300.694,301.184,300.769,300.473,299.382,300.093,300.297,299.864,299.931,299.96,299.39,299.686,299.628,299.717,300.2,300.345,300.054,299.995,299.451,299.859,299.719,299.971,299.993,300.033,299.611,300.121,300.134,299.955,299.88,299.57899999999995,300.017,299.672,299.928,299.874,299.566,299.92999999999995,299.968,300.093,299.879,299.838,299.836,299.86499999999995,299.899,300.072,299.852,300.121,299.898,299.95,299.926,299.98,300.01399999999995,299.517,299.908,299.53,299.532,299.53,299.645,299.848,301.399,301.501,301.959,301.435,303.044,302.29,302.42999999999995,302.38899999999995,302.419,302.541,302.395,301.636,302.34099999999995,302.964,301.886,302.489,302.193,302.717,302.833,302.625,301.554,302.311,302.649,302.979,301.689,303.007,302.53099999999995,303.262,302.912,302.494,300.64,301.376,301.224,301.247,300.741,300.711,301.101,300.867,300.161,299.799,301.342,300.496,301.595,300.971,300.391,300.973,300.53099999999995,300.522,300.438,301.625,299.747,300.666,300.31,301.327,300.337,301.164,301.26,301.335,300.07899999999995,300.806,300.662,301.59099999999995,301.44,301.07899999999995,301.469,301.45,301.464,301.607,301.682,300.998,301.123,301.327,301.697,301.778,301.213,301.53799999999995,301.72799999999995,301.558,301.449,301.198,301.755,301.095,301.462,301.468,301.857,301.563,301.461,301.676,301.773,301.574,301.679,302.577,302.796,302.67,302.826,301.424,301.684,302.826,303.207,302.578,302.491,301.965,301.827,302.299,302.296,301.50199999999995,302.693,302.653,302.512,301.92,302.635,303.015,302.481,303.068,302.69,301.581,303.19199999999995,301.78799999999995,302.513,302.393,301.957,302.338,301.063,301.335,300.787,301.47799999999995,300.821,301.186,301.037,301.395,300.997,301.46599999999995,300.882,301.469,300.724,301.42999999999995,300.921,301.057,300.97799999999995,301.081,301.04299999999995,301.196,301.5,301.423,300.804,301.077,301.394,301.398,301.53099999999995,300.945,301.587,301.059,300.995,300.433,300.455,300.412,300.42999999999995,300.669,300.842,300.15,300.277,300.436,300.357,300.232,300.725,300.2,300.664,300.14,300.65599999999995,300.415,300.509,300.702,300.429,300.452,300.693,300.114,300.135,300.372,300.101,300.396,300.397,300.458,300.00199999999995,299.577,299.912,299.434,299.602,299.598,299.214,299.513,299.485,299.355,299.384,299.84099999999995,299.432,299.46599999999995,299.9,299.872,299.388,299.602,299.643,299.535,299.874,299.50199999999995,299.77599999999995,299.56,299.998,299.349,299.721,299.916,299.642,299.842,299.743,299.587,300.154,300.784,300.189,301.012,300.1,300.211,300.221,299.669,300.30499999999995,300.259,300.979,300.927,300.173,300.658,300.553,300.445,300.247,300.599,300.318,300.482,300.375,300.782,300.381,300.411,300.499,300.545,300.421,299.952,300.182,300.753,300.255
2573.0,12.14000034332275,-68.27999877929688,301.304,301.154,301.604,302.376,302.04999999999995,302.07899999999995,301.801,302.197,300.948,301.547,301.895,302.217,301.701,301.017,301.537,301.765,302.12,301.934,302.266,301.931,301.393,301.883,302.30499999999995,301.152,302.267,302.323,302.411,301.306,301.971,300.80499999999995,302.17,301.003,300.218,300.998,300.426,301.247,300.439,300.597,300.399,300.738,300.94,301.111,300.297,300.992,300.714,300.25,300.58,300.316,301.0,301.021,300.605,300.277,300.806,300.79299999999995,300.325,300.202,300.896,300.816,300.689,301.173,300.747,300.477,299.355,300.129,300.291,299.811,299.949,299.984,299.352,299.677,299.667,299.718,300.207,300.345,300.089,300.008,299.473,299.875,299.708,299.975,300.018,300.018,299.583,300.097,300.131,299.979,299.885,299.576,300.056,299.626,299.919,299.904,299.552,299.945,299.957,300.094,299.879,299.887,299.867,299.885,299.931,300.06199999999995,299.876,300.119,299.924,299.964,299.933,299.991,300.017,299.527,299.92,299.524,299.54,299.537,299.63899999999995,299.882,301.40099999999995,301.498,302.023,301.477,303.059,302.283,302.44,302.39,302.422,302.544,302.381,301.646,302.35,302.992,301.907,302.495,302.235,302.674,302.813,302.552,301.551,302.323,302.622,302.98999999999995,301.734,303.02,302.521,303.278,302.908,302.495,300.63,301.373,301.241,301.248,300.719,300.724,301.108,300.873,300.176,299.813,301.338,300.52599999999995,301.594,300.969,300.439,300.967,300.542,300.499,300.45399999999995,301.624,299.72,300.686,300.319,301.334,300.351,301.157,301.273,301.33,300.095,300.808,300.653,301.589,301.417,301.08,301.506,301.462,301.473,301.605,301.666,301.02599999999995,301.134,301.304,301.703,301.79,301.201,301.542,301.733,301.563,301.446,301.186,301.761,301.094,301.463,301.47,301.873,301.578,301.453,301.677,301.76,301.575,301.678,302.585,302.818,302.66799999999995,302.84099999999995,301.387,301.667,302.842,303.21,302.536,302.518,301.93699999999995,301.82899999999995,302.28099999999995,302.308,301.463,302.67999999999995,302.669,302.503,301.861,302.65099999999995,303.035,302.44,303.063,302.698,301.583,303.218,301.826,302.5,302.379,301.959,302.325,301.078,301.326,300.794,301.5,300.825,301.16,301.05499999999995,301.39,300.999,301.448,300.893,301.476,300.713,301.422,300.935,301.044,300.972,301.066,301.042,301.199,301.509,301.4,300.807,301.082,301.397,301.40599999999995,301.561,300.936,301.568,301.047,300.964,300.462,300.45,300.395,300.444,300.658,300.855,300.145,300.275,300.417,300.35299999999995,300.219,300.729,300.193,300.661,300.206,300.602,300.40599999999995,300.522,300.68699999999995,300.40599999999995,300.429,300.708,300.126,300.145,300.35299999999995,300.153,300.392,300.383,300.475,300.033,299.571,299.898,299.403,299.57899999999995,299.565,299.17,299.497,299.503,299.35299999999995,299.376,299.844,299.46,299.428,299.897,299.887,299.386,299.548,299.634,299.553,299.861,299.503,299.777,299.56,299.998,299.27,299.695,299.917,299.65,299.84,299.761,299.551,300.15,300.789,300.174,301.006,300.105,300.2,300.212,299.681,300.278,300.243,300.975,300.924,300.181,300.638,300.552,300.445,300.238,300.599,300.282,300.481,300.372,300.77,300.36499999999995,300.408,300.48999999999995,300.53,300.379,299.96,300.19199999999995,300.743,300.258
2623.0,12.14000034332275,-68.30999755859375,301.295,301.158,301.53799999999995,302.362,302.085,302.06199999999995,301.634,302.136,300.921,301.667,301.909,302.194,301.586,301.007,301.524,301.843,302.01,301.91,302.29,301.88,301.432,301.896,302.348,301.176,302.241,302.35,302.383,301.239,301.956,300.819,302.098,301.005,300.202,300.981,300.394,301.337,300.456,300.666,300.41,300.755,300.964,301.236,300.346,301.018,300.72,300.311,300.642,300.285,301.007,301.171,300.578,300.28,300.794,301.075,300.363,300.237,301.034,300.819,300.705,301.25,300.80499999999995,300.474,299.459,299.996,300.338,299.967,299.928,299.905,299.491,299.711,299.573,299.722,300.19199999999995,300.39,299.926,299.97,299.42,299.81699999999995,299.751,299.974,299.94,300.011,299.646,300.075,300.12699999999995,299.902,299.883,299.59099999999995,299.89,299.77599999999995,299.952,299.832,299.582,299.922,299.987,300.068,299.879,299.784,299.813,299.84,299.863,300.076,299.824,300.075,299.891,299.933,299.916,299.97799999999995,300.015,299.548,299.91799999999995,299.553,299.501,299.471,299.672,299.789,301.403,301.519,301.916,301.449,303.036,302.285,302.415,302.408,302.416,302.54,302.394,301.629,302.325,302.988,301.782,302.484,302.155,302.794,302.87699999999995,302.755,301.564,302.28,302.748,302.984,301.637,302.999,302.568,303.239,302.938,302.517,300.649,301.363,301.166,301.254,300.811,300.717,301.135,300.835,300.215,299.851,301.333,300.467,301.624,300.957,300.378,300.953,300.497,300.55499999999995,300.397,301.674,299.856,300.669,300.291,301.314,300.269,301.153,301.212,301.333,300.076,300.796,300.648,301.589,301.464,301.101,301.42,301.438,301.448,301.613,301.67,301.059,301.147,301.372,301.682,301.758,301.239,301.527,301.70399999999995,301.528,301.436,301.19,301.72799999999995,301.119,301.462,301.455,301.823,301.496,301.513,301.688,301.801,301.54299999999995,301.711,302.575,302.772,302.698,302.828,301.488,301.709,302.834,303.196,302.62699999999995,302.429,302.012,301.846,302.347,302.29,301.536,302.755,302.65099999999995,302.57899999999995,302.045,302.625,302.988,302.548,303.058,302.711,301.572,303.17499999999995,301.756,302.533,302.424,301.949,302.38899999999995,301.016,301.351,300.792,301.405,300.81699999999995,301.246,301.034,301.402,301.033,301.47799999999995,300.862,301.438,300.744,301.421,300.898,301.098,300.998,301.09099999999995,301.03099999999995,301.191,301.47799999999995,301.433,300.807,301.027,301.40099999999995,301.375,301.428,300.944,301.61,301.083,300.981,300.424,300.448,300.462,300.447,300.698,300.803,300.161,300.28799999999995,300.489,300.358,300.26,300.702,300.218,300.63,299.922,300.706,300.423,300.471,300.705,300.473,300.533,300.646,300.096,300.121,300.403,299.945,300.429,300.42,300.461,299.932,299.576,299.899,299.534,299.658,299.642,299.28799999999995,299.56,299.457,299.41,299.417,299.839,299.448,299.544,299.907,299.858,299.399,299.63899999999995,299.686,299.54,299.92499999999995,299.511,299.78099999999995,299.584,299.989,299.434,299.797,299.917,299.64,299.85299999999995,299.714,299.632,300.16299999999995,300.807,300.206,300.998,300.118,300.203,300.21599999999995,299.778,300.35299999999995,300.235,300.98,300.934,300.131,300.71599999999995,300.584,300.453,300.261,300.602,300.303,300.476,300.38899999999995,300.827,300.419,300.44199999999995,300.505,300.56199999999995,300.453,300.022,300.144,300.801,300.221
2624.0,12.14999961853027,-68.30000305175781,301.28799999999995,301.13899999999995,301.583,302.37699999999995,302.093,302.07,301.682,302.158,300.941,301.646,301.892,302.211,301.642,301.017,301.534,301.818,302.057,301.934,302.287,301.895,301.431,301.887,302.351,301.17499999999995,302.26,302.346,302.395,301.257,301.965,300.81699999999995,302.126,301.009,300.202,300.987,300.40099999999995,301.331,300.457,300.643,300.409,300.747,300.965,301.203,300.328,301.016,300.713,300.282,300.635,300.289,301.02,301.138,300.583,300.289,300.789,301.006,300.348,300.223,300.996,300.81,300.699,301.251,300.80499999999995,300.47799999999995,299.432,300.04,300.336,299.924,299.935,299.935,299.453,299.7,299.631,299.751,300.2,300.391,299.98999999999995,299.983,299.464,299.837,299.732,299.97799999999995,299.971,300.023,299.622,300.094,300.132,299.928,299.89,299.59,299.95,299.734,299.916,299.856,299.565,299.912,299.967,300.07,299.886,299.814,299.834,299.873,299.897,300.075,299.84099999999995,300.085,299.89,299.944,299.909,299.995,300.019,299.544,299.92,299.551,299.503,299.47,299.669,299.81699999999995,301.407,301.522,301.932,301.451,303.059,302.29299999999995,302.434,302.412,302.419,302.53799999999995,302.40099999999995,301.63899999999995,302.336,302.979,301.826,302.492,302.191,302.748,302.86499999999995,302.689,301.566,302.313,302.707,302.991,301.674,303.013,302.548,303.232,302.938,302.518,300.637,301.36,301.185,301.255,300.792,300.723,301.129,300.832,300.225,299.851,301.33,300.489,301.623,300.967,300.419,300.955,300.505,300.535,300.40599999999995,301.667,299.823,300.678,300.28,301.334,300.287,301.15099999999995,301.238,301.33,300.086,300.791,300.638,301.587,301.449,301.09099999999995,301.445,301.443,301.45399999999995,301.61499999999995,301.66799999999995,301.052,301.144,301.346,301.68699999999995,301.773,301.225,301.53799999999995,301.711,301.544,301.439,301.19199999999995,301.736,301.102,301.453,301.448,301.84,301.528,301.494,301.69199999999995,301.801,301.546,301.711,302.586,302.794,302.689,302.84,301.447,301.709,302.844,303.218,302.607,302.46,301.985,301.825,302.325,302.294,301.511,302.753,302.648,302.574,301.982,302.631,303.007,302.515,303.075,302.724,301.575,303.207,301.766,302.516,302.4,301.964,302.363,301.015,301.345,300.802,301.435,300.826,301.211,301.041,301.396,301.034,301.465,300.876,301.451,300.727,301.419,300.934,301.089,300.994,301.09,301.045,301.19199999999995,301.488,301.419,300.81199999999995,301.042,301.41299999999995,301.384,301.467,300.92,301.588,301.074,300.968,300.455,300.443,300.448,300.456,300.688,300.833,300.157,300.287,300.477,300.354,300.244,300.7,300.211,300.628,300.04,300.685,300.414,300.475,300.689,300.458,300.52,300.649,300.11,300.131,300.383,300.03099999999995,300.423,300.405,300.475,299.973,299.56199999999995,299.927,299.501,299.633,299.621,299.239,299.547,299.47,299.403,299.408,299.834,299.46599999999995,299.505,299.905,299.857,299.394,299.597,299.674,299.548,299.91799999999995,299.51399999999995,299.783,299.582,299.988,299.362,299.77,299.91799999999995,299.65099999999995,299.851,299.724,299.598,300.158,300.808,300.19,301.039,300.108,300.199,300.21,299.746,300.328,300.247,301.001,300.939,300.123,300.699,300.593,300.45,300.25,300.6,300.319,300.48,300.387,300.81199999999995,300.409,300.438,300.499,300.552,300.449,299.988,300.132,300.775,300.226
2625.0,12.15999984741211,-68.29000091552734,301.29299999999995,301.134,301.619,302.39,302.095,302.07899999999995,301.734,302.176,300.958,301.613,301.891,302.226,301.69199999999995,301.02599999999995,301.544,301.792,302.107,301.956,302.282,301.909,301.428,301.888,302.355,301.173,302.27599999999995,302.342,302.407,301.278,301.971,300.821,302.145,301.015,300.2,300.989,300.408,301.325,300.45399999999995,300.622,300.41,300.73999999999995,300.962,301.164,300.314,301.006,300.719,300.258,300.623,300.29,301.024,301.105,300.589,300.292,300.79,300.92499999999995,300.332,300.208,300.965,300.804,300.694,301.25,300.794,300.482,299.403,300.082,300.332,299.875,299.946,299.962,299.41299999999995,299.69,299.676,299.766,300.208,300.393,300.047,299.997,299.491,299.857,299.714,299.982,299.999,300.025,299.595,300.1,300.133,299.953,299.897,299.59,300.005,299.689,299.9,299.887,299.556,299.922,299.939,300.076,299.886,299.851,299.859,299.90099999999995,299.931,300.058,299.86,300.096,299.90599999999995,299.955,299.919,300.01,300.025,299.544,299.92499999999995,299.549,299.511,299.477,299.66,299.848,301.41,301.519,301.984,301.477,303.071,302.292,302.448,302.419,302.422,302.539,302.393,301.648,302.346,302.984,301.864,302.497,302.233,302.698,302.846,302.613,301.566,302.34099999999995,302.669,302.999,301.71599999999995,303.02599999999995,302.533,303.238,302.92999999999995,302.508,300.625,301.357,301.2,301.256,300.771,300.729,301.125,300.838,300.234,299.86499999999995,301.33,300.506,301.621,300.975,300.46,300.955,300.515,300.51399999999995,300.416,301.66299999999995,299.794,300.69,300.263,301.347,300.29299999999995,301.144,301.258,301.326,300.104,300.787,300.629,301.589,301.42999999999995,301.087,301.475,301.45399999999995,301.462,301.612,301.655,301.056,301.148,301.32,301.69199999999995,301.785,301.212,301.548,301.71599999999995,301.556,301.43699999999995,301.189,301.743,301.089,301.449,301.443,301.858,301.54999999999995,301.47799999999995,301.694,301.792,301.549,301.709,302.597,302.813,302.678,302.854,301.409,301.707,302.847,303.227,302.574,302.489,301.958,301.816,302.303,302.29999999999995,301.488,302.749,302.653,302.564,301.92,302.641,303.028,302.476,303.085,302.731,301.578,303.236,301.78799999999995,302.50199999999995,302.383,301.973,302.345,301.022,301.332,300.816,301.464,300.832,301.173,301.06199999999995,301.39,301.034,301.445,300.888,301.46,300.712,301.416,300.967,301.07899999999995,300.988,301.081,301.054,301.193,301.503,301.40099999999995,300.819,301.06,301.423,301.391,301.504,300.902,301.571,301.065,300.948,300.474,300.438,300.432,300.46599999999995,300.677,300.854,300.153,300.286,300.46,300.35,300.229,300.703,300.20399999999995,300.628,300.141,300.649,300.408,300.484,300.676,300.44199999999995,300.5,300.661,300.124,300.142,300.363,300.107,300.417,300.392,300.48999999999995,300.011,299.569,299.93699999999995,299.468,299.612,299.601,299.189,299.536,299.486,299.397,299.4,299.845,299.484,299.46599999999995,299.904,299.858,299.39,299.549,299.664,299.559,299.908,299.517,299.785,299.57899999999995,299.988,299.283,299.751,299.919,299.661,299.85,299.737,299.563,300.155,300.811,300.176,301.047,300.106,300.195,300.20399999999995,299.732,300.303,300.251,301.005,300.94,300.122,300.681,300.6,300.45,300.23999999999995,300.6,300.31,300.483,300.385,300.798,300.396,300.436,300.495,300.541,300.426,299.98,300.131,300.757,300.236
2626.0,12.17000007629395,-68.27999877929688,301.314,301.141,301.649,302.399,302.087,302.089,301.78099999999995,302.189,300.96599999999995,301.571,301.90099999999995,302.236,301.735,301.03,301.554,301.769,302.147,301.975,302.273,301.924,301.421,301.895,302.352,301.17,302.287,302.337,302.419,301.298,301.977,300.828,302.155,301.02,300.198,300.98999999999995,300.415,301.29999999999995,300.447,300.607,300.411,300.731,300.956,301.125,300.302,300.994,300.732,300.237,300.606,300.286,301.019,301.07,300.596,300.291,300.792,300.852,300.316,300.193,300.941,300.799,300.688,301.237,300.77599999999995,300.486,299.374,300.121,300.324,299.81699999999995,299.96,299.987,299.373,299.683,299.705,299.772,300.215,300.394,300.096,300.01,299.507,299.875,299.699,299.985,300.025,300.018,299.564,300.09099999999995,300.131,299.977,299.896,299.588,300.051,299.641,299.9,299.923,299.548,299.946,299.91299999999995,300.083,299.882,299.88899999999995,299.885,299.934,299.969,300.04299999999995,299.88,300.105,299.939,299.967,299.939,300.02599999999995,300.032,299.556,299.931,299.547,299.517,299.48,299.649,299.876,301.411,301.51399999999995,302.052,301.521,303.078,302.286,302.455,302.42499999999995,302.424,302.53799999999995,302.37699999999995,301.658,302.355,303.0,301.894,302.501,302.275,302.658,302.823,302.542,301.563,302.363,302.64,303.006,301.761,303.03799999999995,302.525,303.25,302.91799999999995,302.494,300.61499999999995,301.356,301.215,301.26,300.754,300.736,301.129,300.844,300.235,299.883,301.32899999999995,300.519,301.62,300.979,300.493,300.953,300.52599999999995,300.492,300.42999999999995,301.662,299.767,300.7,300.261,301.352,300.296,301.132,301.27,301.323,300.121,300.787,300.625,301.593,301.408,301.087,301.511,301.46599999999995,301.47,301.606,301.641,301.069,301.157,301.291,301.697,301.79999999999995,301.202,301.552,301.722,301.56,301.433,301.183,301.749,301.084,301.452,301.434,301.876,301.561,301.469,301.694,301.778,301.553,301.706,302.607,302.831,302.671,302.868,301.373,301.701,302.854,303.22799999999995,302.532,302.515,301.931,301.81699999999995,302.28,302.308,301.463,302.739,302.66799999999995,302.549,301.861,302.657,303.048,302.431,303.07899999999995,302.735,301.581,303.263,301.81699999999995,302.492,302.372,301.974,302.335,301.041,301.321,300.832,301.487,300.834,301.146,301.087,301.386,301.032,301.426,300.893,301.465,300.699,301.409,300.991,301.068,300.981,301.069,301.056,301.196,301.52,301.379,300.826,301.073,301.429,301.399,301.535,300.892,301.556,301.056,300.928,300.481,300.434,300.416,300.476,300.666,300.868,300.149,300.285,300.44,300.347,300.21599999999995,300.706,300.197,300.628,300.2,300.607,300.403,300.5,300.669,300.426,300.473,300.673,300.136,300.152,300.346,300.155,300.412,300.379,300.503,300.04,299.583,299.928,299.435,299.594,299.587,299.138,299.519,299.504,299.386,299.393,299.86,299.501,299.426,299.902,299.862,299.388,299.498,299.655,299.572,299.892,299.519,299.785,299.577,299.988,299.201,299.736,299.92,299.671,299.848,299.754,299.527,300.154,300.815,300.166,301.02599999999995,300.11499999999995,300.181,300.19199999999995,299.744,300.28,300.242,300.994,300.935,300.128,300.662,300.60299999999995,300.449,300.233,300.601,300.27599999999995,300.484,300.384,300.786,300.382,300.433,300.488,300.529,300.387,299.991,300.13899999999995,300.745,300.244
