date,sst
20100326,0.0
20100327,0.0
20100328,0.0
20100329,0.0
20100330,0.0
20100331,0.0
20100401,0.0
20100402,0.0
20100403,0.0
20100404,0.0
20100405,0.0
20100406,0.0
20100407,0.0
20100408,0.0
20100409,0.0
20100410,0.0
20100411,0.0
20100412,0.0
20100413,0.0
20100414,0.0
20100415,0.0
20100416,0.0
20100417,0.0
20100418,0.0
20100419,0.0
20100420,0.0
20100421,0.0
20100422,0.0
20100423,0.0
20100424,0.0
20100425,0.0
20100426,0.0
20100427,0.0
20100428,0.0
20100429,0.0
20100430,0.0
20100501,0.0
20100502,0.0
20100503,0.0
20100504,0.0
20100505,0.0
20100506,0.0
20100507,0.0
20100508,0.0
20100509,0.0
20100510,0.0
20100511,0.0
20100512,0.0
20100513,0.0
20100514,0.0
20100515,0.0
20100516,0.0
20100517,0.0
20100518,0.0
20100519,0.0
20100520,0.0
20100521,0.0
20100522,0.0
20100523,0.0
20100524,0.0
20100525,0.0
20100526,0.0
20100527,0.0
20100528,0.0
20100529,0.0
20100530,0.0
20100531,0.0
20100601,0.0
20100602,0.0
20100603,0.0
20100604,0.0
20100605,0.0
20100606,0.0
20100607,0.0
20100608,0.0
20100609,0.0
20100610,0.0
20100611,0.0
20100612,0.0
20100613,0.0
20100614,0.0
20100615,0.0
20100616,0.0
20100617,0.0
20100618,0.0
20100619,0.0
20100620,0.0
20100621,0.0
20100622,0.0
20100623,0.0
20100624,0.0
20100625,0.0
20100626,0.0
20100627,0.0
20100628,0.0
20100629,0.0
20100630,0.0
20100701,0.0
20100702,0.0
20100703,0.0
20100704,0.0
20100705,0.0
20100706,0.0
20100707,0.0
20100708,0.0
20100709,0.0
20100710,0.0
20100711,0.0
20100712,0.0
20100713,0.0
20100714,0.0
20100715,0.0
20100716,0.0
20100717,0.0
20100718,0.0
20100719,0.0
20100720,0.0
20100721,0.0
20100722,0.0
20100723,0.0013013698630136986
20100724,0.0013013698630136986
20100725,0.0013013698630136986
20100726,0.0013013698630136986
20100727,0.0013013698630136986
20100728,0.0013013698630136986
20100729,0.0013013698630136986
20100730,0.0013013698630136986
20100731,0.0013013698630136986
20100801,0.0013013698630136986
20100802,0.0013013698630136986
20100803,0.0013013698630136986
20100804,0.0013013698630136986
20100805,0.005479452054794521
20100806,0.005479452054794521
20100807,0.005479452054794521
20100808,0.005479452054794521
20100809,0.005479452054794521
20100810,0.005479452054794521
20100811,0.013356164383561644
20100812,0.04047945205479452
20100813,0.1156164383561644
20100814,0.1156164383561644
20100815,0.12
20100816,0.17712328767123287
20100817,0.17712328767123287
20100818,0.17712328767123287
20100819,0.17712328767123287
20100820,0.18952054794520548
20100821,0.27143835616438355
20100822,0.3643835616438356
20100823,0.5043150684931508
20100824,0.5270547945205479
20100825,0.549041095890411
20100826,0.5814383561643834
20100827,0.6687671232876712
20100828,0.7247945205479451
20100829,0.8757534246575344
20100830,1.0202054794520548
20100831,1.0913698630136985
20100901,1.1451369863013698
20100902,1.2619863013698631
20100903,1.323767123287671
20100904,1.323767123287671
20100905,1.3456164383561644
20100906,1.3697260273972605
20100907,1.5107534246575343
20100908,1.63972602739726
20100909,1.6504794520547945
20100910,1.724178082191781
20100911,2.0360958904109587
20100912,2.415
20100913,2.8355479452054797
20100914,3.2761643835616443
20100915,3.570547945205479
20100916,3.8456849315068493
20100917,4.1560273972602735
20100918,4.55027397260274
20100919,5.187739726027397
20100920,6.118493150684931
20100921,7.033356164383562
20100922,7.684520547945206
20100923,7.719794520547946
20100924,7.760547945205479
20100925,7.862397260273972
20100926,7.979794520547946
20100927,8.083219178082192
20100928,8.172123287671234
20100929,8.249315068493152
20100930,8.249315068493152
20101001,8.249315068493152
20101002,8.249315068493152
20101003,8.25541095890411
20101004,8.374315068493152
20101005,8.422671232876711
20101006,8.523150684931506
20101007,8.834657534246576
20101008,9.190616438356166
20101009,9.448356164383561
20101010,9.662260273972603
20101011,9.933767123287671
20101012,10.163972602739726
20101013,10.335342465753424
20101014,10.3386301369863
20101015,10.337260273972602
20101016,10.401643835616438
20101017,10.465205479452056
20101018,10.4686301369863
20101019,10.569794520547946
20101020,10.768287671232876
20101021,10.902671232876711
20101022,11.155616438356164
20101023,11.367876712328767
20101024,11.57931506849315
20101025,11.57945205479452
20101026,11.57945205479452
20101027,11.588698630136985
20101028,11.67931506849315
20101029,11.812945205479453
20101030,11.866986301369863
20101031,11.877328767123288
20101101,11.877328767123288
20101102,11.877328767123288
20101103,11.86986301369863
20101104,11.84945205479452
20101105,11.778972602739726
20101106,11.778972602739726
20101107,11.774657534246575
20101108,11.717739726027396
20101109,11.717739726027396
20101110,11.734246575342468
20101111,11.74513698630137
20101112,11.732671232876713
20101113,11.65041095890411
20101114,11.616780821917807
20101115,11.557191780821917
20101116,11.740205479452055
20101117,11.718287671232876
20101118,11.686643835616438
20101119,11.598287671232876
20101120,11.542397260273972
20101121,11.391712328767124
20101122,11.246986301369862
20101123,11.175547945205478
20101124,11.122260273972602
20101125,11.00541095890411
20101126,10.943082191780823
20101127,10.943082191780823
20101128,10.921712328767125
20101129,10.897465753424656
20101130,10.756027397260274
20101201,10.627739726027398
20101202,10.616986301369863
20101203,10.542876712328766
20101204,10.231164383561644
20101205,9.851849315068492
20101206,9.431643835616438
20101207,8.990890410958905
20101208,8.696575342465755
20101209,8.421438356164385
20101210,8.111643835616437
20101211,7.716849315068494
20101212,7.07917808219178
20101213,6.149246575342466
20101214,5.234109589041095
20101215,4.582945205479452
20101216,4.547328767123288
20101217,4.507123287671233
20101218,4.405616438356165
20101219,4.287671232876713
20101220,4.184246575342466
20101221,4.09554794520548
20101222,4.017123287671233
20101223,4.017123287671233
20101224,4.017123287671233
20101225,4.017123287671233
20101226,4.011301369863014
20101227,3.8925342465753427
20101228,3.8451369863013696
20101229,3.7446575342465755
20101230,3.4326027397260277
20101231,3.076917808219178
20110101,2.818972602739726
20110102,2.6052054794520547
20110103,2.333835616438356
20110104,2.1036301369863013
20110105,1.931986301369863
20110106,1.9285616438356163
20110107,1.9285616438356163
20110108,1.8641780821917806
20110109,1.8006849315068492
20110110,1.7974657534246572
20110111,1.6963698630136985
20110112,1.496986301369863
20110113,1.3630821917808218
20110114,1.1110958904109587
20110115,0.8973972602739727
20110116,0.6867808219178083
20110117,0.6866438356164384
20110118,0.6866438356164384
20110119,0.6775342465753424
20110120,0.582876712328767
20110121,0.4485616438356165
20110122,0.3936986301369863
20110123,0.3834931506849315
20110124,0.3834931506849315
20110125,0.3834931506849315
20110126,0.3834931506849315
20110127,0.37678082191780826
20110128,0.37226027397260275
20110129,0.37226027397260275
20110130,0.37226027397260275
20110131,0.37226027397260275
20110201,0.37226027397260275
20110202,0.35554794520547944
20110203,0.34479452054794524
20110204,0.34479452054794524
20110205,0.34479452054794524
20110206,0.286027397260274
20110207,0.2054794520547945
20110208,0.0
20110209,0.0
20110210,0.0
20110211,0.0
20110212,0.0
20110213,0.0
20110214,0.0
20110215,0.0
20110216,0.0
20110217,0.0
20110218,0.0
20110219,0.0
20110220,0.0
20110221,0.0
20110222,0.0
20110223,0.0
20110224,0.0
20110225,0.0
20110226,0.0
20110227,0.0
20110228,0.0
20110301,0.0
20110302,0.0
20110303,0.0
20110304,0.0
20110305,0.0
20110306,0.0
20110307,0.0
20110308,0.0
20110309,0.0
20110310,0.0
20110311,0.0
20110312,0.0
20110313,0.0
20110314,0.0
20110315,0.0
20110316,0.0
20110317,0.0
20110318,0.0
20110319,0.0
20110320,0.0
20110321,0.0
20110322,0.0
20110323,0.0
20110324,0.0
20110325,0.0
20110326,0.0
20110327,0.0
20110328,0.0
20110329,0.0
20110330,0.0
20110331,0.0
20110401,0.0
20110402,0.0
20110403,0.0
20110404,0.0
20110405,0.0
20110406,0.0
20110407,0.0
20110408,0.0
20110409,0.0
20110410,0.0
20110411,0.0
20110412,0.0
20110413,0.0
20110414,0.0
20110415,0.0
20110416,0.0
20110417,0.0
20110418,0.0
20110419,0.0
20110420,0.0
20110421,0.0
20110422,0.0
20110423,0.0
20110424,0.0
20110425,0.0
20110426,0.0
20110427,0.0
20110428,0.0
20110429,0.0
20110430,0.0
20110501,0.0
20110502,0.0
20110503,0.0
20110504,0.0
20110505,0.0
20110506,0.0
20110507,0.0
20110508,0.0
20110509,0.0
20110510,0.0
20110511,0.0
20110512,0.0
20110513,0.0
20110514,0.0
20110515,0.0
20110516,0.0
20110517,0.0
20110518,0.0
20110519,0.0
20110520,0.0
20110521,0.0
20110522,0.0
20110523,0.0
20110524,0.0
20110525,0.0
20110526,0.0
20110527,0.0
20110528,0.0
20110529,0.0
20110530,0.0
20110531,0.0
20110601,0.0
20110602,0.0
20110603,0.0
20110604,0.0
20110605,0.0
20110606,0.0
20110607,0.0
20110608,0.0
20110609,0.0028082191780821916
20110610,0.007191780821917808
20110611,0.007191780821917808
20110612,0.007191780821917808
20110613,0.007191780821917808
20110614,0.007191780821917808
20110615,0.007191780821917808
20110616,0.007191780821917808
20110617,0.007191780821917808
20110618,0.007191780821917808
20110619,0.007191780821917808
20110620,0.007191780821917808
20110621,0.007191780821917808
20110622,0.007191780821917808
20110623,0.007191780821917808
20110624,0.007191780821917808
20110625,0.007191780821917808
20110626,0.007191780821917808
20110627,0.007191780821917808
20110628,0.007191780821917808
20110629,0.007191780821917808
20110630,0.007191780821917808
20110701,0.007191780821917808
20110702,0.007191780821917808
20110703,0.007191780821917808
20110704,0.007191780821917808
20110705,0.007191780821917808
20110706,0.007191780821917808
20110707,0.007191780821917808
20110708,0.007191780821917808
20110709,0.007191780821917808
20110710,0.007191780821917808
20110711,0.007191780821917808
20110712,0.007191780821917808
20110713,0.007191780821917808
20110714,0.007191780821917808
20110715,0.007191780821917808
20110716,0.007191780821917808
20110717,0.007191780821917808
20110718,0.007191780821917808
20110719,0.007191780821917808
20110720,0.007191780821917808
20110721,0.007191780821917808
20110722,0.007191780821917808
20110723,0.007191780821917808
20110724,0.007191780821917808
20110725,0.007191780821917808
20110726,0.007191780821917808
20110727,0.007191780821917808
20110728,0.007191780821917808
20110729,0.007191780821917808
20110730,0.007191780821917808
20110731,0.007191780821917808
20110801,0.007191780821917808
20110802,0.007191780821917808
20110803,0.007191780821917808
20110804,0.007191780821917808
20110805,0.007191780821917808
20110806,0.007191780821917808
20110807,0.007191780821917808
20110808,0.007191780821917808
20110809,0.007191780821917808
20110810,0.010958904109589041
20110811,0.010958904109589041
20110812,0.010958904109589041
20110813,0.010958904109589041
20110814,0.010958904109589041
20110815,0.010958904109589041
20110816,0.010958904109589041
20110817,0.013219178082191783
20110818,0.013219178082191783
20110819,0.013835616438356164
20110820,0.040136986301369866
20110821,0.10657534246575341
20110822,0.16869863013698633
20110823,0.29986301369863017
20110824,0.3149315068493151
20110825,0.3149315068493151
20110826,0.3149315068493151
20110827,0.3167123287671233
20110828,0.32787671232876714
20110829,0.32787671232876714
20110830,0.32787671232876714
20110831,0.32787671232876714
20110901,0.325
20110902,0.3203424657534247
20110903,0.3395205479452055
20110904,0.34157534246575344
20110905,0.345958904109589
20110906,0.3584246575342466
20110907,0.42547945205479454
20110908,0.5553424657534247
20110909,0.6905479452054795
20110910,0.9059589041095891
20110911,1.1676712328767123
20110912,1.3175342465753426
20110913,1.441849315068493
20110914,1.473082191780822
20110915,1.4750684931506848
20110916,1.4750684931506848
20110917,1.4750684931506848
20110918,1.4750684931506848
20110919,1.4750684931506848
20110920,1.4754794520547945
20110921,1.478904109589041
20110922,1.478904109589041
20110923,1.478904109589041
20110924,1.478904109589041
20110925,1.478904109589041
20110926,1.4795890410958903
20110927,1.5199315068493153
20110928,1.576164383561644
20110929,1.695821917808219
20110930,1.7887671232876714
20111001,1.7936986301369862
20111002,1.7974657534246576
20111003,1.9308904109589038
20111004,2.0028082191780823
20111005,2.0069178082191783
20111006,2.0081506849315067
20111007,2.013219178082192
20111008,2.055479452054794
20111009,2.055479452054794
20111010,2.055479452054794
20111011,2.055479452054794
20111012,2.0561643835616437
20111013,2.0654794520547943
20111014,2.0744520547945204
20111015,2.0744520547945204
20111016,2.0744520547945204
20111017,2.0744520547945204
20111018,2.0744520547945204
20111019,2.0744520547945204
20111020,2.0744520547945204
20111021,2.0744520547945204
20111022,2.0744520547945204
20111023,2.0744520547945204
20111024,2.0744520547945204
20111025,2.079383561643836
20111026,2.079383561643836
20111027,2.079383561643836
20111028,2.079383561643836
20111029,2.079383561643836
20111030,2.0796575342465755
20111031,2.0893150684931507
20111101,2.097876712328767
20111102,2.097945205479452
20111103,2.097945205479452
20111104,2.097945205479452
20111105,2.097945205479452
20111106,2.097945205479452
20111107,2.1008904109589044
20111108,2.106095890410959
20111109,2.103835616438356
20111110,2.105753424657534
20111111,2.1052054794520547
20111112,2.078972602739726
20111113,2.0133561643835614
20111114,1.9502054794520545
20111115,1.8193835616438356
20111116,1.803972602739726
20111117,1.803972602739726
20111118,1.803972602739726
20111119,1.8023287671232875
20111120,1.7906849315068494
20111121,1.7906849315068494
20111122,1.7906849315068494
20111123,1.7906849315068494
20111124,1.7906849315068494
20111125,1.7906164383561645
20111126,1.772123287671233
20111127,1.7696575342465755
20111128,1.7654109589041096
20111129,1.753013698630137
20111130,1.6860273972602737
20111201,1.556027397260274
20111202,1.4210958904109587
20111203,1.2054109589041095
20111204,0.944178082191781
20111205,0.793972602739726
20111206,0.6704109589041095
20111207,0.6391780821917807
20111208,0.6372602739726027
20111209,0.6372602739726027
20111210,0.6372602739726027
20111211,0.6372602739726027
20111212,0.6372602739726027
20111213,0.6365068493150685
20111214,0.6332876712328768
20111215,0.6332876712328768
20111216,0.6332876712328768
20111217,0.6332876712328768
20111218,0.6332876712328768
20111219,0.6325342465753424
20111220,0.5915068493150686
20111221,0.536027397260274
20111222,0.415958904109589
20111223,0.3228082191780822
20111224,0.3181506849315069
20111225,0.31431506849315066
20111226,0.18095890410958904
20111227,0.10842465753424657
20111228,0.10424657534246576
20111229,0.10328767123287672
20111230,0.09815068493150685
20111231,0.05664383561643836
20120101,0.05664383561643836
20120102,0.05664383561643836
20120103,0.05664383561643836
20120104,0.05595890410958905
20120105,0.046164383561643846
20120106,0.03739726027397261
20120107,0.03739726027397261
20120108,0.03739726027397261
20120109,0.03739726027397261
20120110,0.03739726027397261
20120111,0.03739726027397261
20120112,0.03739726027397261
20120113,0.03739726027397261
20120114,0.03739726027397261
20120115,0.03739726027397261
20120116,0.03739726027397261
20120117,0.032534246575342464
20120118,0.032534246575342464
20120119,0.032534246575342464
20120120,0.032534246575342464
20120121,0.032534246575342464
20120122,0.03212328767123288
20120123,0.022397260273972607
20120124,0.013972602739726028
20120125,0.01
20120126,0.01
20120127,0.01
20120128,0.01
20120129,0.01
20120130,0.007123287671232877
20120131,0.002054794520547945
20120201,0.0019178082191780824
20120202,0.0
20120203,0.0
20120204,0.0
20120205,0.0
20120206,0.0
20120207,0.0
20120208,0.0
20120209,0.0
20120210,0.0
20120211,0.0
20120212,0.0
20120213,0.0
20120214,0.0
20120215,0.0
20120216,0.0
20120217,0.0
20120218,0.0
20120219,0.0
20120220,0.0
20120221,0.0
20120222,0.0
20120223,0.0
20120224,0.0
20120225,0.0
20120226,0.0
20120227,0.0
20120228,0.0
20120229,0.0
20120301,0.0
20120302,0.0
20120303,0.0
20120304,0.0
20120305,0.0
20120306,0.0
20120307,0.0
20120308,0.0
20120309,0.0
20120310,0.0
20120311,0.0
20120312,0.0
20120313,0.0
20120314,0.0
20120315,0.0
20120316,0.0
20120317,0.0
20120318,0.0
20120319,0.0
20120320,0.0
20120321,0.0
20120322,0.0
20120323,0.0
20120324,0.0
20120325,0.0
20120326,0.0
20120327,0.0
20120328,0.0
20120329,0.0
20120330,0.0
20120331,0.0
20120401,0.0
20120402,0.0
20120403,0.0
20120404,0.0
20120405,0.0
20120406,0.0
20120407,0.0
20120408,0.0
20120409,0.0
20120410,0.0
20120411,0.0
20120412,0.0
20120413,0.0
20120414,0.0
20120415,0.0
20120416,0.0
20120417,0.0
20120418,0.0
20120419,0.0
20120420,0.0
20120421,0.0
20120422,0.0
20120423,0.0
20120424,0.0
20120425,0.0
20120426,0.0
20120427,0.0
20120428,0.0
20120429,0.0
20120430,0.0
20120501,0.0
20120502,0.0
20120503,0.0
20120504,0.0
20120505,0.0
20120506,0.0
20120507,0.0
20120508,0.0
20120509,0.0
20120510,0.0
20120511,0.0
20120512,0.0
20120513,0.0
20120514,0.0
20120515,0.0
20120516,0.0
20120517,0.0
20120518,0.0
20120519,0.0
20120520,0.0
20120521,0.0
20120522,0.0
20120523,0.0
20120524,0.0
20120525,0.0
20120526,0.0
20120527,0.0
20120528,0.0
20120529,0.0
20120530,0.0
20120531,0.0
20120601,0.0
20120602,0.0
20120603,0.0
20120604,0.0
20120605,0.0
20120606,0.0
20120607,0.0
20120608,0.0
20120609,0.0
20120610,0.0
20120611,0.0
20120612,0.0
20120613,0.0
20120614,0.0
20120615,0.0
20120616,0.0
20120617,0.0
20120618,0.0
20120619,0.0
20120620,0.0
20120621,0.0
20120622,0.0
20120623,0.0
20120624,0.0
20120625,0.0
20120626,0.0
20120627,0.0
20120628,0.0
20120629,0.0
20120630,0.0
20120701,0.0
20120702,0.0
20120703,0.0
20120704,0.0
20120705,0.0
20120706,0.0
20120707,0.0
20120708,0.0
20120709,0.0
20120710,0.0
20120711,0.0
20120712,0.0
20120713,0.0
20120714,0.0
20120715,0.0
20120716,0.0
20120717,0.0
20120718,0.0
20120719,0.0
20120720,0.0
20120721,0.0
20120722,0.0
20120723,0.0
20120724,0.0
20120725,0.0
20120726,0.0
20120727,0.0
20120728,0.0
20120729,0.0
20120730,0.0
20120731,0.0
20120801,0.0
20120802,0.0
20120803,0.0
20120804,0.0
20120805,0.0
20120806,0.0
20120807,0.0
20120808,0.0
20120809,0.0
20120810,0.0
20120811,0.0
20120812,0.0
20120813,0.0
20120814,0.0
20120815,0.0
20120816,0.0
20120817,0.0
20120818,0.0
20120819,0.0
20120820,0.0
20120821,0.0
20120822,0.0
20120823,0.0
20120824,0.0
20120825,0.0
20120826,0.0
20120827,0.0
20120828,0.0
20120829,0.0
20120830,0.0
20120831,0.0
20120901,0.0
20120902,0.0
20120903,0.0
20120904,0.0
20120905,0.0
20120906,0.019726027397260273
20120907,0.05582191780821917
20120908,0.08150684931506849
20120909,0.08787671232876713
20120910,0.09356164383561644
20120911,0.0936986301369863
20120912,0.09383561643835615
20120913,0.14013698630136986
20120914,0.15897260273972602
20120915,0.2565068493150685
20120916,0.3241095890410959
20120917,0.3458219178082192
20120918,0.3728767123287672
20120919,0.503013698630137
20120920,0.6757534246575342
20120921,0.7332876712328767
20120922,0.7756849315068494
20120923,0.779041095890411
20120924,0.779041095890411
20120925,0.779041095890411
20120926,0.779041095890411
20120927,0.779041095890411
20120928,0.779041095890411
20120929,0.779041095890411
20120930,0.779041095890411
20121001,0.7817123287671233
20121002,0.8060958904109589
20121003,0.8071917808219178
20121004,0.8071917808219178
20121005,0.8071917808219178
20121006,0.8071917808219178
20121007,0.8221917808219179
20121008,0.8742465753424656
20121009,0.888082191780822
20121010,0.888082191780822
20121011,0.888082191780822
20121012,0.888082191780822
20121013,0.888082191780822
20121014,0.9321232876712331
20121015,0.9866438356164384
20121016,1.0616438356164384
20121017,1.2454794520547943
20121018,1.3848630136986302
20121019,1.4682191780821918
20121020,1.474109589041096
20121021,1.474109589041096
20121022,1.474109589041096
20121023,1.474109589041096
20121024,1.474109589041096
20121025,1.474109589041096
20121026,1.474109589041096
20121027,1.474109589041096
20121028,1.5176712328767124
20121029,1.5301369863013696
20121030,1.5301369863013696
20121031,1.5301369863013696
20121101,1.5301369863013696
20121102,1.5324657534246575
20121103,1.5324657534246575
20121104,1.5324657534246575
20121105,1.5324657534246575
20121106,1.5324657534246575
20121107,1.5389041095890412
20121108,1.5405479452054796
20121109,1.5537671232876713
20121110,1.582054794520548
20121111,1.5838356164383562
20121112,1.5838356164383562
20121113,1.6108904109589042
20121114,1.7090410958904112
20121115,1.8310958904109587
20121116,1.866712328767123
20121117,1.8882876712328762
20121118,1.9052054794520545
20121119,1.924931506849315
20121120,1.924931506849315
20121121,1.924931506849315
20121122,1.924931506849315
20121123,1.924931506849315
20121124,1.924931506849315
20121125,1.924931506849315
20121126,1.924931506849315
20121127,1.924931506849315
20121128,1.924931506849315
20121129,1.9054794520547944
20121130,1.8701369863013697
20121201,1.8433561643835616
20121202,1.8369863013698629
20121203,1.830958904109589
20121204,1.8308219178082192
20121205,1.8306164383561643
20121206,1.7845205479452055
20121207,1.7653424657534242
20121208,1.668082191780822
20121209,1.6014383561643837
20121210,1.5797260273972602
20121211,1.553013698630137
20121212,1.4219178082191781
20121213,1.2493835616438358
20121214,1.191917808219178
20121215,1.1501369863013697
20121216,1.1464383561643836
20121217,1.1464383561643836
20121218,1.1464383561643836
20121219,1.1464383561643836
20121220,1.1464383561643836
20121221,1.1464383561643836
20121222,1.1464383561643836
20121223,1.1463698630136987
20121224,1.1434246575342466
20121225,1.1191780821917807
20121226,1.118082191780822
20121227,1.118082191780822
20121228,1.118082191780822
20121229,1.118082191780822
20121230,1.1030136986301369
20121231,1.0508904109589041
20130101,1.036986301369863
20130102,1.036986301369863
20130103,1.036986301369863
20130104,1.036986301369863
20130105,1.036986301369863
20130106,0.992191780821918
20130107,0.9389041095890411
20130108,0.8637671232876711
20130109,0.6799315068493151
20130110,0.5402054794520548
20130111,0.4568493150684932
20130112,0.45116438356164384
20130113,0.45116438356164384
20130114,0.45116438356164384
20130115,0.45116438356164384
20130116,0.45116438356164384
20130117,0.45116438356164384
20130118,0.45116438356164384
20130119,0.45116438356164384
20130120,0.4076712328767123
20130121,0.3950684931506849
20130122,0.3950684931506849
20130123,0.3950684931506849
20130124,0.3950684931506849
20130125,0.39294520547945205
20130126,0.39294520547945205
20130127,0.39294520547945205
20130128,0.39294520547945205
20130129,0.39294520547945205
20130130,0.3865068493150685
20130131,0.38465753424657534
20130201,0.37150684931506844
20130202,0.34335616438356165
20130203,0.34157534246575344
20130204,0.34157534246575344
20130205,0.31397260273972605
20130206,0.21616438356164383
20130207,0.09445205479452054
20130208,0.05863013698630137
20130209,0.036369863013698635
20130210,0.019452054794520546
20130211,0.0
20130212,0.0
20130213,0.0
20130214,0.0
20130215,0.0
20130216,0.0
20130217,0.0
20130218,0.0
20130219,0.0
20130220,0.0
20130221,0.0
20130222,0.0
20130223,0.0
20130224,0.0
20130225,0.0
20130226,0.0
20130227,0.0
20130228,0.0
20130301,0.0
20130302,0.0
20130303,0.0
20130304,0.0
20130305,0.0
20130306,0.0
20130307,0.0
20130308,0.0
20130309,0.0
20130310,0.0
20130311,0.0
20130312,0.0
20130313,0.0
20130314,0.0
20130315,0.0
20130316,0.0
20130317,0.0
20130318,0.0
20130319,0.0
20130320,0.0
20130321,0.0
20130322,0.0
20130323,0.0
20130324,0.0
20130325,0.0
20130326,0.0
20130327,0.0
20130328,0.0
20130329,0.0
20130330,0.0
20130331,0.0
20130401,0.0
20130402,0.0
20130403,0.0
20130404,0.0
20130405,0.0
20130406,0.0
20130407,0.0
20130408,0.0
20130409,0.0
20130410,0.0
20130411,0.0
20130412,0.0
20130413,0.0
20130414,0.0
20130415,0.0
20130416,0.0
20130417,0.0
20130418,0.0
20130419,0.0
20130420,0.0
20130421,0.0
20130422,0.0
20130423,0.0
20130424,0.0
20130425,0.0
20130426,0.0
20130427,0.0
20130428,0.0
20130429,0.0
20130430,0.0
20130501,0.0
20130502,0.0
20130503,0.0
20130504,0.0
20130505,0.0
20130506,0.0
20130507,0.0
20130508,0.0
20130509,0.0
20130510,0.0
20130511,0.0
20130512,0.0
20130513,0.0
20130514,0.0
20130515,0.0
20130516,0.0
20130517,0.0
20130518,0.0
20130519,0.0
20130520,0.0
20130521,0.0
20130522,0.0
20130523,0.0
20130524,0.0
20130525,0.0
20130526,0.0
20130527,0.0
20130528,0.0
20130529,0.0
20130530,0.0
20130531,0.0
20130601,0.0
20130602,0.0
20130603,0.0
20130604,0.0
20130605,0.0
20130606,0.0
20130607,0.0
20130608,0.0
20130609,0.0
20130610,0.0
20130611,0.0
20130612,0.0
20130613,0.0
20130614,0.0
20130615,0.0
20130616,0.0
20130617,0.0
20130618,0.0
20130619,0.0
20130620,0.0
20130621,0.0
20130622,0.0
20130623,0.0
20130624,0.0
20130625,0.0
20130626,0.0
20130627,0.0
20130628,0.0
20130629,0.0
20130630,0.0
20130701,0.0
20130702,0.0
20130703,0.0
20130704,0.0
20130705,0.0
20130706,0.0
20130707,0.0
20130708,0.0
20130709,0.0
20130710,0.0
20130711,0.0
20130712,0.0
20130713,0.0
20130714,0.0
20130715,0.0
20130716,0.0
20130717,0.0
20130718,0.0
20130719,0.0
20130720,0.0
20130721,0.0
20130722,0.0
20130723,0.0
20130724,0.0
20130725,0.0
20130726,0.0
20130727,0.0
20130728,0.0
20130729,0.0
20130730,0.0
20130731,0.0
20130801,0.0
20130802,0.0
20130803,0.0
20130804,0.0
20130805,0.0
20130806,0.0
20130807,0.0
20130808,0.0
20130809,0.0
20130810,0.0
20130811,0.0
20130812,0.0
20130813,0.0
20130814,0.0
20130815,0.0
20130816,0.0
20130817,0.0
20130818,0.0
20130819,0.0
20130820,0.0
20130821,0.0
20130822,0.0
20130823,0.0
20130824,0.0
20130825,0.0
20130826,0.004863013698630137
20130827,0.04013698630136986
20130828,0.07493150684931507
20130829,0.13575342465753426
20130830,0.19363013698630135
20130831,0.19732876712328765
20130901,0.20753424657534247
20130902,0.2888356164383562
20130903,0.39883561643835613
20130904,0.39883561643835613
20130905,0.39999999999999997
20130906,0.7004109589041096
20130907,1.0315068493150685
20130908,1.361095890410959
20130909,1.6311643835616438
20130910,1.6458219178082194
20130911,1.6458219178082194
20130912,1.646164383561644
20130913,1.646164383561644
20130914,1.646164383561644
20130915,1.646164383561644
20130916,1.646164383561644
20130917,1.646164383561644
20130918,1.646164383561644
20130919,1.646164383561644
20130920,1.646164383561644
20130921,1.719794520547945
20130922,1.7334931506849318
20130923,1.7397945205479453
20130924,1.7426712328767127
20130925,1.7475342465753425
20130926,1.7815753424657534
20130927,1.7815753424657534
20130928,1.7815753424657534
20130929,1.7815753424657534
20130930,1.7815753424657534
20131001,1.7815753424657534
20131002,1.7815753424657534
20131003,1.7815753424657534
20131004,1.7815753424657534
20131005,1.7825342465753424
20131006,1.9092465753424657
20131007,2.0467808219178085
20131008,2.073219178082192
20131009,2.0747945205479454
20131010,2.0783561643835617
20131011,2.0783561643835617
20131012,2.0783561643835617
20131013,2.0783561643835617
20131014,2.0783561643835617
20131015,2.0783561643835617
20131016,2.0783561643835617
20131017,2.0783561643835617
20131018,2.0783561643835617
20131019,2.0783561643835617
20131020,2.0783561643835617
20131021,2.0783561643835617
20131022,2.0783561643835617
20131023,2.0783561643835617
20131024,2.0783561643835617
20131025,2.0783561643835617
20131026,2.0783561643835617
20131027,2.0783561643835617
20131028,2.0783561643835617
20131029,2.0783561643835617
20131030,2.0783561643835617
20131031,2.0783561643835617
20131101,2.0783561643835617
20131102,2.0783561643835617
20131103,2.0783561643835617
20131104,2.0783561643835617
20131105,2.0783561643835617
20131106,2.0783561643835617
20131107,2.0783561643835617
20131108,2.0783561643835617
20131109,2.0783561643835617
20131110,2.0783561643835617
20131111,2.0783561643835617
20131112,2.0783561643835617
20131113,2.0783561643835617
20131114,2.0783561643835617
20131115,2.0783561643835617
20131116,2.0783561643835617
20131117,2.0783561643835617
20131118,2.0733561643835614
20131119,2.0383561643835617
20131120,2.0030821917808224
20131121,1.9417808219178083
20131122,1.8845890410958905
20131123,1.8810958904109587
20131124,1.8707534246575341
20131125,1.788287671232877
20131126,1.6794520547945204
20131127,1.6794520547945204
20131128,1.6783561643835616
20131129,1.377054794520548
20131130,1.0463698630136986
20131201,0.7163698630136986
20131202,0.4472602739726027
20131203,0.43246575342465754
20131204,0.43246575342465754
20131205,0.4318493150684931
20131206,0.4318493150684931
20131207,0.4318493150684931
20131208,0.4318493150684931
20131209,0.4318493150684931
20131210,0.4318493150684931
20131211,0.4318493150684931
20131212,0.4318493150684931
20131213,0.4318493150684931
20131214,0.3580821917808219
20131215,0.3443835616438356
20131216,0.3378767123287671
20131217,0.3351369863013698
20131218,0.3304794520547945
20131219,0.29602739726027394
20131220,0.29602739726027394
20131221,0.29602739726027394
20131222,0.29602739726027394
20131223,0.29602739726027394
20131224,0.29602739726027394
20131225,0.29602739726027394
20131226,0.29602739726027394
20131227,0.29602739726027394
20131228,0.29513698630136986
20131229,0.16835616438356163
20131230,0.031027397260273967
20131231,0.0048630136986301375
20140101,0.003287671232876713
20140102,0.0
20140103,0.0
20140104,0.0
20140105,0.0
20140106,0.0
20140107,0.0
20140108,0.0
20140109,0.0
20140110,0.0
20140111,0.0
20140112,0.0
20140113,0.0
20140114,0.0
20140115,0.0
20140116,0.0
20140117,0.0
20140118,0.0
20140119,0.0
20140120,0.0
20140121,0.0
20140122,0.0
20140123,0.0
20140124,0.0
20140125,0.0
20140126,0.0
20140127,0.0
20140128,0.0
20140129,0.0
20140130,0.0
20140131,0.0
20140201,0.0
20140202,0.0
20140203,0.0
20140204,0.0
20140205,0.0
20140206,0.0
20140207,0.0
20140208,0.0
20140209,0.0
20140210,0.0
20140211,0.0
20140212,0.0
20140213,0.0
20140214,0.0
20140215,0.0
20140216,0.0
20140217,0.0
20140218,0.0
20140219,0.0
20140220,0.0
20140221,0.0
20140222,0.0
20140223,0.0
20140224,0.0
20140225,0.0
20140226,0.0
20140227,0.0
20140228,0.0
20140301,0.0
20140302,0.0
20140303,0.0
20140304,0.0
20140305,0.0
20140306,0.0
20140307,0.0
20140308,0.0
20140309,0.0
20140310,0.0
20140311,0.0
20140312,0.0
20140313,0.0
20140314,0.0
20140315,0.0
20140316,0.0
20140317,0.0
20140318,0.0
20140319,0.0
20140320,0.0
20140321,0.0
20140322,0.0
20140323,0.0
20140324,0.0
20140325,0.0
20140326,0.0
20140327,0.0
20140328,0.0
20140329,0.0
20140330,0.0
20140331,0.0
20140401,0.0
20140402,0.0
20140403,0.0
20140404,0.0
20140405,0.0
20140406,0.0
20140407,0.0
20140408,0.0
20140409,0.0
20140410,0.0
20140411,0.0
20140412,0.0
20140413,0.0
20140414,0.0
20140415,0.0
20140416,0.0
20140417,0.0
20140418,0.0
20140419,0.0
20140420,0.0
20140421,0.0
20140422,0.0
20140423,0.0
20140424,0.0
20140425,0.0
20140426,0.0
20140427,0.0
20140428,0.0
20140429,0.0
20140430,0.0
20140501,0.0
20140502,0.0
20140503,0.0
20140504,0.0
20140505,0.0
20140506,0.0
20140507,0.0
20140508,0.0
20140509,0.0
20140510,0.0
20140511,0.0
20140512,0.0
20140513,0.0
20140514,0.0
20140515,0.0
20140516,0.0
20140517,0.0
20140518,0.0
20140519,0.0
20140520,0.0
20140521,0.0
20140522,0.0
20140523,0.0
20140524,0.0
20140525,0.0
20140526,0.0
20140527,0.0
20140528,0.0
20140529,0.0
20140530,0.0
20140531,0.0
20140601,0.0
20140602,0.0
20140603,0.0
20140604,0.0
20140605,0.0
20140606,0.0
20140607,0.0
20140608,0.0
20140609,0.0
20140610,0.0
20140611,0.0
20140612,0.0
20140613,0.0
20140614,0.0
20140615,0.0
20140616,0.0
20140617,0.0
20140618,0.0
20140619,0.0
20140620,0.0
20140621,0.0
20140622,0.0
20140623,0.0
20140624,0.0
20140625,0.0
20140626,0.0
20140627,0.0
20140628,0.0
20140629,0.0
20140630,0.0
20140701,0.0
20140702,0.0
20140703,0.0
20140704,0.0
20140705,0.0
20140706,0.0
20140707,0.0
20140708,0.0
20140709,0.0
20140710,0.0
20140711,0.0
20140712,0.0
20140713,0.0
20140714,0.0
20140715,0.0
20140716,0.0
20140717,0.0
20140718,0.0
20140719,0.0
20140720,0.0
20140721,0.0
20140722,0.0
20140723,0.0
20140724,0.0
20140725,0.0
20140726,0.0
20140727,0.0
20140728,0.0
20140729,0.0
20140730,0.0
20140731,0.0
20140801,0.0
20140802,0.0
20140803,0.0
20140804,0.0
20140805,0.0
20140806,0.0
20140807,0.0
20140808,0.0
20140809,0.0
20140810,0.0
20140811,0.0
20140812,0.0
20140813,0.0
20140814,0.0
20140815,0.0
20140816,0.0
20140817,0.0
20140818,0.0
20140819,0.0
20140820,0.0
20140821,0.0
20140822,0.0
20140823,0.0
20140824,0.0
20140825,0.0
20140826,0.0
20140827,0.0
20140828,0.0
20140829,0.0
20140830,0.0
20140831,6.84931506849315e-05
20140901,6.84931506849315e-05
20140902,6.84931506849315e-05
20140903,6.84931506849315e-05
20140904,6.84931506849315e-05
20140905,6.84931506849315e-05
20140906,6.84931506849315e-05
20140907,6.84931506849315e-05
20140908,6.84931506849315e-05
20140909,6.84931506849315e-05
20140910,6.84931506849315e-05
20140911,6.84931506849315e-05
20140912,6.84931506849315e-05
20140913,6.84931506849315e-05
20140914,6.84931506849315e-05
20140915,6.84931506849315e-05
20140916,6.84931506849315e-05
20140917,6.84931506849315e-05
20140918,6.84931506849315e-05
20140919,6.84931506849315e-05
20140920,6.84931506849315e-05
20140921,6.84931506849315e-05
20140922,6.84931506849315e-05
20140923,6.84931506849315e-05
20140924,6.84931506849315e-05
20140925,6.84931506849315e-05
20140926,6.84931506849315e-05
20140927,6.84931506849315e-05
20140928,6.84931506849315e-05
20140929,6.84931506849315e-05
20140930,6.84931506849315e-05
20141001,6.84931506849315e-05
20141002,6.84931506849315e-05
20141003,6.84931506849315e-05
20141004,6.84931506849315e-05
20141005,6.84931506849315e-05
20141006,6.84931506849315e-05
20141007,6.84931506849315e-05
20141008,6.84931506849315e-05
20141009,6.84931506849315e-05
20141010,6.84931506849315e-05
20141011,6.84931506849315e-05
20141012,6.84931506849315e-05
20141013,6.84931506849315e-05
20141014,6.84931506849315e-05
20141015,6.84931506849315e-05
20141016,6.84931506849315e-05
20141017,6.84931506849315e-05
20141018,6.84931506849315e-05
20141019,6.84931506849315e-05
20141020,6.84931506849315e-05
20141021,6.84931506849315e-05
20141022,6.84931506849315e-05
20141023,6.84931506849315e-05
20141024,6.84931506849315e-05
20141025,6.84931506849315e-05
20141026,0.00034246575342465754
20141027,0.00034246575342465754
20141028,0.00034246575342465754
20141029,0.00034246575342465754
20141030,0.00034246575342465754
20141031,0.00034246575342465754
20141101,0.00034246575342465754
20141102,0.00034246575342465754
20141103,0.00034246575342465754
20141104,0.00034246575342465754
20141105,0.00034246575342465754
20141106,0.00034246575342465754
20141107,0.00034246575342465754
20141108,0.00034246575342465754
20141109,0.00034246575342465754
20141110,0.00034246575342465754
20141111,0.00034246575342465754
20141112,0.00034246575342465754
20141113,0.00034246575342465754
20141114,0.00034246575342465754
20141115,0.00034246575342465754
20141116,0.00034246575342465754
20141117,0.00034246575342465754
20141118,0.00034246575342465754
20141119,0.00034246575342465754
20141120,0.00034246575342465754
20141121,0.00034246575342465754
20141122,0.000273972602739726
20141123,0.000273972602739726
20141124,0.000273972602739726
20141125,0.000273972602739726
20141126,0.000273972602739726
20141127,0.000273972602739726
20141128,0.000273972602739726
20141129,0.000273972602739726
20141130,0.000273972602739726
20141201,0.000273972602739726
20141202,0.000273972602739726
20141203,0.000273972602739726
20141204,0.000273972602739726
20141205,0.000273972602739726
20141206,0.000273972602739726
20141207,0.000273972602739726
20141208,0.000273972602739726
20141209,0.000273972602739726
20141210,0.000273972602739726
20141211,0.000273972602739726
20141212,0.000273972602739726
20141213,0.000273972602739726
20141214,0.000273972602739726
20141215,0.000273972602739726
20141216,0.000273972602739726
20141217,0.000273972602739726
20141218,0.000273972602739726
20141219,0.000273972602739726
20141220,0.000273972602739726
20141221,0.000273972602739726
20141222,0.000273972602739726
20141223,0.000273972602739726
20141224,0.000273972602739726
20141225,0.000273972602739726
20141226,0.000273972602739726
20141227,0.000273972602739726
20141228,0.000273972602739726
20141229,0.000273972602739726
20141230,0.000273972602739726
20141231,0.000273972602739726
20150101,0.000273972602739726
20150102,0.000273972602739726
20150103,0.000273972602739726
20150104,0.000273972602739726
20150105,0.000273972602739726
20150106,0.000273972602739726
20150107,0.000273972602739726
20150108,0.000273972602739726
20150109,0.000273972602739726
20150110,0.000273972602739726
20150111,0.000273972602739726
20150112,0.000273972602739726
20150113,0.000273972602739726
20150114,0.000273972602739726
20150115,0.000273972602739726
20150116,0.000273972602739726
20150117,0.000273972602739726
20150118,0.0
20150119,0.0
20150120,0.0
20150121,0.0
20150122,0.0
20150123,0.0
20150124,0.0
20150125,0.0
20150126,0.0
20150127,0.0
20150128,0.0
20150129,0.0
20150130,0.0
20150131,0.0
20150201,0.0
20150202,0.0
20150203,0.0
20150204,0.0
20150205,0.0
20150206,0.0
20150207,0.0
20150208,0.0
20150209,0.0
20150210,0.0
20150211,0.0
20150212,0.0
20150213,0.0
20150214,0.0
20150215,0.0
20150216,0.0
20150217,0.0
20150218,0.0
20150219,0.0
20150220,0.0
20150221,0.0
20150222,0.0
20150223,0.0
20150224,0.0
20150225,0.0
20150226,0.0
20150227,0.0
20150228,0.0
20150301,0.0
20150302,0.0
20150303,0.0
20150304,0.0
20150305,0.0
20150306,0.0
20150307,0.0
20150308,0.0
20150309,0.0
20150310,0.0
20150311,0.0
20150312,0.0
20150313,0.0
20150314,0.0
20150315,0.0
20150316,0.0
20150317,0.0
20150318,0.0
20150319,0.0
20150320,0.0
20150321,0.0
20150322,0.0
20150323,0.0
20150324,0.0
20150325,0.0
20150326,0.0
20150327,0.0
20150328,0.0
20150329,0.0
20150330,0.0
20150331,0.0
20150401,0.0
20150402,0.0
20150403,0.0
20150404,0.0
20150405,0.0
20150406,0.0
20150407,0.0
20150408,0.0
20150409,0.0
20150410,0.0
20150411,0.0
20150412,0.0
20150413,0.0
20150414,0.0
20150415,0.0
20150416,0.0
20150417,0.0
20150418,0.0
20150419,0.0
20150420,0.0
20150421,0.0
20150422,0.0
20150423,0.0
20150424,0.0
20150425,0.0
20150426,0.0
20150427,0.0
20150428,0.0
20150429,0.0
20150430,0.0
20150501,0.0
20150502,0.0
20150503,0.0
20150504,0.0
20150505,0.0
20150506,0.0
20150507,0.0
20150508,0.0
20150509,0.0
20150510,0.0
20150511,0.0
20150512,0.0
20150513,0.0
20150514,0.0
20150515,0.0
20150516,0.0
20150517,0.0
20150518,0.0
20150519,0.0
20150520,0.0
20150521,0.0
20150522,0.0
20150523,0.0
20150524,0.0
20150525,0.0
20150526,0.0
20150527,0.0
20150528,0.0
20150529,0.0
20150530,0.0
20150531,0.0
20150601,0.0
20150602,0.0
20150603,0.0
20150604,0.0
20150605,0.0
20150606,0.0
20150607,0.0
20150608,0.0
20150609,0.0
20150610,0.0
20150611,0.0
20150612,0.0
20150613,0.0
20150614,0.0
20150615,0.0
20150616,0.0
20150617,0.0
20150618,0.0
20150619,0.0
20150620,0.0
20150621,0.0
20150622,0.0
20150623,0.0
20150624,0.0
20150625,0.0
20150626,0.0
20150627,0.0
20150628,0.0
20150629,0.0
20150630,0.0
20150701,0.0
20150702,0.0
20150703,0.0
20150704,0.0
20150705,0.0
20150706,0.0
20150707,0.0
20150708,0.0
20150709,0.0
20150710,0.0
20150711,0.0
20150712,0.0
20150713,0.0
20150714,0.0
20150715,0.0
20150716,0.0
20150717,0.0
20150718,0.0
20150719,0.0
20150720,0.0
20150721,0.0
20150722,0.0
20150723,0.0
20150724,0.0
20150725,0.0
20150726,0.0
20150727,0.0
20150728,0.0
20150729,0.0
20150730,0.0
20150731,0.0
20150801,0.0
20150802,0.0
20150803,0.0
20150804,0.0
20150805,0.0
20150806,0.0
20150807,0.0
20150808,0.0
20150809,0.0
20150810,0.0
20150811,0.0
20150812,0.0
20150813,0.0
20150814,0.0
20150815,0.0
20150816,0.0
20150817,0.0
20150818,0.0
20150819,0.0
20150820,0.0
20150821,0.0
20150822,0.0
20150823,0.0
20150824,0.0
20150825,0.0
20150826,0.0
20150827,0.0
20150828,0.0
20150829,0.0
20150830,0.0
20150831,0.0
20150901,0.0
20150902,0.0
20150903,0.0
20150904,0.0
20150905,0.0
20150906,0.0
20150907,0.009452054794520548
20150908,0.02993150684931507
20150909,0.02993150684931507
20150910,0.02993150684931507
20150911,0.02993150684931507
20150912,0.02993150684931507
20150913,0.02993150684931507
20150914,0.02993150684931507
20150915,0.02993150684931507
20150916,0.02993150684931507
20150917,0.02993150684931507
20150918,0.02993150684931507
20150919,0.02993150684931507
20150920,0.02993150684931507
20150921,0.02993150684931507
20150922,0.02993150684931507
20150923,0.04780821917808219
20150924,0.15657534246575341
20150925,0.2520547945205479
20150926,0.2606164383561644
20150927,0.2688356164383562
20150928,0.2688356164383562
20150929,0.2688356164383562
20150930,0.2688356164383562
20151001,0.2688356164383562
20151002,0.2688356164383562
20151003,0.2723287671232877
20151004,0.27335616438356164
20151005,0.2806164383561644
20151006,0.28910958904109585
20151007,0.29116438356164376
20151008,0.29116438356164376
20151009,0.29116438356164376
20151010,0.29116438356164376
20151011,0.29116438356164376
20151012,0.29116438356164376
20151013,0.29116438356164376
20151014,0.29116438356164376
20151015,0.29116438356164376
20151016,0.29116438356164376
20151017,0.29116438356164376
20151018,0.29116438356164376
20151019,0.29116438356164376
20151020,0.29116438356164376
20151021,0.29116438356164376
20151022,0.29116438356164376
20151023,0.29116438356164376
20151024,0.29116438356164376
20151025,0.29116438356164376
20151026,0.29116438356164376
20151027,0.29116438356164376
20151028,0.29116438356164376
20151029,0.29116438356164376
20151030,0.29116438356164376
20151031,0.29116438356164376
20151101,0.29116438356164376
20151102,0.29116438356164376
20151103,0.29116438356164376
20151104,0.29116438356164376
20151105,0.29116438356164376
20151106,0.29116438356164376
20151107,0.29116438356164376
20151108,0.29116438356164376
20151109,0.29116438356164376
20151110,0.29116438356164376
20151111,0.29116438356164376
20151112,0.29116438356164376
20151113,0.29116438356164376
20151114,0.29116438356164376
20151115,0.29116438356164376
20151116,0.29116438356164376
20151117,0.29116438356164376
20151118,0.29116438356164376
20151119,0.29116438356164376
20151120,0.29116438356164376
20151121,0.29116438356164376
20151122,0.29116438356164376
20151123,0.29116438356164376
20151124,0.29116438356164376
20151125,0.29116438356164376
20151126,0.29116438356164376
20151127,0.29116438356164376
20151128,0.29116438356164376
20151129,0.29116438356164376
20151130,0.2815068493150685
20151201,0.2610958904109588
20151202,0.2610958904109588
20151203,0.2610958904109588
20151204,0.2610958904109588
20151205,0.2610958904109588
20151206,0.2610958904109588
20151207,0.2610958904109588
20151208,0.2610958904109588
20151209,0.2610958904109588
20151210,0.2610958904109588
20151211,0.2610958904109588
20151212,0.2610958904109588
20151213,0.2610958904109588
20151214,0.2610958904109588
20151215,0.2610958904109588
20151216,0.24301369863013692
20151217,0.13424657534246576
20151218,0.03883561643835617
20151219,0.030342465753424655
20151220,0.02219178082191781
20151221,0.02219178082191781
20151222,0.02219178082191781
20151223,0.02219178082191781
20151224,0.02219178082191781
20151225,0.02219178082191781
20151226,0.01856164383561644
20151227,0.0176027397260274
20151228,0.010410958904109589
20151229,0.002123287671232877
20151230,0.0
20151231,0.0
20160101,0.0
20160102,0.0
20160103,0.0
20160104,0.0
20160105,0.0
20160106,0.0
20160107,0.0
20160108,0.0
20160109,0.0
20160110,0.0
20160111,0.0
20160112,0.0
20160113,0.0
20160114,0.0
20160115,0.0
20160116,0.0
20160117,0.0
20160118,0.0
20160119,0.0
20160120,0.0
20160121,0.0
20160122,0.0
20160123,0.0
20160124,0.0
20160125,0.0
20160126,0.0
20160127,0.0
20160128,0.0
20160129,0.0
20160130,0.0
20160131,0.0
20160201,0.0
20160202,0.0
20160203,0.0
20160204,0.0
20160205,0.0
20160206,0.0
20160207,0.0
20160208,0.0
20160209,0.0
20160210,0.0
20160211,0.0
20160212,0.0
20160213,0.0
20160214,0.0
20160215,0.0
20160216,0.0
20160217,0.0
20160218,0.0
20160219,0.0
20160220,0.0
20160221,0.0
20160222,0.0
20160223,0.0
20160224,0.0
20160225,0.0
20160226,0.0
20160227,0.0
20160228,0.0
20160229,0.0
20160301,0.0
20160302,0.0
20160303,0.0
20160304,0.0
20160305,0.0
20160306,0.0
20160307,0.0
20160308,0.0
20160309,0.0
20160310,0.0
20160311,0.0
20160312,0.0
20160313,0.0
20160314,0.0
20160315,0.0
20160316,0.0
20160317,0.0
20160318,0.0
20160319,0.0
20160320,0.0
20160321,0.0
20160322,0.0
20160323,0.0
20160324,0.0
20160325,0.0
20160326,0.0
20160327,0.0
20160328,0.0
20160329,0.0
20160330,0.0
20160331,0.0
20160401,0.0
20160402,0.0
20160403,0.0
20160404,0.0
20160405,0.0
20160406,0.0
20160407,0.0
20160408,0.0
20160409,0.0
20160410,0.0
20160411,0.0
20160412,0.0
20160413,0.0
20160414,0.0
20160415,0.0
20160416,0.0
20160417,0.0
20160418,0.0
20160419,0.0
20160420,0.0
20160421,0.0
20160422,0.0
20160423,0.0
20160424,0.0
20160425,0.0
20160426,0.0
20160427,0.0
20160428,0.0
20160429,0.0
20160430,0.0
20160501,0.0
20160502,0.0
20160503,0.0
20160504,0.0
20160505,0.0
20160506,0.0
20160507,0.0
20160508,0.0
20160509,0.0
20160510,0.0
20160511,0.0
20160512,0.0
20160513,0.0
20160514,0.0
20160515,0.0
20160516,0.0
20160517,0.0
20160518,0.0
20160519,0.0
20160520,0.0
20160521,0.0
20160522,0.0
20160523,0.0
20160524,0.0
20160525,0.0
20160526,0.0
20160527,0.0
20160528,0.0
20160529,0.0
20160530,0.0
20160531,0.0
20160601,0.0
20160602,0.0
20160603,0.0
20160604,0.0
20160605,0.0
20160606,0.0
20160607,0.0
20160608,0.0
20160609,0.0
20160610,0.0
20160611,0.0
20160612,0.0
20160613,0.0
20160614,0.0
20160615,0.0
20160616,0.0
20160617,0.0
20160618,0.0
20160619,0.0
20160620,0.0
20160621,0.0
20160622,0.0
20160623,0.0
20160624,0.0
20160625,0.0
20160626,0.0
20160627,0.0
20160628,0.0
20160629,0.0
20160630,0.0
20160701,0.0
20160702,0.0
20160703,0.0
20160704,0.0
20160705,0.0
20160706,0.0
20160707,0.0
20160708,0.0
20160709,0.0
20160710,0.0
20160711,0.0
20160712,0.0
20160713,0.0
20160714,0.0
20160715,0.0
20160716,0.0
20160717,0.0
20160718,0.0
20160719,0.0
20160720,0.0
20160721,0.0
20160722,0.0
20160723,0.0
20160724,0.0
20160725,0.0
20160726,0.0
20160727,0.0
20160728,0.0
20160729,0.0
20160730,0.0
20160731,0.0
20160801,0.0
20160802,0.0
20160803,0.0
20160804,0.0
20160805,0.0
20160806,0.0
20160807,0.0
20160808,0.0
20160809,0.0
20160810,0.0
20160811,0.0
20160812,0.0
20160813,0.0
20160814,0.0
20160815,0.0
20160816,0.0
20160817,0.0
20160818,0.0
20160819,0.0
20160820,0.0
20160821,0.0
20160822,0.0
20160823,0.0
20160824,0.0
20160825,0.00541095890410959
20160826,0.00541095890410959
20160827,0.00541095890410959
20160828,0.00541095890410959
20160829,0.00541095890410959
20160830,0.00541095890410959
20160831,0.00541095890410959
20160901,0.00541095890410959
20160902,0.00541095890410959
20160903,0.00541095890410959
20160904,0.00541095890410959
20160905,0.00541095890410959
20160906,0.00952054794520548
20160907,0.00952054794520548
20160908,0.00952054794520548
20160909,0.00952054794520548
20160910,0.016575342465753425
20160911,0.016575342465753425
20160912,0.016575342465753425
20160913,0.016575342465753425
20160914,0.016575342465753425
20160915,0.016575342465753425
20160916,0.017534246575342468
20160917,0.020479452054794522
20160918,0.022808219178082192
20160919,0.022808219178082192
20160920,0.03383561643835617
20160921,0.07849315068493151
20160922,0.11883561643835618
20160923,0.15678082191780823
20160924,0.1693835616438356
20160925,0.1693835616438356
20160926,0.176986301369863
20160927,0.19424657534246575
20160928,0.19424657534246575
20160929,0.19424657534246575
20160930,0.19424657534246575
20161001,0.19424657534246575
20161002,0.19424657534246575
20161003,0.19424657534246575
20161004,0.19424657534246575
20161005,0.19424657534246575
20161006,0.19424657534246575
20161007,0.19541095890410956
20161008,0.1954794520547945
20161009,0.2261643835616438
20161010,0.2596575342465754
20161011,0.2620547945205479
20161012,0.2620547945205479
20161013,0.2620547945205479
20161014,0.2620547945205479
20161015,0.2620547945205479
20161016,0.2620547945205479
20161017,0.2620547945205479
20161018,0.2620547945205479
20161019,0.2945890410958904
20161020,0.31582191780821917
20161021,0.31582191780821917
20161022,0.31993150684931504
20161023,0.364041095890411
20161024,0.39034246575342463
20161025,0.4114383561643835
20161026,0.42054794520547945
20161027,0.42054794520547945
20161028,0.42061643835616436
20161029,0.43472602739726024
20161030,0.6476712328767124
20161031,0.8515753424657535
20161101,0.9121917808219179
20161102,0.9143835616438356
20161103,0.9577397260273971
20161104,1.0299315068493151
20161105,1.1993835616438355
20161106,1.4863013698630136
20161107,1.7863013698630137
20161108,2.1178767123287674
20161109,2.1810958904109583
20161110,2.1949315068493154
20161111,2.2086986301369866
20161112,2.2086986301369866
20161113,2.222054794520548
20161114,2.2667808219178087
20161115,2.270205479452055
20161116,2.2913698630136983
20161117,2.4094520547945204
20161118,2.521164383561644
20161119,2.5278082191780817
20161120,2.5280821917808223
20161121,2.5297260273972606
20161122,2.533698630136986
20161123,2.5376027397260277
20161124,2.5428082191780823
20161125,2.5454109589041094
20161126,2.560753424657534
20161127,2.6058904109589043
20161128,2.6058904109589043
20161129,2.601849315068493
20161130,2.601849315068493
20161201,2.601849315068493
20161202,2.601849315068493
20161203,2.6363698630136985
20161204,2.6806164383561644
20161205,2.7163698630136985
20161206,2.7163698630136985
20161207,2.7163698630136985
20161208,2.7163698630136985
20161209,2.7154109589041093
20161210,2.712328767123288
20161211,2.7100684931506844
20161212,2.71
20161213,2.699109589041096
20161214,2.653972602739726
20161215,2.6138356164383563
20161216,2.576095890410959
20161217,2.5634931506849314
20161218,2.5634931506849314
20161219,2.556027397260274
20161220,2.5386986301369863
20161221,2.5386986301369863
20161222,2.5386986301369863
20161223,2.5386986301369863
20161224,2.5386986301369863
20161225,2.5386986301369863
20161226,2.5386986301369863
20161227,2.5386986301369863
20161228,2.5386986301369863
20161229,2.5386986301369863
20161230,2.5376027397260277
20161231,2.5373972602739725
20170101,2.506917808219178
20170102,2.4736301369863014
20170103,2.471232876712329
20170104,2.471232876712329
20170105,2.471232876712329
20170106,2.471232876712329
20170107,2.471232876712329
20170108,2.471232876712329
20170109,2.471232876712329
20170110,2.471232876712329
20170111,2.4394520547945207
20170112,2.4176712328767125
20170113,2.4176712328767125
20170114,2.4134246575342466
20170115,2.369041095890411
20170116,2.3425342465753425
20170117,2.321643835616438
20170118,2.3125342465753422
20170119,2.3125342465753422
20170120,2.3125342465753422
20170121,2.2983561643835615
20170122,2.08541095890411
20170123,1.8819178082191783
20170124,1.8210958904109589
20170125,1.818904109589041
20170126,1.7757534246575342
20170127,1.7030821917808217
20170128,1.534109589041096
20170129,1.2465068493150686
20170130,0.9471917808219178
20170131,0.6149315068493151
20170201,0.552123287671233
20170202,0.5381506849315069
20170203,0.5245205479452055
20170204,0.5245205479452055
20170205,0.5112328767123288
20170206,0.46636986301369865
20170207,0.4628767123287671
20170208,0.4416438356164383
20170209,0.3189041095890411
20170210,0.2069178082191781
20170211,0.2004109589041096
20170212,0.20013698630136986
20170213,0.1986986301369863
20170214,0.19479452054794522
20170215,0.1908904109589041
20170216,0.18575342465753425
20170217,0.1832876712328767
20170218,0.16732876712328767
20170219,0.12212328767123289
20170220,0.12212328767123289
20170221,0.12212328767123289
20170222,0.12212328767123289
20170223,0.12212328767123289
20170224,0.12212328767123289
20170225,0.08082191780821918
20170226,0.03589041095890411
20170227,0.0
20170228,0.0
20170301,0.0
20170302,0.0
20170303,0.0
20170304,0.0
20170305,0.0
20170306,0.0
20170307,0.0
20170308,0.0
20170309,0.0
20170310,0.0
20170311,0.0
20170312,0.0
20170313,0.0
20170314,0.0
20170315,0.0
20170316,0.0
20170317,0.0
20170318,0.0
20170319,0.0
20170320,0.0
20170321,0.0
20170322,0.0
20170323,0.0
20170324,0.0
20170325,0.0
20170326,0.0
20170327,0.0
20170328,0.0
20170329,0.0
20170330,0.0
20170331,0.0
20170401,0.0
20170402,0.0
20170403,0.0
20170404,0.0
20170405,0.0
20170406,0.0
20170407,0.0
20170408,0.0
20170409,0.0
20170410,0.0
20170411,0.0
20170412,0.0
20170413,0.0
20170414,0.0
20170415,0.0
20170416,0.0
20170417,0.0
20170418,0.0
20170419,0.0
20170420,0.0
20170421,0.0
20170422,0.0
20170423,0.0
20170424,0.0
20170425,0.0
20170426,0.0
20170427,0.0
20170428,0.0
20170429,0.0
20170430,0.0
20170501,0.0
20170502,0.0
20170503,0.0
20170504,0.0
20170505,0.0
20170506,0.0
20170507,0.0
20170508,0.0
20170509,0.0
20170510,0.0
20170511,0.0
20170512,0.0
20170513,0.0
20170514,0.0
20170515,0.0
20170516,0.0
20170517,0.0
20170518,0.0
20170519,0.0
20170520,0.0
20170521,0.0
20170522,0.0
20170523,0.0
20170524,0.0
20170525,0.0
20170526,0.0
20170527,0.0
20170528,0.0
20170529,0.0
20170530,0.0
20170531,0.0
20170601,0.0
20170602,0.0
20170603,0.0
20170604,0.0
20170605,0.0
20170606,0.0
20170607,0.0
20170608,0.0
20170609,0.0
20170610,0.0
20170611,0.0
20170612,0.0
20170613,0.0
20170614,0.0
20170615,0.0
20170616,0.0
20170617,0.0
20170618,0.0
20170619,0.0
20170620,0.0
20170621,0.0
20170622,0.0
20170623,0.0
20170624,0.0
20170625,0.0
20170626,0.0
20170627,0.0
20170628,0.0
20170629,0.0
20170630,0.0
20170701,0.0
20170702,0.0
20170703,0.0
20170704,0.0
20170705,0.0
20170706,0.0
20170707,0.0
20170708,0.0
20170709,0.0
20170710,0.0
20170711,0.0
20170712,0.0
20170713,0.0
20170714,0.0
20170715,0.0
20170716,0.0
20170717,0.0
20170718,0.0
20170719,0.0
20170720,0.0
20170721,0.0
20170722,0.0
20170723,0.0
20170724,0.0
20170725,0.0
20170726,0.0
20170727,0.0
20170728,0.0
20170729,0.0
20170730,0.0
20170731,0.0
20170801,0.0
20170802,0.0
20170803,0.0
20170804,0.0
20170805,0.0
20170806,0.0
20170807,0.0
20170808,0.0
20170809,0.0
20170810,0.0
20170811,0.0
20170812,0.0
20170813,0.0
20170814,0.0
20170815,0.0
20170816,0.0
20170817,0.0
20170818,0.0
20170819,0.0
20170820,0.0
20170821,0.0
20170822,0.0
20170823,0.0
20170824,0.0
20170825,0.0
20170826,0.0
20170827,0.0
20170828,0.05739726027397261
20170829,0.11178082191780822
20170830,0.11534246575342468
20170831,0.11534246575342468
20170901,0.11534246575342468
20170902,0.11534246575342468
20170903,0.11534246575342468
20170904,0.11794520547945207
20170905,0.11794520547945207
20170906,0.11794520547945207
20170907,0.15835616438356165
20170908,0.408013698630137
20170909,0.5432876712328768
20170910,0.581849315068493
20170911,0.6152739726027396
20170912,0.6323287671232877
20170913,0.665
20170914,0.770890410958904
20170915,0.830958904109589
20170916,0.8710958904109588
20170917,0.9291780821917808
20170918,1.0113698630136987
20170919,1.054246575342466
20170920,1.1042465753424655
20170921,1.5381506849315068
20170922,2.1091095890410965
20170923,2.718150684931507
20170924,3.3301369863013703
20170925,3.9223287671232874
20170926,4.493013698630137
20170927,4.8590410958904116
20170928,4.8590410958904116
20170929,4.8590410958904116
20170930,4.8590410958904116
20171001,4.8590410958904116
20171002,4.8590410958904116
20171003,4.8590410958904116
20171004,4.87527397260274
20171005,5.17
20171006,5.388493150684932
20171007,5.438561643835616
20171008,5.526780821917809
20171009,5.680273972602739
20171010,5.866986301369862
20171011,6.087671232876712
20171012,6.338630136986302
20171013,6.584589041095891
20171014,6.757808219178083
20171015,6.893150684931507
20171016,6.9169178082191785
20171017,6.922054794520549
20171018,6.925
20171019,6.925
20171020,6.925
20171021,6.925
20171022,6.925
20171023,6.925
20171024,6.925
20171025,6.925
20171026,6.925
20171027,6.925
20171028,6.925
20171029,6.925
20171030,6.925
20171031,6.925
20171101,6.925
20171102,6.925
20171103,6.925
20171104,6.925
20171105,6.925
20171106,6.925
20171107,6.925
20171108,6.925
20171109,6.925
20171110,6.925
20171111,6.925
20171112,6.925
20171113,6.925
20171114,6.925
20171115,6.925
20171116,6.925
20171117,6.925
20171118,6.925
20171119,6.937191780821918
20171120,6.881095890410959
20171121,6.826917808219179
20171122,6.823493150684931
20171123,6.823493150684931
20171124,6.823493150684931
20171125,6.823493150684931
20171126,6.823493150684931
20171127,6.82109589041096
20171128,6.82109589041096
20171129,6.82109589041096
20171130,6.780684931506849
20171201,6.530890410958904
20171202,6.396301369863014
20171203,6.358150684931506
20171204,6.323904109589041
20171205,6.306849315068493
20171206,6.274520547945205
20171207,6.1684246575342465
20171208,6.107876712328767
20171209,6.068287671232877
20171210,6.010205479452054
20171211,5.928013698630137
20171212,5.885068493150685
20171213,5.83472602739726
20171214,5.400890410958904
20171215,4.830342465753425
20171216,4.221027397260274
20171217,3.608356164383561
20171218,3.016712328767124
20171219,2.4463698630136985
20171220,2.0804794520547945
20171221,2.0804794520547945
20171222,2.0804794520547945
20171223,2.0804794520547945
20171224,2.0804794520547945
20171225,2.0804794520547945
20171226,2.0804794520547945
20171227,2.063904109589041
20171228,1.7695205479452052
20171229,1.5503424657534246
20171230,1.5006164383561647
20171231,1.4127397260273973
20180101,1.2585616438356164
20180102,1.0728767123287675
20180103,0.8511643835616439
20180104,0.6006164383561644
20180105,0.35472602739726034
20180106,0.18116438356164385
20180107,0.045616438356164385
20180108,0.021575342465753426
20180109,0.01684931506849315
20180110,0.013972602739726028
20180111,0.013972602739726028
20180112,0.013972602739726028
20180113,0.013972602739726028
20180114,0.013972602739726028
20180115,0.013972602739726028
20180116,0.013972602739726028
20180117,0.013972602739726028
20180118,0.013972602739726028
20180119,0.013972602739726028
20180120,0.013972602739726028
20180121,0.013972602739726028
20180122,0.013972602739726028
20180123,0.013972602739726028
20180124,0.013972602739726028
20180125,0.013972602739726028
20180126,0.013972602739726028
20180127,0.013972602739726028
20180128,0.013972602739726028
20180129,0.013972602739726028
20180130,0.013972602739726028
20180131,0.013972602739726028
20180201,0.013972602739726028
20180202,0.013972602739726028
20180203,0.013972602739726028
20180204,0.013972602739726028
20180205,0.013972602739726028
20180206,0.013972602739726028
20180207,0.013972602739726028
20180208,0.013972602739726028
20180209,0.013972602739726028
20180210,0.013972602739726028
20180211,0.0014383561643835617
20180212,0.0
20180213,0.0
20180214,0.0
20180215,0.0
20180216,0.0
20180217,0.0
20180218,0.0
20180219,0.0
20180220,0.0
20180221,0.0
20180222,0.0
20180223,0.0
20180224,0.0
20180225,0.0
20180226,0.0
20180227,0.0
20180228,0.0
20180301,0.0
20180302,0.0
20180303,0.0
20180304,0.0
20180305,0.0
20180306,0.0
20180307,0.0
20180308,0.0
20180309,0.0
20180310,0.0
20180311,0.0
20180312,0.0
20180313,0.0
20180314,0.0
20180315,0.0
20180316,0.0
20180317,0.0
20180318,0.0
20180319,0.0
20180320,0.0
20180321,0.0
20180322,0.0
20180323,0.0
20180324,0.0
20180325,0.0
20180326,0.0
20180327,0.0
20180328,0.0
20180329,0.0
20180330,0.0
20180331,0.0
20180401,0.0
20180402,0.0
20180403,0.0
20180404,0.0
20180405,0.0
20180406,0.0
20180407,0.0
20180408,0.0
20180409,0.0
20180410,0.0
20180411,0.0
20180412,0.0
20180413,0.0
20180414,0.0
20180415,0.0
20180416,0.0
20180417,0.0
20180418,0.0
20180419,0.0
20180420,0.0
20180421,0.0
20180422,0.0
20180423,0.0
20180424,0.0
20180425,0.0
20180426,0.0
20180427,0.0
20180428,0.0
20180429,0.0
20180430,0.0
20180501,0.0
20180502,0.0
20180503,0.0
20180504,0.0
20180505,0.0
20180506,0.0
20180507,0.0
20180508,0.0
20180509,0.0
20180510,0.0
20180511,0.0
20180512,0.0
20180513,0.0
20180514,0.0
20180515,0.0
20180516,0.0
20180517,0.0
20180518,0.0
20180519,0.0
20180520,0.0
20180521,0.0
20180522,0.0
20180523,0.0
20180524,0.0
20180525,0.0
20180526,0.0
20180527,0.0
20180528,0.0
20180529,0.0
20180530,0.0
20180531,0.0
20180601,0.0
20180602,0.0
20180603,0.0
20180604,0.0
20180605,0.0
20180606,0.0
20180607,0.0
20180608,0.0
20180609,0.0
20180610,0.0
20180611,0.0
20180612,0.0
20180613,0.0
20180614,0.0
20180615,0.0
20180616,0.0
20180617,0.0
20180618,0.0
20180619,0.0
20180620,0.0
20180621,0.0
20180622,0.0
20180623,0.0
20180624,0.0
20180625,0.0
20180626,0.0
20180627,0.0
20180628,0.0
20180629,0.0
20180630,0.0
20180701,0.0
20180702,0.0
20180703,0.0
20180704,0.0
20180705,0.0
20180706,0.0
20180707,0.0
20180708,0.0
20180709,0.0
20180710,0.0
20180711,0.0
20180712,0.0
20180713,0.0
20180714,0.0
20180715,0.0
20180716,0.0
20180717,0.0
20180718,0.0
20180719,0.0
20180720,0.0
20180721,0.0
20180722,0.0
20180723,0.0
20180724,0.0
20180725,0.0
20180726,0.0
20180727,0.0
20180728,0.0
20180729,0.0
20180730,0.0
20180731,0.0
20180801,0.0
20180802,0.0
20180803,0.0
20180804,0.0
20180805,0.0
20180806,0.0
20180807,0.0
20180808,0.0
20180809,0.0
20180810,0.0
20180811,0.0
20180812,0.0
20180813,0.0
20180814,0.0
20180815,0.0
20180816,0.0
20180817,0.0
20180818,0.0
20180819,0.0
20180820,0.0
20180821,0.0
20180822,0.0
20180823,0.0
20180824,0.0
20180825,0.0
20180826,0.0
20180827,0.0
20180828,0.0
20180829,0.0
20180830,0.0
20180831,0.0
20180901,0.0
20180902,0.0
20180903,0.0
20180904,0.0
20180905,0.0
20180906,0.0
20180907,0.0
20180908,0.0
20180909,0.0
20180910,0.0
20180911,0.0
20180912,0.0
20180913,0.0
20180914,0.0
20180915,0.0
20180916,0.0
20180917,0.02691780821917808
20180918,0.0410958904109589
20180919,0.0410958904109589
20180920,0.0410958904109589
20180921,0.0410958904109589
20180922,0.0410958904109589
20180923,0.0410958904109589
20180924,0.0410958904109589
20180925,0.0410958904109589
20180926,0.0410958904109589
20180927,0.0410958904109589
20180928,0.0410958904109589
20180929,0.0410958904109589
20180930,0.0410958904109589
20181001,0.0410958904109589
20181002,0.0410958904109589
20181003,0.0410958904109589
20181004,0.0410958904109589
20181005,0.0410958904109589
20181006,0.0410958904109589
20181007,0.0410958904109589
20181008,0.0410958904109589
20181009,0.0410958904109589
20181010,0.0410958904109589
20181011,0.0410958904109589
20181012,0.0410958904109589
20181013,0.0410958904109589
20181014,0.0410958904109589
20181015,0.0410958904109589
20181016,0.0410958904109589
20181017,0.0410958904109589
20181018,0.0410958904109589
20181019,0.0410958904109589
20181020,0.0410958904109589
20181021,0.0410958904109589
20181022,0.0410958904109589
20181023,0.0410958904109589
20181024,0.0410958904109589
20181025,0.0410958904109589
20181026,0.0410958904109589
20181027,0.0410958904109589
20181028,0.0410958904109589
20181029,0.0410958904109589
20181030,0.0410958904109589
20181031,0.0410958904109589
20181101,0.0410958904109589
20181102,0.0410958904109589
20181103,0.0410958904109589
20181104,0.0410958904109589
20181105,0.0410958904109589
20181106,0.0410958904109589
20181107,0.0410958904109589
20181108,0.0410958904109589
20181109,0.0410958904109589
20181110,0.0410958904109589
20181111,0.0410958904109589
20181112,0.0410958904109589
20181113,0.0410958904109589
20181114,0.0410958904109589
20181115,0.0410958904109589
20181116,0.0410958904109589
20181117,0.0410958904109589
20181118,0.0410958904109589
20181119,0.0410958904109589
20181120,0.0410958904109589
20181121,0.0410958904109589
20181122,0.0410958904109589
20181123,0.0410958904109589
20181124,0.0410958904109589
20181125,0.0410958904109589
20181126,0.0410958904109589
20181127,0.0410958904109589
20181128,0.0410958904109589
20181129,0.0410958904109589
20181130,0.0410958904109589
20181201,0.0410958904109589
20181202,0.0410958904109589
20181203,0.0410958904109589
20181204,0.0410958904109589
20181205,0.0410958904109589
20181206,0.0410958904109589
20181207,0.0410958904109589
20181208,0.0410958904109589
20181209,0.0410958904109589
20181210,0.014109589041095891
20181211,0.0
20181212,0.0
20181213,0.0
20181214,0.0
20181215,0.0
20181216,0.0
20181217,0.0
20181218,0.0
20181219,0.0
20181220,0.0
20181221,0.0
20181222,0.0
20181223,0.0
20181224,0.0
20181225,0.0
20181226,0.0
20181227,0.0
20181228,0.0
20181229,0.0
20181230,0.0
20181231,0.0
20190101,0.0
20190102,0.0
20190103,0.0
20190104,0.0
20190105,0.0
20190106,0.0
20190107,0.0
20190108,0.0
20190109,0.0
20190110,0.0
20190111,0.0
20190112,0.0
20190113,0.0
20190114,0.0
20190115,0.0
20190116,0.0
20190117,0.0
20190118,0.0
20190119,0.0
20190120,0.0
20190121,0.0
20190122,0.0
20190123,0.0
20190124,0.0
20190125,0.0
20190126,0.0
20190127,0.0
20190128,0.0
20190129,0.0
20190130,0.0
20190131,0.0
20190201,0.0
20190202,0.0
20190203,0.0
20190204,0.0
20190205,0.0
20190206,0.0
20190207,0.0
20190208,0.0
20190209,0.0
20190210,0.0
20190211,0.0
20190212,0.0
20190213,0.0
20190214,0.0
20190215,0.0
20190216,0.0
20190217,0.0
20190218,0.0
20190219,0.0
20190220,0.0
20190221,0.0
20190222,0.0
20190223,0.0
20190224,0.0
20190225,0.0
20190226,0.0
20190227,0.0
20190228,0.0
20190301,0.0
20190302,0.0
20190303,0.0
20190304,0.0
20190305,0.0
20190306,0.0
20190307,0.0
20190308,0.0
20190309,0.0
20190310,0.0
20190311,0.0
20190312,0.0
20190313,0.0
20190314,0.0
20190315,0.0
20190316,0.0
20190317,0.0
20190318,0.0
20190319,0.0
20190320,0.0
20190321,0.0
20190322,0.0
20190323,0.0
20190324,0.0
20190325,0.0
20190326,0.0
20190327,0.0
20190328,0.0
20190329,0.0
20190330,0.0
20190331,0.0
20190401,0.0
20190402,0.0
20190403,0.0
20190404,0.0
20190405,0.0
20190406,0.0
20190407,0.0
20190408,0.0
20190409,0.0
20190410,0.0
20190411,0.0
20190412,0.0
20190413,0.0
20190414,0.0
20190415,0.0
20190416,0.0
20190417,0.0
20190418,0.0
20190419,0.0
20190420,0.0
20190421,0.0
20190422,0.0
20190423,0.0
20190424,0.0
20190425,0.0
20190426,0.0
20190427,0.0
20190428,0.0
20190429,0.0
20190430,0.0
20190501,0.0
20190502,0.0
20190503,0.0
20190504,0.0
20190505,0.0
20190506,0.0
20190507,0.0
20190508,0.0
20190509,0.0
20190510,0.0
20190511,0.0
20190512,0.0
20190513,0.0
20190514,0.0
20190515,0.0
20190516,0.0
20190517,0.0
20190518,0.0
20190519,0.0
20190520,0.0
20190521,0.0
20190522,0.0
20190523,0.0
20190524,0.0
20190525,0.0
20190526,0.0
20190527,0.0
20190528,0.0
20190529,0.0
20190530,0.0
20190531,0.0
20190601,0.0
20190602,0.0
20190603,0.0
20190604,0.0
20190605,0.0
20190606,0.0
20190607,0.0
20190608,0.0
20190609,0.0
20190610,0.0
20190611,0.0
20190612,0.0
20190613,0.0
20190614,0.0
20190615,0.0
20190616,0.0
20190617,0.0
20190618,0.0
20190619,0.0
20190620,0.0
20190621,0.0
20190622,0.0
20190623,0.0
20190624,0.0
20190625,0.0
20190626,0.0
20190627,0.0
20190628,0.0
20190629,0.0
20190630,0.0
20190701,0.0
20190702,0.0
20190703,0.0
20190704,0.0
20190705,0.0
20190706,0.0
20190707,0.0
20190708,0.0
20190709,0.0
20190710,0.0
20190711,0.0
20190712,0.0
20190713,0.0
20190714,0.0
20190715,0.0
20190716,0.0
20190717,0.0
20190718,0.0
20190719,0.0
20190720,0.0
20190721,0.0
20190722,0.0
20190723,0.0
20190724,0.0
20190725,0.0
20190726,0.0
20190727,0.0
20190728,0.0
20190729,0.0
20190730,0.0
20190731,0.0
20190801,0.0
20190802,0.0
20190803,0.0
20190804,0.0
20190805,0.0
20190806,0.003287671232876712
20190807,0.0036986301369863017
20190808,0.007534246575342466
20190809,0.010616438356164382
20190810,0.010616438356164382
20190811,0.010616438356164382
20190812,0.010616438356164382
20190813,0.010616438356164382
20190814,0.010616438356164382
20190815,0.010616438356164382
20190816,0.010616438356164382
20190817,0.010616438356164382
20190818,0.010616438356164382
20190819,0.010616438356164382
20190820,0.010616438356164382
20190821,0.010616438356164382
20190822,0.010616438356164382
20190823,0.010616438356164382
20190824,0.010616438356164382
20190825,0.010616438356164382
20190826,0.010616438356164382
20190827,0.010616438356164382
20190828,0.010616438356164382
20190829,0.010616438356164382
20190830,0.010616438356164382
20190831,0.010616438356164382
20190901,0.010616438356164382
20190902,0.010616438356164382
20190903,0.010616438356164382
20190904,0.010616438356164382
20190905,0.010616438356164382
20190906,0.010616438356164382
20190907,0.010616438356164382
20190908,0.010616438356164382
20190909,0.010616438356164382
20190910,0.010616438356164382
20190911,0.010616438356164382
20190912,0.010616438356164382
20190913,0.010616438356164382
20190914,0.010616438356164382
20190915,0.010616438356164382
20190916,0.010616438356164382
20190917,0.013356164383561644
20190918,0.01678082191780822
20190919,0.04
20190920,0.04
20190921,0.04089041095890411
20190922,0.04089041095890411
20190923,0.04089041095890411
20190924,0.26527397260273977
20190925,0.5110273972602739
20190926,0.7922602739726029
20190927,1.0897945205479453
20190928,1.239794520547945
20190929,1.3097945205479453
20190930,1.3825342465753425
20191001,1.3825342465753425
20191002,1.3831506849315067
20191003,1.3862328767123286
20191004,1.4137671232876714
20191005,1.617876712328767
20191006,1.8819863013698632
20191007,1.8936301369863011
20191008,1.9035616438356167
20191009,1.9293835616438355
20191010,1.9434246575342466
20191011,1.9434246575342466
20191012,1.9434246575342466
20191013,1.9434246575342466
20191014,1.9434246575342466
20191015,1.9434246575342466
20191016,1.9434246575342466
20191017,1.9984246575342464
20191018,2.0559589041095894
20191019,2.1473972602739724
20191020,2.2004109589041096
20191021,2.2004109589041096
20191022,2.2004109589041096
20191023,2.2004109589041096
20191024,2.2004109589041096
20191025,2.2004109589041096
20191026,2.2004109589041096
20191027,2.2004109589041096
20191028,2.200753424657534
20191029,2.2284931506849315
20191030,2.236643835616438
20191031,2.2327397260273973
20191101,2.2297945205479452
20191102,2.2297945205479452
20191103,2.2297945205479452
20191104,2.2402054794520545
20191105,2.2511643835616435
20191106,2.257739726027397
20191107,2.257739726027397
20191108,2.257739726027397
20191109,2.257739726027397
20191110,2.257739726027397
20191111,2.257739726027397
20191112,2.257739726027397
20191113,2.257739726027397
20191114,2.257739726027397
20191115,2.257739726027397
20191116,2.257739726027397
20191117,2.257739726027397
20191118,2.257739726027397
20191119,2.257739726027397
20191120,2.257739726027397
20191121,2.257739726027397
20191122,2.257739726027397
20191123,2.257739726027397
20191124,2.257739726027397
20191125,2.257739726027397
20191126,2.257739726027397
20191127,2.257739726027397
20191128,2.257739726027397
20191129,2.257739726027397
20191130,2.257739726027397
20191201,2.257739726027397
20191202,2.257739726027397
20191203,2.257739726027397
20191204,2.257739726027397
20191205,2.257739726027397
20191206,2.257739726027397
20191207,2.257739726027397
20191208,2.257739726027397
20191209,2.257739726027397
20191210,2.2549315068493154
20191211,2.2517123287671232
20191212,2.2285616438356164
20191213,2.2285616438356164
20191214,2.2276027397260276
20191215,2.2275342465753427
20191216,2.2275342465753427
20191217,2.0040410958904107
20191218,1.7576712328767123
20191219,1.476164383561644
20191220,1.1793150684931508
20191221,1.0286301369863013
20191222,0.9588356164383562
20191223,0.8863698630136986
20191224,0.8863698630136986
20191225,0.8858904109589041
20191226,0.8827397260273973
20191227,0.8551369863013698
20191228,0.6508904109589041
20191229,0.3865068493150685
20191230,0.3749315068493151
20191231,0.36479452054794526
20200101,0.3395205479452055
