Date,Max,Average
20100326,,
20100327,,
20100328,,
20100329,,
20100330,,
20100331,,
20100401,,
20100402,,
20100403,,
20100404,,
20100405,,
20100406,,
20100407,,
20100408,,
20100409,,
20100410,,
20100411,,
20100412,,
20100413,,
20100414,,
20100415,,
20100416,,
20100417,,
20100418,,
20100419,,
20100420,0.02,0.009310344827586208
20100421,0.03,0.014411764705882355
20100422,0.03,0.014411764705882355
20100423,0.03,0.014411764705882355
20100424,0.03,0.014411764705882355
20100425,0.03,0.014705882352941176
20100426,0.03,0.015588235294117648
20100427,0.03,0.015588235294117648
20100428,0.03,0.015588235294117648
20100429,0.03,0.015588235294117648
20100430,0.03,0.015588235294117648
20100501,0.03,0.010000000000000002
20100502,0.04,0.010500000000000002
20100503,0.04,0.010500000000000002
20100504,0.04,0.015211267605633804
20100505,0.04,0.015211267605633804
20100506,0.04,0.015211267605633804
20100507,0.04,0.015211267605633804
20100508,0.04,0.015211267605633804
20100509,0.04,0.015211267605633804
20100510,0.05,0.017767857142857144
20100511,0.08,0.04465517241379312
20100512,0.12,0.06767241379310344
20100513,0.16,0.08848000000000002
20100514,0.16,0.08848000000000002
20100515,0.16,0.08848000000000002
20100516,0.16,0.08848000000000002
20100517,0.16,0.08848000000000002
20100518,0.16,0.08848000000000002
20100519,0.16,0.08848000000000002
20100520,0.16,0.08848000000000002
20100521,0.16,0.08848000000000002
20100522,0.16,0.08848000000000002
20100523,0.16,0.08657534246575344
20100524,0.16,0.09746575342465753
20100525,0.16,0.10636986301369863
20100526,0.16,0.10828767123287673
20100527,0.16,0.10828767123287673
20100528,0.27,0.2117808219178082
20100529,0.35,0.275958904109589
20100530,0.43,0.3232876712328767
20100531,0.54,0.3771917808219178
20100601,0.57,0.39034246575342474
20100602,0.6,0.39390410958904115
20100603,0.61,0.4181506849315069
20100604,0.61,0.4699315068493152
20100605,0.61,0.5021232876712329
20100606,0.65,0.5283561643835616
20100607,0.73,0.5995890410958904
20100608,0.8,0.6641780821917808
20100609,0.88,0.7336986301369863
20100610,0.95,0.7983561643835616
20100611,1.04,0.8760958904109589
20100612,1.14,0.9558904109589041
20100613,1.23,1.0354794520547945
20100614,1.27,1.0591095890410958
20100615,1.28,1.0682191780821917
20100616,1.29,1.0823972602739727
20100617,1.32,1.1
20100618,1.39,1.161232876712329
20100619,1.48,1.2315753424657534
20100620,1.58,1.2882876712328766
20100621,1.63,1.3220547945205479
20100622,1.72,1.3726027397260276
20100623,1.81,1.423013698630137
20100624,1.84,1.455958904109589
20100625,1.86,1.4787671232876713
20100626,1.94,1.55513698630137
20100627,2.04,1.643835616438356
20100628,2.08,1.6702054794520547
20100629,2.09,1.6741780821917809
20100630,2.09,1.6741780821917809
20100701,2.09,1.6756849315068494
20100702,2.09,1.6764383561643836
20100703,2.09,1.6793150684931508
20100704,2.09,1.6888356164383562
20100705,2.17,1.779041095890411
20100706,2.28,1.8923287671232876
20100707,2.39,2.0044520547945206
20100708,2.39,2.010068493150685
20100709,2.39,2.014041095890411
20100710,2.39,2.014383561643836
20100711,2.39,2.014383561643836
20100712,2.39,2.014383561643836
20100713,2.39,2.012465753424658
20100714,2.39,2.0107534246575347
20100715,2.39,2.0111643835616437
20100716,2.43,2.0284931506849313
20100717,2.47,2.075479452054795
20100718,2.57,2.1652739726027397
20100719,2.65,2.256301369863013
20100720,2.73,2.3442465753424657
20100721,2.81,2.441027397260274
20100722,2.94,2.556369863013699
20100723,3.08,2.684657534246575
20100724,3.2,2.774794520547945
20100725,3.25,2.806232876712329
20100726,3.28,2.8286986301369863
20100727,3.31,2.8490410958904113
20100728,3.37,2.8840410958904115
20100729,3.45,2.9576027397260276
20100730,3.49,2.988904109589041
20100731,3.56,3.05486301369863
20100801,3.64,3.111986301369863
20100802,3.71,3.162054794520548
20100803,3.78,3.244315068493151
20100804,3.87,3.332602739726027
20100805,3.97,3.427260273972603
20100806,4.06,3.508219178082192
20100807,4.15,3.587260273972603
20100808,4.19,3.617123287671233
20100809,4.25,3.727876712328767
20100810,4.35,3.8359589041095887
20100811,4.48,3.975342465753425
20100812,4.61,4.120342465753424
20100813,4.77,4.2839041095890416
20100814,4.83,4.374452054794521
20100815,4.96,4.495753424657535
20100816,5.11,4.6438356164383565
20100817,5.18,4.732876712328767
20100818,5.23,4.743972602739725
20100819,5.27,4.7659589041095884
20100820,5.32,4.795479452054794
20100821,5.43,4.896027397260275
20100822,5.53,5.018767123287671
20100823,5.66,5.147260273972603
20100824,5.82,5.278150684931507
20100825,5.98,5.422876712328767
20100826,6.15,5.548150684931507
20100827,6.24,5.664931506849315
20100828,6.33,5.79068493150685
20100829,6.46,5.9500684931506855
20100830,6.57,6.062945205479452
20100831,6.66,6.160273972602741
20100901,6.74,6.247260273972602
20100902,6.86,6.358904109589042
20100903,6.92,6.437534246575344
20100904,6.86,6.42472602739726
20100905,6.92,6.486438356164383
20100906,7.06,6.598767123287672
20100907,7.25,6.773219178082192
20100908,7.42,6.938630136986301
20100909,7.55,7.0430821917808215
20100910,7.69,7.140890410958904
20100911,7.84,7.302671232876713
20100912,8.01,7.496917808219176
20100913,8.22,7.726506849315068
20100914,8.42,7.9441780821917805
20100915,8.58,8.120890410958905
20100916,8.77,8.309863013698628
20100917,9.01,8.518013698630138
20100918,9.2,8.697602739726026
20100919,9.41,8.93390410958904
20100920,9.77,9.31582191780822
20100921,10.18,9.71623287671233
20100922,10.54,10.045479452054794
20100923,10.7,10.195479452054794
20100924,10.87,10.34554794520548
20100925,11.05,10.514041095890411
20100926,11.2,10.679999999999998
20100927,11.25,10.762876712328769
20100928,11.29,10.817671232876712
20100929,11.33,10.870890410958905
20100930,11.37,10.891438356164384
20101001,11.41,10.92431506849315
20101002,11.45,10.957671232876713
20101003,11.55,11.072739726027397
20101004,11.72,11.249178082191781
20101005,11.87,11.405958904109589
20101006,12.04,11.577602739726029
20101007,12.27,11.808698630136986
20101008,12.49,12.036232876712328
20101009,12.69,12.205205479452054
20101010,12.8,12.31904109589041
20101011,12.9,12.448698630136985
20101012,12.99,12.56931506849315
20101013,13.08,12.66376712328767
20101014,13.08,12.673150684931507
20101015,13.05,12.651643835616438
20101016,13.09,12.719999999999999
20101017,13.2,12.847602739726028
20101018,13.3,12.964520547945206
20101019,13.43,13.111849315068493
20101020,13.57,13.276575342465753
20101021,13.68,13.384657534246578
20101022,13.88,13.568219178082192
20101023,14.04,13.706095890410959
20101024,14.22,13.851712328767123
20101025,14.32,13.910342465753423
20101026,14.3,13.891575342465753
20101027,14.33,13.91958904109589
20101028,14.36,13.972671232876712
20101029,14.46,14.07205479452055
20101030,14.57,14.150684931506849
20101031,14.63,14.249383561643835
20101101,14.63,14.239452054794521
20101102,14.6,14.195410958904107
20101103,14.53,14.141780821917807
20101104,14.47,14.117671232876711
20101105,14.39,14.065616438356164
20101106,14.4,14.06027397260274
20101107,14.38,14.010616438356163
20101108,14.31,13.920616438356163
20101109,14.31,13.931780821917808
20101110,14.43,14.061849315068494
20101111,14.53,14.168082191780822
20101112,14.52,14.112123287671231
20101113,14.48,14.032123287671233
20101114,14.47,14.02041095890411
20101115,14.45,14.001369863013698
20101116,14.51,14.058150684931505
20101117,14.48,14.009520547945206
20101118,14.4,13.9163698630137
20101119,14.27,13.789931506849314
20101120,14.11,13.632328767123287
20101121,13.93,13.44890410958904
20101122,13.78,13.289520547945205
20101123,13.65,13.156986301369864
20101124,13.52,13.027945205479451
20101125,13.36,12.877397260273971
20101126,13.18,12.720753424657534
20101127,13.13,12.655068493150686
20101128,13.0,12.514109589041096
20101129,12.88,12.377602739726028
20101130,12.64,12.19390410958904
20101201,12.41,12.014109589041096
20101202,12.3,11.892465753424657
20101203,12.16,11.732876712328768
20101204,11.92,11.500821917808219
20101205,11.65,11.249657534246573
20101206,11.37,10.986917808219179
20101207,11.1,10.718356164383561
20101208,10.87,10.491164383561644
20101209,10.65,10.269315068493151
20101210,10.43,10.037808219178082
20101211,10.18,9.782123287671233
20101212,9.86,9.457876712328767
20101213,9.44,9.049109589041096
20101214,9.03,8.644931506849314
20101215,8.7,8.316027397260273
20101216,8.55,8.164246575342466
20101217,8.39,8.013904109589042
20101218,8.21,7.8417808219178085
20101219,8.02,7.66664383561644
20101220,7.83,7.494452054794521
20101221,7.66,7.32609589041096
20101222,7.5,7.160821917808219
20101223,7.48,7.134657534246576
20101224,7.46,7.098082191780821
20101225,7.44,7.064589041095891
20101226,7.33,6.949863013698629
20101227,7.16,6.772191780821918
20101228,7.0,6.620616438356165
20101229,6.83,6.450479452054794
20101230,6.59,6.218424657534247
20101231,6.34,5.974178082191781
20120101,4.89,4.540136986301369
20120102,4.84,4.468013698630137
20120103,4.71,4.366027397260274
20120104,4.58,4.2477397260273975
20120105,4.44,4.115136986301369
20120106,4.33,3.991780821917809
20120107,4.33,3.9758219178082195
20120108,4.33,3.9623972602739723
20120109,4.32,3.9469178082191783
20110101,6.13,5.757260273972602
20110102,5.93,5.553561643835617
20110103,5.7,5.333219178082191
20110104,5.49,5.124109589041097
20110105,5.28,4.932260273972603
20110106,5.12,4.808904109589041
20110107,5.02,4.7020547945205475
20110108,4.87,4.542191780821918
20110109,4.73,4.383150684931508
20110110,4.59,4.2443835616438355
20110111,4.41,4.073082191780821
20110112,4.2,3.8734246575342466
20110113,4.02,3.691917808219178
20110114,3.78,3.477328767123287
20110115,3.56,3.273082191780822
20110116,3.34,3.0699315068493154
20110117,3.2,2.9547945205479453
20110118,3.1,2.8695890410958906
20110119,2.94,2.736095890410959
20110120,2.76,2.566301369863014
20110121,2.58,2.3853424657534243
20110122,2.4,2.228287671232877
20110123,2.31,2.100068493150685
20110124,2.25,1.9993835616438358
20110125,2.2,1.9345205479452054
20110126,2.11,1.849041095890411
20110127,1.98,1.7280136986301367
20110128,1.84,1.6166438356164383
20110129,1.75,1.531917808219178
20110130,1.67,1.4486986301369862
20110131,1.61,1.3793150684931508
20110201,1.5,1.2702739726027397
20110202,1.34,1.127945205479452
20110203,1.2,0.9993150684931505
20110204,1.14,0.9228767123287672
20110205,1.07,0.8383561643835616
20110206,0.9,0.6803424657534246
20110207,0.71,0.5165753424657534
20110208,0.48,0.3148630136986301
20110209,0.39,0.21561643835616437
20110210,0.33,0.1582876712328767
20110211,0.28,0.11719178082191781
20110212,0.28,0.11712328767123288
20110213,0.27,0.1145205479452055
20110214,0.22,0.08972602739726028
20110215,0.16,0.059931506849315065
20110216,0.1,0.03463235294117647
20110217,0.04,0.013283582089552238
20110218,0.04,0.013283582089552238
20110219,0.04,0.013283582089552238
20110220,0.04,0.013283582089552238
20110221,0.04,0.013283582089552238
20110222,0.04,0.013283582089552238
20110223,0.04,0.013283582089552238
20110224,0.04,0.013283582089552238
20110225,0.04,0.013283582089552238
20110226,0.04,0.013283582089552238
20110227,0.04,0.013283582089552238
20110228,0.04,0.013283582089552238
20110301,0.04,0.013283582089552238
20110302,0.04,0.013283582089552238
20110303,0.04,0.013283582089552238
20110304,0.04,0.013283582089552238
20110305,0.04,0.013283582089552238
20110306,0.04,0.013283582089552238
20110307,0.04,0.013283582089552238
20110308,0.04,0.013283582089552238
20110309,0.04,0.013283582089552238
20110310,0.04,0.013283582089552238
20110311,0.04,0.013283582089552238
20110312,0.04,0.013283582089552238
20110313,0.04,0.013666666666666666
20110314,0.04,0.013666666666666666
20110315,0.04,0.013666666666666666
20110316,0.04,0.013666666666666666
20110317,0.04,0.013666666666666666
20110318,0.04,0.013666666666666666
20110319,0.04,0.013666666666666666
20110320,0.04,0.013666666666666666
20110321,0.04,0.013666666666666666
20110322,0.02,0.007037037037037037
20110323,,
20110324,,
20110325,,
20110326,,
20110327,,
20110328,,
20110329,,
20110330,,
20110331,,
20110401,,
20110402,,
20110403,,
20110404,,
20110405,,
20110406,,
20110407,,
20110408,,
20110409,,
20110410,,
20110411,,
20110412,,
20110413,,
20110414,,
20110415,,
20110416,,
20110417,,
20110418,,
20110419,,
20110420,,
20110421,,
20110422,,
20110423,,
20110424,,
20110425,,
20110426,,
20110427,,
20110428,,
20110429,,
20110430,,
20110501,,
20110502,,
20110503,,
20110504,,
20110505,,
20110506,,
20110507,,
20110508,,
20110509,,
20110510,0.01,0.007567567567567568
20110511,0.03,0.008644067796610172
20110512,0.03,0.008644067796610172
20110513,0.03,0.008644067796610172
20110514,0.07,0.04308219178082191
20110515,0.11,0.07547945205479453
20110516,0.15,0.10678082191780822
20110517,0.19,0.13383561643835618
20110518,0.19,0.13383561643835618
20110519,0.19,0.13383561643835618
20110520,0.19,0.13383561643835618
20110521,0.22,0.1576027397260274
20110522,0.22,0.1695890410958904
20110523,0.23,0.17595890410958903
20110524,0.23,0.1765753424657534
20110525,0.24,0.1795890410958904
20110526,0.26,0.1823972602739726
20110527,0.29,0.18780821917808221
20110528,0.34,0.19945205479452052
20110529,0.39,0.22328767123287668
20110530,0.42,0.25198630136986305
20110531,0.52,0.3433561643835616
20110601,0.6,0.4221232876712329
20110602,0.68,0.5076027397260275
20110603,0.68,0.5076027397260275
20110604,0.73,0.5541780821917808
20110605,0.81,0.6402054794520547
20110606,0.87,0.6936986301369863
20110607,0.97,0.7752054794520549
20110608,1.08,0.8682876712328768
20110609,1.22,0.9871232876712329
20110610,1.36,1.1065753424657534
20110611,1.45,1.186301369863014
20110612,1.52,1.2437671232876713
20110613,1.61,1.304931506849315
20110614,1.71,1.3891780821917807
20110615,1.77,1.438904109589041
20110616,1.79,1.4397260273972603
20110617,1.79,1.4397260273972603
20110618,1.79,1.43986301369863
20110619,1.79,1.43986301369863
20110620,1.79,1.4407534246575342
20110621,1.81,1.453219178082192
20110622,1.81,1.4663013698630136
20110623,1.81,1.4773972602739724
20110624,1.83,1.5010273972602741
20110625,1.86,1.546986301369863
20110626,1.87,1.5787671232876712
20110627,1.89,1.5902054794520548
20110628,1.89,1.5902054794520548
20110629,1.89,1.5902054794520548
20110630,1.89,1.5902054794520548
20110701,1.89,1.5902054794520548
20110702,1.89,1.5902054794520548
20110703,1.89,1.5902054794520548
20110704,1.89,1.5902054794520548
20110705,1.89,1.5902054794520548
20110706,1.89,1.5902054794520548
20110707,1.89,1.5902054794520548
20110708,1.89,1.5902054794520548
20110709,1.89,1.5902054794520548
20110710,1.89,1.5902054794520548
20110711,1.89,1.5902054794520548
20110712,1.89,1.5902054794520548
20110713,1.89,1.5902054794520548
20110714,1.89,1.5902054794520548
20110715,1.89,1.5902054794520548
20110716,1.89,1.5902054794520548
20110717,1.89,1.5902054794520548
20110718,1.89,1.5902054794520548
20110719,1.89,1.5902054794520548
20110720,1.89,1.5902054794520548
20110721,1.89,1.5902054794520548
20110722,1.89,1.5902054794520548
20110723,1.89,1.5902054794520548
20110724,1.9,1.603835616438356
20110725,1.9,1.6052739726027399
20110726,1.9,1.6052739726027399
20110727,1.91,1.61513698630137
20110728,1.91,1.61513698630137
20110729,1.91,1.61513698630137
20110730,1.91,1.61513698630137
20110731,1.91,1.620958904109589
20110801,1.91,1.6356164383561644
20110802,1.92,1.656095890410959
20110803,2.03,1.686232876712329
20110804,2.08,1.6972602739726028
20110805,2.08,1.6972602739726028
20110806,2.05,1.6576712328767125
20110807,2.14,1.6989041095890411
20110808,2.21,1.7327397260273971
20110809,2.31,1.7908904109589043
20110810,2.47,1.899794520547945
20110811,2.61,1.9839041095890408
20110812,2.73,2.0565753424657536
20110813,2.77,2.069246575342466
20110814,2.74,2.0684931506849313
20110815,2.8,2.1054109589041095
20110816,2.91,2.2256164383561647
20110817,3.07,2.33541095890411
20110818,3.2,2.4336301369863014
20110819,3.33,2.535821917808219
20110820,3.48,2.668356164383562
20110821,3.61,2.806369863013699
20110822,3.68,2.9367123287671233
20110823,3.75,3.0254109589041094
20110824,3.8,3.07986301369863
20110825,3.82,3.098013698630137
20110826,3.9,3.180753424657534
20110827,3.97,3.2592465753424653
20110828,4.05,3.310890410958904
20110829,4.03,3.315958904109589
20110830,3.94,3.2607534246575347
20110831,3.83,3.188219178082192
20110901,3.81,3.127328767123288
20110902,3.85,3.1023972602739724
20110903,3.93,3.146095890410959
20110904,4.02,3.2223287671232876
20110905,4.1,3.3004109589041097
20110906,4.18,3.362123287671233
20110907,4.27,3.4711643835616437
20110908,4.46,3.6436986301369862
20110909,4.66,3.820547945205479
20110910,4.89,4.025342465753425
20110911,5.16,4.242739726027398
20110912,5.42,4.41582191780822
20110913,5.62,4.582123287671233
20110914,5.8,4.713493150684931
20110915,5.95,4.820205479452055
20110916,6.03,4.8772602739726025
20110917,6.1,4.922397260273973
20110918,6.21,4.99486301369863
20110919,6.34,5.098424657534246
20110920,6.41,5.198356164383562
20110921,6.46,5.298287671232877
20110922,6.48,5.3463013698630135
20110923,6.48,5.3692465753424665
20110924,6.49,5.3991780821917805
20110925,6.55,5.473356164383562
20110926,6.67,5.594657534246575
20110927,6.83,5.740958904109589
20110928,7.01,5.8916438356164385
20110929,7.21,6.068972602739725
20110930,7.38,6.236780821917808
20111001,7.53,6.373219178082191
20111002,7.67,6.508082191780822
20111003,7.87,6.688904109589041
20111004,8.02,6.851575342465754
20111005,8.12,6.973150684931507
20111006,8.22,7.088698630136985
20111007,8.35,7.222534246575341
20111008,8.5,7.3760958904109595
20111009,8.53,7.426575342465755
20111010,8.57,7.498424657534247
20111011,8.7,7.600821917808218
20111012,8.84,7.7186301369863015
20111013,8.97,7.851575342465753
20111014,9.08,7.975205479452056
20111015,9.09,7.9913698630136984
20111016,9.09,7.990821917808218
20111017,9.1,8.005
20111018,9.19,8.095547945205478
20111019,9.25,8.168356164383562
20111020,9.32,8.240616438356165
20111021,9.41,8.303630136986303
20111022,9.5,8.396506849315067
20111023,9.6,8.496027397260272
20111024,9.71,8.585890410958903
20111025,9.85,8.690205479452054
20111026,9.94,8.76041095890411
20111027,10.05,8.857328767123288
20111028,10.16,8.962328767123287
20111029,10.26,9.069794520547946
20111030,10.3,9.105821917808218
20111031,10.36,9.163356164383563
20111101,10.38,9.197054794520549
20111102,10.37,9.20609589041096
20111103,10.35,9.232123287671232
20111104,10.33,9.266849315068493
20111105,10.38,9.318972602739727
20111106,10.43,9.426232876712328
20111107,10.44,9.500205479452054
20111108,10.42,9.492876712328767
20111109,10.43,9.500479452054796
20111110,10.47,9.52157534246575
20111111,10.47,9.517602739726028
20111112,10.4,9.447602739726026
20111113,10.27,9.344246575342465
20111114,10.15,9.263150684931507
20111115,10.03,9.166575342465755
20111116,9.92,9.110547945205482
20111117,9.84,9.035821917808219
20111118,9.76,8.968424657534246
20111119,9.64,8.872465753424658
20111120,9.53,8.779726027397261
20111121,9.45,8.767054794520549
20111122,9.39,8.780342465753424
20111123,9.33,8.788835616438357
20111124,9.22,8.762123287671233
20111125,9.11,8.697191780821917
20111126,9.03,8.624657534246573
20111127,8.93,8.537671232876713
20111128,8.82,8.420479452054794
20111129,8.71,8.297739726027398
20111130,8.59,8.163082191780822
20111201,8.48,8.03595890410959
20111202,8.37,7.922328767123287
20111203,8.24,7.776164383561645
20111204,8.03,7.60986301369863
20111205,7.81,7.460616438356165
20111206,7.61,7.301849315068495
20111207,7.46,7.17917808219178
20111208,7.37,7.098904109589041
20111209,7.33,7.051575342465753
20111210,7.27,6.992602739726028
20111211,7.21,6.928835616438357
20111212,7.11,6.851438356164383
20111213,7.05,6.764931506849315
20111214,6.98,6.667945205479453
20111215,6.97,6.620205479452054
20111216,6.97,6.597397260273973
20111217,6.95,6.567671232876713
20111218,6.89,6.493698630136986
20111219,6.77,6.371780821917808
20111220,6.6,6.22554794520548
20111221,6.42,6.0747260273972605
20111222,6.22,5.8980136986301375
20111223,6.03,5.72958904109589
20111224,5.89,5.593904109589041
20111225,5.75,5.458972602739726
20111226,5.55,5.277260273972602
20111227,5.4,5.115547945205479
20111228,5.3,4.994041095890411
20111229,5.2,4.878013698630137
20111230,5.08,4.7442465753424665
20111231,4.92,4.59054794520548
20120110,4.23,3.8567123287671228
20120111,4.16,3.772671232876712
20120112,4.09,3.7011643835616437
20120113,4.0,3.637945205479452
20120114,3.9,3.5447945205479447
20120115,3.8,3.4393835616438357
20120116,3.69,3.3355479452054797
20120117,3.54,3.2082876712328763
20120118,3.42,3.106506849315069
20120119,3.29,2.9979452054794518
20120101,4.89,4.540136986301369
20120102,4.84,4.468013698630137
20120103,4.71,4.366027397260274
20120104,4.58,4.2477397260273975
20120105,4.44,4.115136986301369
20120106,4.33,3.991780821917809
20120107,4.33,3.9758219178082195
20120108,4.33,3.9623972602739723
20120109,4.32,3.9469178082191783
20120110,4.23,3.8567123287671228
20120111,4.16,3.772671232876712
20120112,4.09,3.7011643835616437
20120113,4.0,3.637945205479452
20120114,3.9,3.5447945205479447
20120115,3.8,3.4393835616438357
20120116,3.69,3.3355479452054797
20120117,3.54,3.2082876712328763
20120118,3.42,3.106506849315069
20120119,3.29,2.9979452054794518
20120120,3.18,2.8934246575342466
20120121,3.08,2.785068493150685
20120122,2.97,2.6765068493150688
20120123,2.82,2.5535616438356166
20120124,2.67,2.4352054794520543
20120125,2.54,2.3173972602739723
20120126,2.45,2.2069863013698634
20120127,2.36,2.098972602739726
20120128,2.26,2.010684931506849
20120129,2.15,1.8917808219178085
20120130,2.05,1.775890410958904
20120131,1.93,1.6624657534246576
20120201,1.8,1.5411643835616438
20120202,1.65,1.4201369863013698
20120203,1.51,1.3153424657534247
20120204,1.44,1.241164383561644
20120205,1.38,1.1834931506849315
20120206,1.32,1.1047260273972601
20120207,1.24,1.021164383561644
20120208,1.17,0.9435616438356166
20120209,1.11,0.9153424657534246
20120210,1.08,0.8998630136986301
20120211,1.08,0.870890410958904
20120212,1.05,0.8253424657534246
20120213,1.02,0.7791095890410958
20120214,0.99,0.7397945205479454
20120215,0.97,0.7118493150684932
20120216,0.95,0.6807534246575342
20120217,0.93,0.6507534246575342
20120218,0.87,0.6004794520547946
20120219,0.82,0.5528082191780822
20120220,0.79,0.5305479452054795
20120221,0.76,0.5086301369863013
20120222,0.72,0.48363013698630136
20120223,0.65,0.4371917808219178
20120224,0.55,0.37424657534246575
20120225,0.45,0.3162328767123288
20120226,0.37,0.2647260273972603
20120227,0.35,0.2386301369863014
20120228,0.34,0.22013698630136988
20120229,0.32,0.19746575342465753
20120301,0.28,0.1604109589041096
20120302,0.22,0.1267123287671233
20120303,0.16,0.09417808219178082
20120304,0.11,0.0539041095890411
20120305,0.05,0.021440677966101686
20120306,0.03,0.011276595744680852
20120307,0.02,0.008
20120308,,
20120309,,
20120310,,
20120311,,
20120312,,
20120313,,
20120314,,
20120315,,
20120316,,
20120317,,
20120318,,
20120319,,
20120320,,
20120321,,
20120322,,
20120323,,
20120324,,
20120325,,
20120326,,
20120327,,
20120328,,
20120329,,
20120330,,
20120331,,
20120401,,
20120402,,
20120403,,
20120404,,
20120405,,
20120406,,
20120407,,
20120408,,
20120409,,
20120410,,
20120411,,
20120412,,
20120413,,
20120414,,
20120415,,
20120416,,
20120417,,
20120418,,
20120419,,
20120420,,
20120421,,
20120422,,
20120423,,
20120424,,
20120425,,
20120426,,
20120427,,
20120428,,
20120429,,
20120430,,
20120501,,
20120502,,
20120503,,
20120504,,
20120505,,
20120506,,
20120507,,
20120508,0.02,0.009000000000000001
20120509,0.04,0.016637168141592922
20120510,0.06,0.023216783216783214
20120511,0.06,0.023216783216783214
20120512,0.06,0.023216783216783214
20120513,0.06,0.023216783216783214
20120514,0.06,0.023216783216783214
20120515,0.06,0.023216783216783214
20120516,0.06,0.023216783216783214
20120517,0.06,0.023216783216783214
20120518,0.06,0.023216783216783214
20120519,0.06,0.023216783216783214
20120520,0.06,0.023216783216783214
20120521,0.06,0.023216783216783214
20120522,0.06,0.023216783216783214
20120523,0.06,0.023216783216783214
20120524,0.06,0.023216783216783214
20120525,0.06,0.023216783216783214
20120526,0.06,0.023216783216783214
20120527,0.06,0.023216783216783214
20120528,0.06,0.023216783216783214
20120529,0.06,0.023216783216783214
20120530,0.06,0.023216783216783214
20120531,0.06,0.023216783216783214
20120601,0.07,0.030069444444444444
20120602,0.07,0.03020833333333333
20120603,0.07,0.03020833333333333
20120604,0.07,0.03020833333333333
20120605,0.07,0.03020833333333333
20120606,0.07,0.03020833333333333
20120607,0.07,0.03020833333333333
20120608,0.07,0.03020833333333333
20120609,0.07,0.03020833333333333
20120610,0.07,0.03020833333333333
20120611,0.07,0.03020833333333333
20120612,0.07,0.03020833333333333
20120613,0.07,0.03020833333333333
20120614,0.07,0.03020833333333333
20120615,0.07,0.03020833333333333
20120616,0.07,0.03020833333333333
20120617,0.07,0.03020833333333333
20120618,0.07,0.03020833333333333
20120619,0.07,0.03020833333333333
20120620,0.07,0.03020833333333333
20120621,0.07,0.03020833333333333
20120622,0.07,0.03020833333333333
20120623,0.07,0.03020833333333333
20120624,0.07,0.03020833333333333
20120625,0.07,0.03020833333333333
20120626,0.07,0.03020833333333333
20120627,0.07,0.03020833333333333
20120628,0.07,0.03020833333333333
20120629,0.07,0.03020833333333333
20120630,0.07,0.03020833333333333
20120701,0.07,0.03020833333333333
20120702,0.07,0.03020833333333333
20120703,0.07,0.03020833333333333
20120704,0.07,0.03020833333333333
20120705,0.07,0.03020833333333333
20120706,0.07,0.03020833333333333
20120707,0.07,0.03020833333333333
20120708,0.07,0.03020833333333333
20120709,0.07,0.03020833333333333
20120710,0.07,0.03020833333333333
20120711,0.07,0.03020833333333333
20120712,0.07,0.03020833333333333
20120713,0.14,0.06431506849315069
20120714,0.22,0.10164383561643836
20120715,0.22,0.10602739726027396
20120716,0.22,0.10602739726027396
20120717,0.23,0.10630136986301368
20120718,0.24,0.1097945205479452
20120719,0.24,0.10986301369863014
20120720,0.24,0.10986301369863014
20120721,0.24,0.11034246575342466
20120722,0.24,0.11034246575342466
20120723,0.25,0.1152054794520548
20120724,0.25,0.11726027397260275
20120725,0.25,0.11726027397260275
20120726,0.25,0.11726027397260275
20120727,0.25,0.1176027397260274
20120728,0.27,0.12068493150684932
20120729,0.28,0.12095890410958904
20120730,0.28,0.12095890410958904
20120731,0.26,0.11616438356164384
20120801,0.25,0.12095890410958902
20120802,0.25,0.11164383561643834
20120803,0.25,0.11164383561643834
20120804,0.25,0.11164383561643834
20120805,0.25,0.11164383561643834
20120806,0.25,0.11171232876712328
20120807,0.25,0.11171232876712328
20120808,0.25,0.11171232876712328
20120809,0.25,0.11198630136986303
20120810,0.25,0.11198630136986303
20120811,0.25,0.11198630136986303
20120812,0.25,0.11198630136986303
20120813,0.26,0.11993150684931506
20120814,0.38,0.15589041095890413
20120815,0.49,0.18965753424657533
20120816,0.61,0.2615068493150685
20120817,0.67,0.3208904109589042
20120818,0.72,0.3960958904109589
20120819,0.78,0.46616438356164386
20120820,0.82,0.5368493150684931
20120821,0.88,0.6113698630136987
20120822,0.94,0.6776712328767123
20120823,1.0,0.729041095890411
20120824,1.03,0.779041095890411
20120825,1.07,0.8157534246575342
20120826,1.07,0.8356849315068493
20120827,1.19,0.9180821917808221
20120828,1.32,1.0247945205479452
20120829,1.44,1.134041095890411
20120830,1.55,1.2346575342465753
20120831,1.65,1.3245890410958905
20120901,1.77,1.4236301369863014
20120902,1.87,1.5234931506849316
20120903,1.95,1.6011643835616438
20120904,2.05,1.6814383561643835
20120905,2.13,1.7541780821917805
20120906,2.28,1.8934246575342466
20120907,2.44,2.0453424657534245
20120908,2.58,2.1943835616438356
20120909,2.72,2.328835616438356
20120910,2.84,2.460342465753425
20120911,2.94,2.588082191780822
20120912,3.05,2.710068493150685
20120913,3.18,2.8610273972602744
20120914,3.31,2.999315068493151
20120915,3.49,3.17027397260274
20120916,3.68,3.3321917808219177
20120917,3.84,3.4646575342465753
20120918,3.99,3.5840410958904108
20120919,4.13,3.763356164383562
20120920,4.32,3.953835616438356
20120921,4.48,4.112054794520548
20120922,4.62,4.265753424657534
20120923,4.76,4.392945205479453
20120924,4.88,4.504589041095891
20120925,4.98,4.6056849315068495
20120926,5.07,4.687808219178082
20120927,5.18,4.77
20120928,5.28,4.853356164383561
20120929,5.38,4.937808219178082
20120930,5.53,5.040890410958904
20121001,5.67,5.168493150684931
20121002,5.78,5.300753424657533
20121003,5.9,5.415342465753425
20121004,6.02,5.498630136986301
20121005,6.11,5.513356164383562
20121006,6.08,5.510205479452055
20121007,6.15,5.633972602739726
20121008,6.33,5.790479452054795
20121009,6.5,5.919520547945205
20121010,6.63,6.010410958904109
20121011,6.74,6.103493150684932
20121012,6.82,6.184726027397261
20121013,6.87,6.244794520547945
20121014,6.95,6.390547945205479
20121015,7.03,6.536575342465753
20121016,7.16,6.698767123287671
20121017,7.32,6.894246575342465
20121018,7.55,7.063698630136986
20121019,7.74,7.217671232876712
20121020,7.87,7.351849315068493
20121021,7.96,7.45595890410959
20121022,8.05,7.557534246575343
20121023,8.08,7.604109589041094
20121024,8.07,7.658013698630136
20121025,8.14,7.7480821917808225
20121026,8.22,7.837054794520548
20121027,8.3,7.930753424657533
20121028,8.42,8.076849315068493
20121029,8.58,8.21691780821918
20121030,8.68,8.31431506849315
20121031,8.74,8.371849315068493
20121101,8.8,8.442739726027396
20121102,8.91,8.537191780821919
20121103,9.02,8.61
20121104,9.11,8.692671232876712
20121105,9.23,8.790068493150685
20121106,9.34,8.863424657534248
20121107,9.42,8.936438356164384
20121108,9.47,8.965068493150683
20121109,9.56,9.035068493150684
20121110,9.62,9.10609589041096
20121111,9.68,9.153630136986303
20121112,9.7,9.153835616438357
20121113,9.77,9.227465753424658
20121114,9.84,9.331849315068492
20121115,9.94,9.458493150684932
20121116,10.01,9.553150684931508
20121117,10.11,9.663356164383561
20121118,10.27,9.79082191780822
20121119,10.34,9.855479452054794
20121120,10.38,9.870342465753426
20121121,10.4,9.866712328767123
20121122,10.41,9.857260273972603
20121123,10.44,9.852945205479454
20121124,10.42,9.800342465753424
20121125,10.33,9.723219178082191
20121126,10.26,9.684178082191782
20121127,10.22,9.630136986301368
20121128,10.21,9.601301369863014
20121129,10.08,9.531712328767124
20121130,9.92,9.444520547945206
20121201,9.8,9.351780821917808
20121202,9.67,9.266301369863015
20121203,9.56,9.186369863013699
20121204,9.46,9.11780821917808
20121205,9.37,9.04527397260274
20121206,9.29,8.952397260273973
20121207,9.23,8.886438356164383
20121208,9.11,8.788698630136986
20121209,9.03,8.681643835616438
20121210,8.89,8.587534246575343
20121211,8.74,8.471438356164384
20121212,8.61,8.292260273972603
20121213,8.5,8.103287671232875
20121214,8.34,7.950890410958904
20121215,8.17,7.7969178082191775
20121216,8.02,7.670205479452054
20121217,7.94,7.561575342465754
20121218,7.87,7.466438356164383
20121219,7.79,7.396712328767124
20121220,7.75,7.350890410958904
20121221,7.72,7.306712328767123
20121222,7.68,7.25349315068493
20121223,7.62,7.150068493150684
20121224,7.49,7.023630136986302
20121225,7.32,6.89027397260274
20121226,7.2,6.776232876712328
20121227,7.16,6.691986301369863
20121228,7.15,6.643904109589041
20121229,7.14,6.609931506849315
20121230,6.97,6.481849315068493
20121231,6.79,6.32513698630137
20120130,2.05,1.775890410958904
20120131,1.93,1.6624657534246576
20130101,6.64,6.196027397260274
20130102,6.54,6.101369863013699
20130103,6.43,6.007808219178082
20130104,6.34,5.926917808219177
20130105,6.28,5.866027397260274
20130106,6.15,5.72068493150685
20130107,6.02,5.569657534246576
20130108,5.86,5.405958904109589
20130109,5.63,5.210000000000001
20130110,5.4,5.040890410958904
20130111,5.23,4.886575342465754
20130112,5.1,4.748698630136986
20130113,5.01,4.645
20130114,4.92,4.5430821917808215
20130115,4.92,4.49595890410959
20130116,4.85,4.430342465753424
20130117,4.78,4.338219178082192
20130118,4.71,4.249178082191781
20130119,4.62,4.1558904109589045
20130120,4.46,4.009589041095891
20130121,4.33,3.8701369863013695
20130122,4.23,3.773082191780822
20130123,4.16,3.7154109589041098
20130124,4.08,3.643356164383562
20130125,4.03,3.5492465753424653
20130126,3.98,3.4765753424657535
20130127,3.89,3.393835616438356
20130128,3.79,3.2884931506849315
20130129,3.67,3.1797260273972605
20130130,3.51,3.073013698630137
20130131,3.35,2.971917808219178
20130201,3.21,2.842602739726028
20130202,3.08,2.696301369863014
20130203,2.97,2.577945205479452
20130204,2.87,2.5079452054794524
20130205,2.71,2.359246575342466
20130206,2.55,2.188972602739726
20130207,2.37,2.0114383561643834
20130208,2.23,1.859794520547945
20130209,2.1,1.7122602739726025
20130210,1.96,1.5647945205479452
20130211,1.82,1.4184246575342465
20130212,1.7,1.2967123287671234
20130213,1.58,1.1917808219178083
20130214,1.48,1.0998630136986305
20130215,1.4,1.0146575342465753
20130216,1.32,0.9673287671232876
20130217,1.23,0.9451369863013699
20130218,1.12,0.9062328767123288
20130219,1.09,0.8793150684931507
20130220,1.04,0.8363013698630137
20130221,0.94,0.7671232876712328
20130222,0.86,0.7018493150684931
20130223,0.8,0.6450000000000001
20130224,0.75,0.5964383561643836
20130225,0.7,0.5446575342465754
20130226,0.63,0.48465753424657526
20130227,0.57,0.4363698630136986
20130228,0.49,0.3783561643835616
20130301,0.41,0.3052054794520548
20130302,0.33,0.23232876712328768
20130303,0.26,0.17726027397260274
20130304,0.21,0.14013698630136984
20130305,0.21,0.13602739726027396
20130306,0.21,0.13602739726027396
20130307,0.21,0.1343835616438356
20130308,0.2,0.12897260273972602
20130309,0.2,0.12897260273972602
20130310,0.2,0.1287671232876712
20130311,0.2,0.12575342465753428
20130312,0.19,0.11910958904109589
20130313,0.17,0.10753424657534245
20130314,0.11,0.07095890410958904
20130315,0.05,0.03198630136986301
20130316,,
20130317,,
20130318,,
20130319,,
20130320,,
20130321,,
20130322,,
20130323,,
20130324,,
20130325,,
20130326,,
20130327,,
20130328,,
20130329,,
20130330,,
20130331,,
20130401,,
20130402,,
20130403,,
20130404,,
20130405,,
20130406,,
20130407,,
20130408,,
20130409,,
20130410,,
20130411,,
20130412,,
20130413,,
20130414,,
20130415,,
20130416,,
20130417,,
20130418,,
20130419,,
20130420,,
20130421,,
20130422,,
20130423,,
20130424,,
20130425,,
20130426,,
20130427,,
20130428,,
20130429,,
20130430,,
20130501,,
20130502,,
20130503,,
20130504,,
20130505,,
20130506,,
20130507,0.0,0.0
20130508,0.0,0.0
20130509,0.0,0.0
20130510,0.0,0.0
20130511,0.0,0.0
20130512,0.01,0.005
20130513,0.04,0.011111111111111112
20130514,0.04,0.011111111111111112
20130515,0.04,0.011111111111111112
20130516,0.04,0.011111111111111112
20130517,0.04,0.011111111111111112
20130518,0.04,0.011111111111111112
20130519,0.04,0.011111111111111112
20130520,0.04,0.011111111111111112
20130521,0.04,0.011111111111111112
20130522,0.06,0.016764705882352942
20130523,0.06,0.016862745098039218
20130524,0.07,0.018039215686274514
20130525,0.08,0.018921568627450983
20130526,0.09,0.019411764705882358
20130527,0.09,0.019411764705882358
20130528,0.09,0.023921568627450974
20130529,0.1,0.03654867256637169
20130530,0.15,0.04663716814159293
20130531,0.15,0.04663716814159293
20130601,0.15,0.04663716814159293
20130602,0.15,0.04663716814159293
20130603,0.15,0.04663716814159293
20130604,0.15,0.04663716814159293
20130605,0.15,0.04663716814159293
20130606,0.15,0.04663716814159293
20130607,0.15,0.04663716814159293
20130608,0.15,0.04663716814159293
20130609,0.15,0.04663716814159293
20130610,0.15,0.04663716814159293
20130611,0.15,0.04663716814159293
20130612,0.15,0.04663716814159293
20130613,0.15,0.04663716814159293
20130614,0.15,0.04663716814159293
20130615,0.15,0.04663716814159293
20130616,0.15,0.04663716814159293
20130617,0.15,0.04663716814159293
20130618,0.15,0.04663716814159293
20130619,0.15,0.04663716814159293
20130620,0.15,0.04663716814159293
20130621,0.15,0.04663716814159293
20130622,0.15,0.04663716814159293
20130623,0.15,0.04663716814159293
20130624,0.15,0.04663716814159293
20130625,0.15,0.04663716814159293
20130626,0.15,0.04663716814159293
20130627,0.15,0.04663716814159293
20130628,0.15,0.04663716814159293
20130629,0.15,0.04663716814159293
20130630,0.15,0.04663716814159293
20130701,0.15,0.04663716814159293
20130702,0.15,0.04663716814159293
20130703,0.15,0.04663716814159293
20130704,0.15,0.04663716814159293
20130705,0.15,0.04663716814159293
20130706,0.15,0.04663716814159293
20130707,0.16,0.04858407079646019
20130708,0.16,0.04858407079646019
20130709,0.16,0.04858407079646019
20130710,0.16,0.04858407079646019
20130711,0.16,0.04858407079646019
20130712,0.16,0.04858407079646019
20130713,0.16,0.04858407079646019
20130714,0.16,0.04858407079646019
20130715,0.16,0.04858407079646019
20130716,0.16,0.04858407079646019
20130717,0.16,0.04858407079646019
20130718,0.16,0.04858407079646019
20130719,0.16,0.04858407079646019
20130720,0.16,0.04858407079646019
20130721,0.16,0.04858407079646019
20130722,0.16,0.04858407079646019
20130723,0.16,0.04858407079646019
20130724,0.16,0.04858407079646019
20130725,0.16,0.04858407079646019
20130726,0.16,0.04858407079646019
20130727,0.16,0.04858407079646019
20130728,0.16,0.04867256637168142
20130729,0.16,0.04867256637168142
20130730,0.16,0.04858407079646019
20130731,0.16,0.04858407079646019
20130801,0.16,0.04858407079646019
20130802,0.16,0.04858407079646019
20130803,0.16,0.04858407079646019
20130804,0.16,0.04814159292035399
20130805,0.16,0.045840707964601775
20130806,0.16,0.045840707964601775
20130807,0.16,0.045840707964601775
20130808,0.16,0.045840707964601775
20130809,0.16,0.045840707964601775
20130810,0.18,0.05309734513274337
20130811,0.2,0.06150442477876107
20130812,0.2,0.06371681415929205
20130813,0.2,0.06371681415929205
20130814,0.18,0.0597938144329897
20130815,0.18,0.05958762886597938
20130816,0.21,0.05422413793103449
20130817,0.25,0.05888888888888889
20130818,0.26,0.07777777777777778
20130819,0.34,0.10849624060150376
20130820,0.4,0.14273972602739726
20130821,0.48,0.21671232876712332
20130822,0.58,0.27301369863013697
20130823,0.63,0.2882191780821918
20130824,0.63,0.2912328767123287
20130825,0.63,0.2948630136986301
20130826,0.78,0.4008904109589041
20130827,0.95,0.522054794520548
20130828,1.14,0.6427397260273973
20130829,1.34,0.7823287671232877
20130830,1.56,0.9400000000000001
20130831,1.72,1.0554794520547945
20130901,1.89,1.193904109589041
20130902,2.09,1.3597945205479451
20130903,2.29,1.5336301369863012
20130904,2.35,1.6076027397260275
20130905,2.47,1.7154794520547947
20130906,2.71,1.9445890410958906
20130907,2.96,2.1823287671232876
20130908,3.18,2.4193835616438357
20130909,3.38,2.638835616438356
20130910,3.49,2.7746575342465754
20130911,3.6,2.900821917808219
20130912,3.71,3.0232876712328767
20130913,3.8,3.1206164383561643
20130914,3.88,3.1852739726027393
20130915,4.01,3.306301369863014
20130916,4.11,3.367739726027397
20130917,4.23,3.4515068493150687
20130918,4.36,3.5463013698630137
20130919,4.48,3.64013698630137
20130920,4.6,3.753767123287671
20130921,4.81,3.9176027397260276
20130922,4.98,4.038356164383562
20130923,5.12,4.132260273972602
20130924,5.26,4.23554794520548
20130925,5.41,4.375547945205479
20130926,5.56,4.528424657534247
20130927,5.58,4.5653424657534245
20130928,5.58,4.609999999999999
20130929,5.57,4.666095890410958
20130930,5.57,4.727945205479452
20131001,5.57,4.7715068493150685
20131002,5.61,4.832602739726027
20131003,5.7,4.9244520547945205
20131004,5.81,5.028013698630137
20131005,5.95,5.15472602739726
20131006,6.13,5.33417808219178
20131007,6.32,5.5158219178082195
20131008,6.46,5.665479452054794
20131009,6.61,5.798904109589042
20131010,6.75,5.8961643835616435
20131011,6.88,5.9836301369863
20131012,6.97,6.093767123287671
20131013,7.03,6.172397260273973
20131014,7.07,6.24986301369863
20131015,7.12,6.325205479452055
20131016,7.15,6.356369863013699
20131017,7.2,6.40945205479452
20131018,7.3,6.502465753424658
20131019,7.39,6.593904109589041
20131020,7.47,6.669178082191781
20131021,7.52,6.699657534246575
20131022,7.58,6.737945205479452
20131023,7.66,6.803219178082192
20131024,7.74,6.882534246575342
20131025,7.82,6.966027397260275
20131026,7.88,7.044794520547945
20131027,7.97,7.128219178082192
20131028,8.04,7.1990410958904105
20131029,8.11,7.271575342465754
20131030,8.15,7.300000000000002
20131031,8.15,7.300205479452054
20131101,8.16,7.300479452054794
20131102,8.12,7.299589041095892
20131103,8.07,7.298630136986301
20131104,8.05,7.2971232876712335
20131105,8.05,7.2971232876712335
20131106,8.05,7.2971232876712335
20131107,8.05,7.2971232876712335
20131108,8.05,7.292602739726026
20131109,8.05,7.284520547945205
20131110,7.96,7.267739726027398
20131111,7.88,7.236643835616438
20131112,7.8,7.206712328767123
20131113,7.7,7.163356164383561
20131114,7.6,7.098424657534246
20131115,7.55,7.08349315068493
20131116,7.55,7.0835616438356155
20131117,7.55,7.090273972602739
20131118,7.45,7.036917808219177
20131119,7.37,6.9747945205479445
20131120,7.35,6.9036986301369865
20131121,7.26,6.767123287671233
20131122,7.11,6.609794520547946
20131123,6.99,6.495068493150685
20131124,6.9,6.385273972602739
20131125,6.77,6.236986301369863
20131126,6.6,6.063561643835616
20131127,6.54,5.989315068493151
20131128,6.42,5.881712328767123
20131129,6.19,5.652397260273973
20131130,5.98,5.415205479452055
20131201,5.75,5.178424657534246
20131202,5.55,4.958630136986302
20131203,5.41,4.822671232876712
20131204,5.27,4.698082191780823
20131205,5.17,4.6065068493150685
20131206,5.1,4.537191780821918
20131207,5.04,4.4751369863013695
20131208,4.93,4.354383561643836
20131209,4.87,4.293150684931507
20131210,4.78,4.209383561643835
20131211,4.68,4.11472602739726
20131212,4.57,4.01986301369863
20131213,4.43,3.9073287671232877
20131214,4.26,3.7438356164383557
20131215,4.09,3.622602739726027
20131216,3.92,3.5282191780821917
20131217,3.77,3.4250000000000003
20131218,3.63,3.285205479452055
20131219,3.48,3.132876712328767
20131220,3.43,3.0953424657534243
20131221,3.36,3.0512328767123287
20131222,3.28,2.9934246575342462
20131223,3.2,2.931643835616438
20131224,3.18,2.887739726027397
20131225,3.12,2.826575342465754
20131226,3.03,2.7345205479452055
20131227,2.93,2.6312328767123287
20131228,2.81,2.504178082191781
20131229,2.63,2.3255479452054795
20131230,2.44,2.143082191780822
20131231,2.29,1.9943835616438357
20140101,2.16,1.8608219178082188
20140102,2.13,1.7632191780821915
20140103,2.09,1.6756849315068496
20140104,1.97,1.5656164383561644
20140105,1.87,1.487328767123288
20140106,1.77,1.4087671232876713
20140107,1.68,1.3347260273972603
20140108,1.66,1.3036301369863013
20140109,1.6,1.2497945205479453
20140110,1.5,1.156986301369863
20140111,1.38,1.0645205479452053
20140112,1.29,0.9896575342465752
20140113,1.26,0.9593150684931507
20140114,1.23,0.9210958904109591
20140115,1.18,0.8561643835616438
20140116,1.1,0.7766438356164383
20140117,1.01,0.6933561643835616
20140118,0.93,0.6141780821917807
20140119,0.83,0.5313013698630138
20140120,0.73,0.459931506849315
20140121,0.64,0.38739726027397264
20140122,0.59,0.35931506849315065
20140123,0.59,0.3592465753424658
20140124,0.59,0.3589041095890411
20140125,0.58,0.3541780821917808
20140126,0.56,0.34876712328767123
20140127,0.56,0.34856164383561644
20140128,0.56,0.34856164383561644
20140129,0.56,0.34856164383561644
20140130,0.56,0.34856164383561644
20140131,0.56,0.34856164383561644
20140201,0.56,0.34856164383561644
20140202,0.56,0.34856164383561644
20140203,0.56,0.34856164383561644
20140204,0.52,0.3306849315068493
20140205,0.44,0.28863013698630136
20140206,0.44,0.28863013698630136
20140207,0.44,0.28863013698630136
20140208,0.43,0.2852054794520548
20140209,0.41,0.2746575342465753
20140210,0.33,0.22273972602739722
20140211,0.25,0.16383561643835615
20140212,0.17,0.11397260273972605
20140213,0.17,0.11143835616438356
20140214,0.17,0.1113013698630137
20140215,0.17,0.11075342465753425
20140216,0.12,0.08198630136986301
20140217,0.11,0.0634931506849315
20140218,0.11,0.06280821917808217
20140219,0.11,0.06280821917808217
20140220,0.11,0.06280821917808217
20140221,0.11,0.06280821917808217
20140222,0.11,0.06280821917808217
20140223,0.11,0.06280821917808217
20140224,0.11,0.06280821917808217
20140225,0.11,0.06280821917808217
20140226,0.1,0.061232876712328764
20140227,0.07,0.033999999999999996
20140228,0.03,0.01535714285714286
20140301,,
20140302,,
20140303,,
20140304,,
20140305,,
20140306,,
20140307,,
20140308,,
20140309,,
20140310,,
20140311,,
20140312,,
20140313,,
20140314,,
20140315,,
20140316,,
20140317,,
20140318,,
20140319,,
20140320,,
20140321,,
20140322,,
20140323,,
20140324,,
20140325,,
20140326,,
20140327,,
20140328,,
20140329,,
20140330,,
20140331,,
20140401,,
20140402,,
20140403,,
20140404,,
20140405,,
20140406,,
20140407,,
20140408,,
20140409,,
20140410,,
20140411,,
20140412,,
20140413,,
20140414,,
20140415,,
20140416,,
20140417,,
20140418,,
20140419,,
20140420,,
20140421,,
20140422,,
20140423,,
20140424,,
20140425,,
20140426,,
20140427,,
20140428,,
20140429,,
20140430,,
20140501,,
20140502,,
20140503,,
20140504,,
20140505,,
20140506,,
20140507,,
20140508,,
20140509,,
20140510,,
20140511,,
20140512,,
20140513,,
20140514,,
20140515,,
20140516,,
20140517,,
20140518,,
20140519,,
20140520,,
20140521,,
20140522,,
20140523,,
20140524,,
20140525,,
20140526,,
20140527,,
20140528,,
20140529,,
20140530,,
20140531,,
20140601,,
20140602,,
20140603,,
20140604,,
20140605,,
20140606,,
20140607,,
20140608,,
20140609,,
20140610,,
20140611,,
20140612,,
20140613,,
20140614,,
20140615,,
20140616,,
20140617,,
20140618,,
20140619,,
20140620,,
20140621,,
20140622,,
20140623,,
20140624,,
20140625,,
20140626,,
20140627,,
20140628,,
20140629,,
20140630,,
20140701,,
20140702,,
20140703,,
20140704,,
20140705,,
20140706,,
20140707,,
20140708,,
20140709,,
20140710,,
20140711,,
20140712,,
20140713,,
20140714,,
20140715,,
20140716,,
20140717,,
20140718,,
20140719,,
20140720,,
20140721,,
20140722,,
20140723,,
20140724,,
20140725,,
20140726,,
20140727,,
20140728,,
20140729,,
20140730,,
20140731,,
20140801,,
20140802,,
20140803,0.04,0.018157894736842106
20140804,0.06,0.022368421052631583
20140805,0.06,0.022368421052631583
20140806,0.09,0.031964285714285716
20140807,0.1,0.027209302325581382
20140808,0.1,0.035398230088495575
20140809,0.11,0.04283185840707965
20140810,0.11,0.04283185840707965
20140811,0.11,0.04283185840707965
20140812,0.11,0.04283185840707965
20140813,0.11,0.04283185840707965
20140814,0.11,0.04283185840707965
20140815,0.11,0.04283185840707965
20140816,0.11,0.04283185840707965
20140817,0.11,0.04283185840707965
20140818,0.11,0.04283185840707965
20140819,0.11,0.04283185840707965
20140820,0.11,0.04283185840707965
20140821,0.11,0.0456637168141593
20140822,0.16,0.05438016528925621
20140823,0.21,0.06781954887218045
20140824,0.29,0.10527397260273973
20140825,0.3,0.12636986301369862
20140826,0.3,0.13828767123287672
20140827,0.3,0.143013698630137
20140828,0.34,0.19226027397260273
20140829,0.43,0.28760273972602735
20140830,0.52,0.38575342465753426
20140831,0.63,0.4684931506849315
20140901,0.69,0.5021232876712329
20140902,0.75,0.5299999999999999
20140903,0.79,0.5425342465753425
20140904,0.82,0.5802739726027397
20140905,0.82,0.5984931506849315
20140906,0.82,0.6238356164383563
20140907,0.83,0.6934931506849316
20140908,0.88,0.7632876712328767
20140909,0.94,0.8185616438356164
20140910,0.99,0.8373972602739725
20140911,1.02,0.8464383561643836
20140912,1.05,0.8524657534246576
20140913,1.05,0.8527397260273972
20140914,1.05,0.8528082191780822
20140915,1.06,0.8533561643835617
20140916,1.07,0.8550000000000001
20140917,1.1,0.8658904109589041
20140918,1.17,0.903150684931507
20140919,1.24,0.9892465753424659
20140920,1.31,1.0767123287671234
20140921,1.42,1.1654794520547944
20140922,1.54,1.252945205479452
20140923,1.65,1.3397260273972602
20140924,1.74,1.427123287671233
20140925,1.84,1.514794520547945
20140926,1.93,1.6072602739726027
20140927,1.99,1.6483561643835616
20140928,2.03,1.6784931506849314
20140929,2.11,1.7384931506849313
20140930,2.18,1.8258219178082196
20141001,2.23,1.9200684931506848
20141002,2.23,1.9200684931506848
20141003,2.23,1.9200684931506848
20141004,2.23,1.9211643835616439
20141005,2.25,1.9320547945205477
20141006,2.26,1.9378767123287672
20141007,2.29,1.9411643835616437
20141008,2.29,1.9411643835616437
20141009,2.29,1.9429452054794523
20141010,2.31,1.9528767123287671
20141011,2.41,2.041506849315069
20141012,2.51,2.138287671232877
20141013,2.6,2.2242465753424656
20141014,2.73,2.3054794520547945
20141015,2.85,2.3991780821917805
20141016,2.96,2.4994520547945203
20141017,3.0,2.559931506849315
20141018,3.0,2.559931506849315
20141019,3.0,2.559931506849315
20141020,3.0,2.5654794520547948
20141021,3.09,2.628904109589041
20141022,3.21,2.708835616438356
20141023,3.3,2.7913013698630134
20141024,3.36,2.8743150684931504
20141025,3.48,2.981027397260274
20141026,3.63,3.1090410958904107
20141027,3.73,3.1452739726027397
20141028,3.81,3.2132191780821917
20141029,3.89,3.2989041095890412
20141030,3.97,3.3801369863013697
20141031,3.97,3.3816438356164387
20141101,3.97,3.3758904109589043
20141102,3.97,3.3799315068493154
20141103,3.97,3.414315068493151
20141104,3.99,3.458424657534246
20141105,4.04,3.5145205479452053
20141106,4.04,3.5198630136986306
20141107,4.05,3.521301369863014
20141108,4.05,3.521301369863014
20141109,4.05,3.5215068493150685
20141110,4.05,3.522671232876712
20141111,4.06,3.554383561643835
20141112,4.08,3.61041095890411
20141113,4.11,3.6548630136986304
20141114,4.17,3.703356164383562
20141115,4.24,3.726575342465753
20141116,4.21,3.683424657534246
20141117,4.2,3.662397260273973
20141118,4.18,3.649794520547945
20141119,4.18,3.6460273972602737
20141120,4.15,3.610273972602739
20141121,4.12,3.5370547945205484
20141122,4.09,3.446095890410959
20141123,4.04,3.3721232876712333
20141124,4.04,3.342808219178082
20141125,4.04,3.314657534246575
20141126,4.04,3.3023287671232877
20141127,3.95,3.26486301369863
20141128,3.88,3.248904109589041
20141129,3.82,3.226643835616438
20141130,3.71,3.1593150684931506
20141201,3.62,3.1271917808219176
20141202,3.54,3.118972602739726
20141203,3.52,3.1296575342465753
20141204,3.5,3.1212328767123285
20141205,3.48,3.1228082191780824
20141206,3.48,3.1271232876712327
20141207,3.47,3.126917808219178
20141208,3.47,3.1264383561643836
20141209,3.46,3.124931506849315
20141210,3.43,3.1136301369863015
20141211,3.38,3.0762328767123286
20141212,3.3,2.990890410958904
20141213,3.25,2.905890410958904
20141214,3.14,2.816506849315069
20141215,3.03,2.7293835616438358
20141216,2.92,2.6431506849315065
20141217,2.83,2.556095890410959
20141218,2.74,2.4676712328767128
20141219,2.64,2.375
20141220,2.57,2.3334931506849315
20141221,2.51,2.3035616438356166
20141222,2.44,2.2447260273972605
20141223,2.38,2.156643835616438
20141224,2.34,2.062671232876712
20141225,2.34,2.062671232876712
20141226,2.34,2.062671232876712
20141227,2.34,2.061438356164383
20141228,2.32,2.050205479452055
20141229,2.31,2.0443835616438357
20141230,2.27,2.0413698630136983
20141231,2.27,2.0413698630136983
20150101,2.27,2.0394520547945203
20150102,2.24,2.02945205479452
20150103,2.13,1.9410273972602738
20150104,2.05,1.8442465753424657
20150105,1.98,1.7586301369863013
20150106,1.91,1.6767808219178082
20150107,1.82,1.583013698630137
20150108,1.72,1.4832876712328766
20150109,1.66,1.4230136986301372
20150110,1.66,1.4230136986301372
20150111,1.66,1.4230136986301372
20150112,1.63,1.4174657534246577
20150113,1.6,1.3536301369863013
20150114,1.56,1.273013698630137
20150115,1.47,1.1910273972602738
20150116,1.38,1.1083561643835615
20150117,1.29,1.0014383561643834
20150118,1.15,0.8689726027397261
20150119,1.15,0.8313013698630135
20150120,1.15,0.7628767123287671
20150121,1.06,0.6715753424657535
20150122,0.97,0.5867123287671233
20150123,0.94,0.5734246575342465
20150124,0.93,0.5732191780821918
20150125,0.9,0.5694520547945205
20150126,0.82,0.535
20150127,0.75,0.4911643835616439
20150128,0.67,0.4344520547945206
20150129,0.67,0.42904109589041095
20150130,0.67,0.42760273972602747
20150131,0.67,0.42760273972602747
20150201,0.67,0.42719178082191783
20150202,0.67,0.42575342465753424
20150203,0.59,0.3948630136986301
20150204,0.52,0.3389041095890411
20150205,0.48,0.2921232876712329
20150206,0.43,0.233972602739726
20150207,0.4,0.19397260273972602
20150208,0.4,0.19397260273972602
20150209,0.4,0.19397260273972602
20150210,0.4,0.19397260273972602
20150211,0.39,0.19335616438356168
20150212,0.36,0.18000000000000002
20150213,0.32,0.15808219178082192
20150214,0.29,0.15082191780821919
20150215,0.24,0.1415068493150685
20150216,0.24,0.13753424657534247
20150217,0.24,0.13753424657534247
20150218,0.24,0.13753424657534247
20150219,0.24,0.13753424657534247
20150220,0.23,0.13486301369863013
20150221,0.23,0.13178082191780824
20150222,0.23,0.13027397260273973
20150223,0.18,0.0928082191780822
20150224,0.13,0.048740740740740744
20150225,0.08,0.02357894736842104
20150226,0.07,0.023626373626373622
20150227,0.03,0.01186046511627907
20150228,0.03,0.008541666666666668
20150301,0.03,0.008541666666666668
20150302,0.03,0.008541666666666668
20150303,0.03,0.008541666666666668
20150304,0.03,0.008541666666666668
20150305,0.03,0.008541666666666668
20150306,0.02,0.007948717948717949
20150307,0.01,0.0016666666666666668
20150308,0.01,0.0016666666666666668
20150309,0.01,0.0016666666666666668
20150310,0.01,0.0033333333333333335
20150311,,
20150312,,
20150313,,
20150314,,
20150315,,
20150316,,
20150317,,
20150318,,
20150319,,
20150320,,
20150321,,
20150322,,
20150323,,
20150324,,
20150325,,
20150326,,
20150327,,
20150328,,
20150329,,
20150330,,
20150331,,
20150401,,
20150402,,
20150403,,
20150404,,
20150405,,
20150406,,
20150407,,
20150408,,
20150409,,
20150410,,
20150411,,
20150412,,
20150413,,
20150414,,
20150415,,
20150416,,
20150417,,
20150418,,
20150419,,
20150420,,
20150421,,
20150422,,
20150423,,
20150424,,
20150425,,
20150426,,
20150427,,
20150428,,
20150429,,
20150430,,
20150501,,
20150502,,
20150503,,
20150504,,
20150505,,
20150506,,
20150507,,
20150508,,
20150509,,
20150510,,
20150511,,
20150512,,
20150513,,
20150514,,
20150515,,
20150516,,
20150517,,
20150518,,
20150519,,
20150520,,
20150521,,
20150522,,
20150523,,
20150524,,
20150525,,
20150526,,
20150527,,
20150528,,
20150529,,
20150530,,
20150531,,
20150601,,
20150602,,
20150603,,
20150604,,
20150605,,
20150606,,
20150607,,
20150608,,
20150609,,
20150610,,
20150611,,
20150612,,
20150613,,
20150614,,
20150615,,
20150616,,
20150617,,
20150618,,
20150619,,
20150620,,
20150621,,
20150622,,
20150623,,
20150624,,
20150625,,
20150626,,
20150627,,
20150628,,
20150629,,
20150630,,
20150701,,
20150702,,
20150703,,
20150704,,
20150705,,
20150706,,
20150707,,
20150708,,
20150709,,
20150710,,
20150711,,
20150712,,
20150713,,
20150714,,
20150715,,
20150716,,
20150717,,
20150718,,
20150719,,
20150720,,
20150721,,
20150722,,
20150723,,
20150724,,
20150725,,
20150726,,
20150727,,
20150728,,
20150729,,
20150730,,
20150731,,
20150801,,
20150802,,
20150803,,
20150804,,
20150805,,
20150806,,
20150807,,
20150808,,
20150809,,
20150810,,
20150811,,
20150812,,
20150813,,
20150814,,
20150815,,
20150816,,
20150817,,
20150818,,
20150819,,
20150820,,
20150821,,
20150822,,
20150823,,
20150824,,
20150825,,
20150826,,
20150827,0.01,0.0033333333333333335
20150828,0.04,0.012115384615384618
20150829,0.07,0.02808219178082192
20150830,0.11,0.07315068493150685
20150831,0.16,0.10109589041095891
20150901,0.23,0.1567123287671233
20150902,0.26,0.19123287671232878
20150903,0.32,0.2452054794520548
20150904,0.39,0.2993150684931507
20150905,0.45,0.37698630136986305
20150906,0.55,0.4723972602739726
20150907,0.68,0.6066438356164383
20150908,0.82,0.7260958904109589
20150909,0.91,0.7964383561643835
20150910,0.92,0.8252739726027398
20150911,0.92,0.8300000000000001
20150912,0.94,0.8425342465753425
20150913,0.96,0.8547260273972602
20150914,1.0,0.8794520547945206
20150915,1.09,0.9406849315068495
20150916,1.19,1.0016438356164383
20150917,1.28,1.0513698630136987
20150918,1.31,1.0575342465753426
20150919,1.31,1.0578767123287671
20150920,1.36,1.1105479452054794
20150921,1.47,1.2196575342465752
20150922,1.59,1.3267123287671232
20150923,1.74,1.4373287671232877
20150924,1.94,1.6119863013698632
20150925,2.12,1.7819178082191778
20150926,2.28,1.9162328767123287
20150927,2.43,2.04527397260274
20150928,2.57,2.166506849315068
20150929,2.7,2.288767123287671
20150930,2.83,2.4146575342465755
20151001,2.95,2.525410958904109
20151002,3.04,2.6206164383561643
20151003,3.11,2.712602739726027
20151004,3.23,2.827054794520548
20151005,3.38,2.9528767123287674
20151006,3.54,3.0745205479452054
20151007,3.69,3.18986301369863
20151008,3.79,3.2675342465753423
20151009,3.85,3.3182876712328766
20151010,3.93,3.3782876712328767
20151011,4.0,3.424246575342466
20151012,4.03,3.439246575342466
20151013,4.06,3.470890410958904
20151014,4.15,3.5361643835616436
20151015,4.25,3.581643835616438
20151016,4.32,3.65041095890411
20151017,4.41,3.7467123287671233
20151018,4.49,3.8318493150684936
20151019,4.55,3.897945205479452
20151020,4.61,3.9549999999999996
20151021,4.67,4.000616438356164
20151022,4.74,4.039109589041096
20151023,4.79,4.056849315068493
20151024,4.79,4.059931506849315
20151025,4.84,4.085410958904109
20151026,4.97,4.2054109589041095
20151027,5.08,4.315547945205479
20151028,5.18,4.3916438356164385
20151029,5.24,4.442739726027396
20151030,5.32,4.515410958904109
20151031,5.41,4.592054794520548
20151101,5.49,4.64568493150685
20151102,5.55,4.6861643835616436
20151103,5.61,4.7330136986301365
20151104,5.61,4.7336301369863
20151105,5.64,4.741027397260274
20151106,5.67,4.752808219178083
20151107,5.71,4.758356164383562
20151108,5.73,4.76013698630137
20151109,5.73,4.760684931506849
20151110,5.73,4.761643835616439
20151111,5.73,4.761643835616439
20151112,5.73,4.761643835616439
20151113,5.73,4.761643835616439
20151114,5.73,4.761643835616439
20151115,5.73,4.761643835616439
20151116,5.73,4.761643835616439
20151117,5.73,4.761643835616439
20151118,5.73,4.761643835616439
20151119,5.73,4.761506849315069
20151120,5.73,4.757054794520548
20151121,5.72,4.733561643835616
20151122,5.68,4.6880136986301375
20151123,5.64,4.660547945205479
20151124,5.58,4.604520547945206
20151125,5.53,4.570821917808218
20151126,5.46,4.516164383561644
20151127,5.39,4.461986301369863
20151128,5.32,4.384657534246576
20151129,5.23,4.288972602739727
20151130,5.07,4.155068493150685
20151201,4.91,4.035000000000001
20151202,4.82,3.96445205479452
20151203,4.82,3.9361643835616427
20151204,4.82,3.9314383561643838
20151205,4.81,3.918904109589042
20151206,4.79,3.906506849315068
20151207,4.76,3.8827397260273973
20151208,4.66,3.8203424657534244
20151209,4.56,3.7591780821917804
20151210,4.46,3.71041095890411
20151211,4.43,3.704246575342465
20151212,4.43,3.703972602739726
20151213,4.4,3.650821917808219
20151214,4.3,3.541780821917808
20151215,4.19,3.4345205479452057
20151216,4.05,3.3237671232876713
20151217,3.84,3.1500000000000004
20151218,3.64,2.9797945205479452
20151219,3.49,2.8453424657534243
20151220,3.33,2.716164383561644
20151221,3.19,2.59486301369863
20151222,3.06,2.472945205479452
20151223,2.92,2.3467808219178083
20151224,2.8,2.2359589041095895
20151225,2.72,2.141095890410959
20151226,2.65,2.0489726027397257
20151227,2.53,1.9339041095890412
20151228,2.37,1.8083561643835615
20151229,2.2,1.6874657534246575
20151230,2.04,1.5713698630136987
20151231,1.94,1.4940410958904111
20160101,1.88,1.4429452054794523
20160102,1.8,1.3831506849315067
20160103,1.73,1.3375342465753424
20160104,1.7,1.3223287671232877
20160105,1.67,1.2901369863013699
20160106,1.59,1.2257534246575341
20160107,1.5,1.1801369863013698
20160108,1.43,1.1114383561643837
20160109,1.33,1.01513698630137
20160110,1.24,0.928972602739726
20160111,1.18,0.8634931506849315
20160112,1.12,0.8062328767123288
20160113,1.06,0.7610958904109589
20160114,0.99,0.7224657534246575
20160115,0.94,0.7051369863013698
20160116,0.94,0.7017808219178082
20160117,0.89,0.6754109589041096
20160118,0.76,0.5557534246575343
20160119,0.65,0.44630136986301366
20160120,0.55,0.3704109589041096
20160121,0.49,0.3182876712328767
20160122,0.41,0.24602739726027398
20160123,0.32,0.1695205479452055
20160124,0.24,0.11582191780821918
20160125,0.19,0.07602739726027398
20160126,0.12,0.03573913043478261
20160127,0.12,0.035130434782608695
20160128,0.09,0.025913043478260872
20160129,0.06,0.012421052631578949
20160130,0.04,0.011428571428571429
20160131,0.04,0.009565217391304347
20160201,0.02,0.005454545454545454
20160202,0.0,0.0
20160203,0.0,0.0
20160204,0.0,0.0
20160205,0.0,0.0
20160206,0.0,0.0
20160207,0.0,0.0
20160208,0.0,0.0
20160209,0.0,0.0
20160210,0.0,0.0
20160211,0.0,0.0
20160212,0.0,0.0
20160213,0.0,0.0
20160214,0.0,0.0
20160215,0.0,0.0
20160216,0.0,0.0
20160217,,
20160218,,
20160219,,
20160220,,
20160221,,
20160222,,
20160223,,
20160224,,
20160225,,
20160226,,
20160227,,
20160228,,
20160229,,
20160301,,
20160302,,
20160303,,
20160304,,
20160305,,
20160306,,
20160307,,
20160308,,
20160309,,
20160310,,
20160311,,
20160312,,
20160313,,
20160314,,
20160315,,
20160316,,
20160317,,
20160318,,
20160319,,
20160320,,
20160321,,
20160322,,
20160323,,
20160324,,
20160325,,
20160326,,
20160327,,
20160328,,
20160329,,
20160330,,
20160331,,
20160401,,
20160402,,
20160403,,
20160404,,
20160405,,
20160406,,
20160407,,
20160408,,
20160409,,
20160410,,
20160411,,
20160412,,
20160413,,
20160414,,
20160415,,
20160416,,
20160417,,
20160418,,
20160419,,
20160420,,
20160421,,
20160422,,
20160423,,
20160424,,
20160425,,
20160426,,
20160427,,
20160428,,
20160429,,
20160430,,
20160501,,
20160502,,
20160503,,
20160504,,
20160505,,
20160506,,
20160507,,
20160508,,
20160509,,
20160510,,
20160511,,
20160512,,
20160513,,
20160514,,
20160515,,
20160516,,
20160517,,
20160518,,
20160519,,
20160520,,
20160521,,
20160522,,
20160523,,
20160524,,
20160525,,
20160526,,
20160527,,
20160528,,
20160529,,
20160530,0.02,0.008974358974358975
20160531,0.02,0.008974358974358975
20160601,0.02,0.008974358974358975
20160602,0.02,0.008974358974358975
20160603,0.02,0.008974358974358975
20160604,0.02,0.008974358974358975
20160605,0.02,0.008974358974358975
20160606,0.02,0.008974358974358975
20160607,0.02,0.008974358974358975
20160608,0.02,0.008974358974358975
20160609,0.02,0.008974358974358975
20160610,0.02,0.008974358974358975
20160611,0.02,0.008974358974358975
20160612,0.02,0.008974358974358975
20160613,0.02,0.008974358974358975
20160614,0.02,0.008974358974358975
20160615,0.02,0.008974358974358975
20160616,0.02,0.008974358974358975
20160617,0.02,0.008974358974358975
20160618,0.02,0.008974358974358975
20160619,0.02,0.008974358974358975
20160620,0.02,0.008974358974358975
20160621,0.02,0.008974358974358975
20160622,0.02,0.008974358974358975
20160623,0.02,0.008974358974358975
20160624,0.02,0.008974358974358975
20160625,0.02,0.008974358974358975
20160626,0.02,0.008974358974358975
20160627,0.02,0.008974358974358975
20160628,0.02,0.00784313725490196
20160629,0.03,0.010153846153846152
20160630,0.03,0.010153846153846152
20160701,0.03,0.010153846153846152
20160702,0.03,0.010153846153846152
20160703,0.03,0.010153846153846152
20160704,0.03,0.010153846153846152
20160705,0.03,0.010153846153846152
20160706,0.07,0.02892857142857142
20160707,0.13,0.06598039215686273
20160708,0.2,0.0984313725490196
20160709,0.28,0.10436507936507936
20160710,0.39,0.16794520547945205
20160711,0.45,0.23301369863013702
20160712,0.45,0.23301369863013702
20160713,0.45,0.23301369863013702
20160714,0.45,0.23301369863013702
20160715,0.45,0.23342465753424657
20160716,0.45,0.23342465753424657
20160717,0.45,0.23342465753424657
20160718,0.45,0.23342465753424657
20160719,0.45,0.23342465753424657
20160720,0.45,0.23342465753424657
20160721,0.45,0.23342465753424657
20160722,0.45,0.23342465753424657
20160723,0.45,0.23342465753424657
20160724,0.45,0.23342465753424657
20160725,0.45,0.23342465753424657
20160726,0.45,0.23342465753424657
20160727,0.45,0.23349315068493154
20160728,0.45,0.23349315068493154
20160729,0.45,0.23349315068493154
20160730,0.45,0.23349315068493154
20160731,0.45,0.23349315068493154
20160801,0.45,0.23349315068493154
20160802,0.45,0.23349315068493154
20160803,0.45,0.24684931506849314
20160804,0.45,0.26315068493150684
20160805,0.45,0.27815068493150685
20160806,0.45,0.286027397260274
20160807,0.45,0.29582191780821915
20160808,0.45,0.30424657534246574
20160809,0.45,0.30424657534246574
20160810,0.45,0.30424657534246574
20160811,0.47,0.30554794520547945
20160812,0.55,0.32013698630136983
20160813,0.62,0.3339041095890411
20160814,0.62,0.3339041095890411
20160815,0.66,0.34376712328767123
20160816,0.69,0.3498630136986301
20160817,0.69,0.3502054794520548
20160818,0.69,0.3502054794520548
20160819,0.69,0.3502054794520548
20160820,0.72,0.356027397260274
20160821,0.74,0.35897260273972603
20160822,0.74,0.3567123287671233
20160823,0.74,0.36431506849315065
20160824,0.76,0.3890410958904109
20160825,0.89,0.4997945205479452
20160826,1.01,0.5780136986301369
20160827,1.13,0.673972602739726
20160828,1.22,0.7645205479452055
20160829,1.27,0.8267808219178083
20160830,1.28,0.8636986301369862
20160831,1.28,0.9070547945205482
20160901,1.28,0.9459589041095892
20160902,1.28,0.9465753424657534
20160903,1.28,0.9465753424657534
20160904,1.28,0.9473287671232877
20160905,1.29,0.9721917808219178
20160906,1.4,1.0824657534246576
20160907,1.51,1.2002739726027398
20160908,1.62,1.293013698630137
20160909,1.75,1.3952739726027399
20160910,1.88,1.523767123287671
20160911,1.96,1.619931506849315
20160912,1.97,1.667671232876712
20160913,2.04,1.720684931506849
20160914,2.14,1.816849315068493
20160915,2.25,1.9267808219178078
20160916,2.39,2.053904109589041
20160917,2.53,2.186164383561644
20160918,2.68,2.311027397260274
20160919,2.8,2.4352739726027397
20160920,2.92,2.5719178082191783
20160921,3.07,2.7244520547945204
20160922,3.23,2.872671232876712
20160923,3.39,3.018972602739726
20160924,3.55,3.1519178082191783
20160925,3.68,3.241712328767123
20160926,3.85,3.366986301369863
20160927,4.02,3.5023972602739724
20160928,4.11,3.5780136986301367
20160929,4.14,3.6304794520547943
20160930,4.17,3.688219178082192
20161001,4.25,3.748150684931507
20161002,4.27,3.7696575342465746
20161003,4.32,3.8102054794520543
20161004,4.45,3.9140410958904113
20161005,4.59,4.012534246575342
20161006,4.73,4.113767123287671
20161007,4.88,4.229041095890412
20161008,5.03,4.349041095890411
20161009,5.22,4.492328767123287
20161010,5.41,4.636095890410959
20161011,5.56,4.763767123287671
20161012,5.64,4.858082191780822
20161013,5.71,4.953698630136986
20161014,5.82,5.068767123287671
20161015,5.94,5.184383561643836
20161016,6.01,5.261438356164384
20161017,6.07,5.317739726027396
20161018,6.15,5.4070547945205485
20161019,6.25,5.547123287671233
20161020,6.33,5.678287671232877
20161021,6.47,5.804931506849315
20161022,6.62,5.939452054794521
20161023,6.77,6.0932876712328765
20161024,6.92,6.238424657534246
20161025,7.07,6.384383561643836
20161026,7.22,6.508082191780822
20161027,7.33,6.608424657534247
20161028,7.42,6.705479452054795
20161029,7.58,6.830684931506849
20161030,7.78,7.024794520547944
20161031,7.98,7.217602739726027
20161101,8.15,7.376369863013699
20161102,8.29,7.509589041095891
20161103,8.42,7.660000000000001
20161104,8.57,7.809109589041095
20161105,8.76,7.986643835616438
20161106,8.97,8.212328767123287
20161107,9.19,8.43013698630137
20161108,9.42,8.66164383561644
20161109,9.58,8.821849315068492
20161110,9.68,8.934383561643836
20161111,9.78,9.055410958904108
20161112,9.89,9.168424657534247
20161113,10.05,9.286232876712328
20161114,10.21,9.412054794520547
20161115,10.36,9.518904109589043
20161116,10.51,9.624794520547944
20161117,10.6,9.69109589041096
20161118,10.71,9.787191780821917
20161119,10.75,9.828082191780823
20161120,10.79,9.866712328767123
20161121,10.85,9.927397260273974
20161122,10.92,10.017671232876712
20161123,10.99,10.107602739726028
20161124,11.07,10.203835616438356
20161125,11.19,10.338835616438356
20161126,11.34,10.48445205479452
20161127,11.49,10.63931506849315
20161128,11.5,10.65746575342466
20161129,11.4,10.593767123287671
20161130,11.34,10.522808219178081
20161201,11.31,10.494657534246574
20161202,11.31,10.493219178082192
20161203,11.3,10.51835616438356
20161204,11.33,10.578561643835615
20161205,11.44,10.678698630136985
20161206,11.48,10.729246575342465
20161207,11.46,10.727328767123288
20161208,11.43,10.698493150684932
20161209,11.37,10.644726027397262
20161210,11.25,10.56
20161211,11.13,10.4863698630137
20161212,11.0,10.370684931506851
20161213,10.89,10.243972602739726
20161214,10.77,10.103219178082192
20161215,10.63,9.963287671232877
20161216,10.47,9.820479452054794
20161217,10.3,9.68904109589041
20161218,10.17,9.599246575342464
20161219,10.01,9.474246575342468
20161220,9.85,9.338082191780822
20161221,9.75,9.250342465753427
20161222,9.65,9.16904109589041
20161223,9.58,9.088972602739728
20161224,9.49,9.007397260273972
20161225,9.38,8.907671232876712
20161226,9.26,8.802465753424658
20161227,9.13,8.697945205479451
20161228,9.0,8.600068493150685
20161229,8.87,8.499383561643835
20161230,8.76,8.383767123287672
20161231,8.64,8.263287671232877
20170101,8.51,8.12013698630137
20170102,8.38,7.975958904109591
20170103,8.25,7.848356164383561
20170104,8.12,7.754589041095891
20170105,8.0,7.658561643835617
20170106,7.86,7.543287671232878
20170107,7.75,7.428561643835616
20170108,7.68,7.35109589041096
20170109,7.64,7.2945890410958905
20170110,7.56,7.205342465753425
20170111,7.41,7.06513698630137
20170112,7.28,6.93390410958904
20170113,7.15,6.807397260273973
20170114,7.01,6.672671232876713
20170115,6.85,6.519657534246576
20170116,6.7,6.373356164383561
20170117,6.55,6.227602739726027
20170118,6.39,6.089863013698629
20170119,6.28,5.974109589041096
20170120,6.17,5.861986301369863
20170121,6.06,5.728561643835617
20170122,5.85,5.525068493150685
20170123,5.63,5.323424657534247
20170124,5.45,5.164589041095891
20170125,5.31,5.031164383561644
20170126,5.15,4.879520547945205
20170127,4.98,4.715753424657534
20170128,4.77,4.524589041095892
20170129,4.55,4.29986301369863
20170130,4.32,4.071780821917808
20170131,4.08,3.833835616438356
20170201,3.92,3.673356164383561
20170202,3.83,3.5602054794520543
20170203,3.72,3.4397260273972607
20170204,3.59,3.321027397260274
20170205,3.43,3.200205479452055
20170206,3.27,3.0745205479452054
20170207,3.12,2.9597945205479452
20170208,2.95,2.828972602739726
20170209,2.79,2.652191780821918
20170210,2.63,2.478219178082192
20170211,2.48,2.340958904109589
20170212,2.35,2.212123287671233
20170213,2.24,2.088972602739726
20170214,2.13,1.9611643835616441
20170215,2.02,1.828219178082192
20170216,1.9,1.6935616438356165
20170217,1.78,1.5571232876712326
20170218,1.63,1.4121232876712329
20170219,1.48,1.2563698630136986
20170220,1.44,1.2132876712328766
20170221,1.39,1.1662328767123287
20170222,1.34,1.120068493150685
20170223,1.26,1.0553424657534245
20170224,1.16,0.9539726027397261
20170225,1.0,0.8005479452054794
20170226,0.84,0.6452739726027397
20170227,0.68,0.4963698630136986
20170228,0.58,0.3932191780821918
20170301,0.48,0.29924657534246574
20170302,0.39,0.2176712328767123
20170303,0.31,0.1447260273972603
20170304,0.25,0.09671232876712328
20170305,0.18,0.07858823529411764
20170306,0.13,0.06388235294117646
20170307,0.1,0.045764705882352937
20170308,0.06,0.0235
20170309,0.03,0.011818181818181821
20170310,0.02,0.009130434782608696
20170311,,
20170312,,
20170313,,
20170314,,
20170315,,
20170316,,
20170317,,
20170318,,
20170319,,
20170320,,
20170321,,
20170322,,
20170323,,
20170324,,
20170325,,
20170326,,
20170327,,
20170328,,
20170329,,
20170330,,
20170331,,
20170401,,
20170402,,
20170403,,
20170404,,
20170405,,
20170406,,
20170407,,
20170408,,
20170409,,
20170410,,
20170411,,
20170412,,
20170413,,
20170414,,
20170415,,
20170416,,
20170417,,
20170418,,
20170419,,
20170420,,
20170421,,
20170422,,
20170423,,
20170424,,
20170425,,
20170426,,
20170427,,
20170428,,
20170429,,
20170430,,
20170501,,
20170502,,
20170503,,
20170504,,
20170505,,
20170506,,
20170507,,
20170508,0.01,0.0008333333333333334
20170509,0.01,0.0008333333333333334
20170510,0.01,0.0008333333333333334
20170511,0.01,0.0008333333333333334
20170512,0.01,0.0008333333333333334
20170513,0.01,0.0008333333333333334
20170514,0.01,0.0008333333333333334
20170515,0.01,0.0008333333333333334
20170516,0.01,0.0008333333333333334
20170517,0.01,0.0008333333333333334
20170518,0.01,0.0008333333333333334
20170519,0.01,0.0008333333333333334
20170520,0.01,0.0008333333333333334
20170521,0.01,0.0008333333333333334
20170522,0.01,0.0008333333333333334
20170523,0.01,0.0008333333333333334
20170524,0.01,0.0008333333333333334
20170525,0.01,0.0008333333333333334
20170526,0.01,0.0008333333333333334
20170527,0.01,0.0008333333333333334
20170528,0.01,0.0008333333333333334
20170529,0.01,0.0008333333333333334
20170530,0.01,0.0008333333333333334
20170531,0.01,0.0008333333333333334
20170601,0.01,0.0008333333333333334
20170602,0.01,0.0008333333333333334
20170603,0.01,0.0008333333333333334
20170604,0.01,0.0008333333333333334
20170605,0.01,0.0008333333333333334
20170606,0.01,0.0008333333333333334
20170607,0.01,0.0008333333333333334
20170608,0.01,0.0008333333333333334
20170609,0.01,0.0008333333333333334
20170610,0.01,0.0008333333333333334
20170611,0.01,0.0008333333333333334
20170612,0.01,0.0008333333333333334
20170613,0.01,0.0008333333333333334
20170614,0.01,0.0008333333333333334
20170615,0.01,0.0008333333333333334
20170616,0.01,0.0008333333333333334
20170617,0.01,0.0008333333333333334
20170618,0.01,0.0008333333333333334
20170619,0.01,0.0008333333333333334
20170620,0.01,0.0015789473684210526
20170621,0.01,0.0015789473684210526
20170622,0.01,0.0015789473684210526
20170623,0.01,0.0015789473684210526
20170624,0.01,0.0015789473684210526
20170625,0.01,0.0015789473684210526
20170626,0.01,0.0015789473684210526
20170627,0.01,0.0015789473684210526
20170628,0.01,0.0015789473684210526
20170629,0.01,0.0015789473684210526
20170630,0.01,0.0015789473684210526
20170701,0.01,0.0015789473684210526
20170702,0.01,0.0019230769230769232
20170703,0.03,0.005625
20170704,0.03,0.005625
20170705,0.03,0.005625
20170706,0.03,0.005625
20170707,0.03,0.005625
20170708,0.03,0.005625
20170709,0.03,0.005625
20170710,0.03,0.005625
20170711,0.03,0.005625
20170712,0.03,0.005625
20170713,0.05,0.027333333333333338
20170714,0.09,0.056296296296296296
20170715,0.09,0.056296296296296296
20170716,0.09,0.056296296296296296
20170717,0.09,0.056296296296296296
20170718,0.09,0.056296296296296296
20170719,0.09,0.056296296296296296
20170720,0.09,0.056296296296296296
20170721,0.09,0.056296296296296296
20170722,0.09,0.056296296296296296
20170723,0.09,0.056296296296296296
20170724,0.09,0.056296296296296296
20170725,0.09,0.05637037037037037
20170726,0.09,0.05637037037037037
20170727,0.09,0.05637037037037037
20170728,0.09,0.05637037037037037
20170729,0.09,0.05637037037037037
20170730,0.09,0.05637037037037037
20170731,0.09,0.05641791044776119
20170801,0.09,0.05641791044776119
20170802,0.14,0.06582089552238805
20170803,0.2,0.11178082191780822
20170804,0.21,0.14198630136986298
20170805,0.25,0.1593835616438356
20170806,0.28,0.1821917808219178
20170807,0.34,0.23897260273972604
20170808,0.4,0.2865068493150685
20170809,0.43,0.30404109589041095
20170810,0.48,0.32917808219178085
20170811,0.51,0.3536301369863014
20170812,0.55,0.3754109589041096
20170813,0.58,0.39664383561643834
20170814,0.62,0.4197260273972603
20170815,0.65,0.43753424657534246
20170816,0.69,0.46856164383561644
20170817,0.73,0.49904109589041096
20170818,0.77,0.5317808219178083
20170819,0.84,0.6024657534246575
20170820,0.94,0.6702739726027398
20170821,1.01,0.7293150684931506
20170822,1.09,0.7876027397260275
20170823,1.21,0.8582876712328767
20170824,1.31,0.8893150684931507
20170825,1.33,0.897945205479452
20170826,1.4,0.966095890410959
20170827,1.49,1.0647945205479452
20170828,1.63,1.223150684931507
20170829,1.79,1.38013698630137
20170830,1.93,1.4916438356164383
20170831,2.01,1.5615753424657535
20170901,2.11,1.6415753424657533
20170902,2.2,1.7213013698630137
20170903,2.31,1.8239041095890411
20170904,2.42,1.947191780821918
20170905,2.53,2.063219178082192
20170906,2.64,2.1754109589041097
20170907,2.79,2.3299315068493147
20170908,3.01,2.5436986301369857
20170909,3.2,2.7254109589041096
20170910,3.37,2.877808219178082
20170911,3.53,3.0266438356164382
20170912,3.68,3.1604109589041096
20170913,3.85,3.2971232876712326
20170914,4.04,3.468287671232877
20170915,4.2,3.625342465753425
20170916,4.35,3.7736986301369866
20170917,4.52,3.9323972602739716
20170918,4.67,4.0936301369863015
20170919,4.81,4.238561643835616
20170920,4.94,4.386301369863014
20170921,5.2,4.652671232876712
20170922,5.48,4.958698630136986
20170923,5.76,5.276027397260274
20170924,6.05,5.5936301369863015
20170925,6.35,5.902602739726027
20170926,6.67,6.2087671232876716
20170927,6.92,6.456095890410959
20170928,6.96,6.492671232876712
20170929,7.0,6.517602739726028
20170930,7.04,6.549383561643836
20171001,7.08,6.587945205479452
20171002,7.17,6.654041095890411
20171003,7.29,6.72445205479452
20171004,7.44,6.849178082191781
20171005,7.62,7.054109589041096
20171006,7.79,7.2328082191780805
20171007,7.95,7.389726027397261
20171008,8.12,7.557328767123287
20171009,8.3,7.744383561643836
20171010,8.49,7.939931506849315
20171011,8.71,8.146369863013698
20171012,8.92,8.360479452054793
20171013,9.14,8.574109589041097
20171014,9.35,8.766027397260276
20171015,9.56,8.947739726027397
20171016,9.72,9.09445205479452
20171017,9.88,9.222671232876714
20171018,10.05,9.340753424657533
20171019,10.15,9.419657534246575
20171020,10.21,9.467465753424657
20171021,10.28,9.51678082191781
20171022,10.33,9.569383561643836
20171023,10.36,9.605753424657534
20171024,10.36,9.620890410958905
20171025,10.36,9.63027397260274
20171026,10.33,9.598287671232878
20171027,10.34,9.590410958904112
20171028,10.35,9.605136986301371
20171029,10.37,9.624863013698631
20171030,10.36,9.612123287671231
20171031,10.38,9.608356164383562
20171101,10.46,9.634178082191783
20171102,10.49,9.652945205479451
20171103,10.52,9.671095890410959
20171104,10.54,9.690479452054795
20171105,10.54,9.700000000000001
20171106,10.55,9.723767123287672
20171107,10.58,9.762191780821917
20171108,10.58,9.776849315068494
20171109,10.61,9.82609589041096
20171110,10.61,9.827191780821918
20171111,10.56,9.765205479452055
20171112,10.48,9.697945205479453
20171113,10.41,9.643013698630137
20171114,10.34,9.603835616438355
20171115,10.3,9.6063698630137
20171116,10.29,9.641986301369863
20171117,10.34,9.691780821917808
20171118,10.37,9.698219178082192
20171119,10.45,9.728698630136986
20171120,10.46,9.648287671232877
20171121,10.38,9.536849315068494
20171122,10.35,9.486575342465754
20171123,10.37,9.473493150684932
20171124,10.34,9.42904109589041
20171125,10.27,9.370958904109589
20171126,10.16,9.26835616438356
20171127,10.06,9.149931506849315
20171128,9.95,9.03821917808219
20171129,9.83,8.926712328767124
20171130,9.69,8.773493150684931
20171201,9.5,8.591164383561644
20171202,9.35,8.451849315068493
20171203,9.24,8.344931506849315
20171204,9.12,8.236986301369862
20171205,9.02,8.143493150684932
20171206,8.85,8.011232876712327
20171207,8.66,7.839657534246577
20171208,8.5,7.683150684931508
20171209,8.35,7.534109589041096
20171210,8.18,7.375753424657535
20171211,8.03,7.214246575342464
20171212,7.9,7.070205479452055
20171213,7.76,6.922260273972602
20171214,7.5,6.655753424657535
20171215,7.22,6.349657534246575
20171216,6.94,6.032808219178082
20171217,6.65,5.71458904109589
20171218,6.34,5.402739726027397
20171219,6.03,5.097191780821918
20171220,5.78,4.849931506849314
20171221,5.73,4.813219178082192
20171222,5.69,4.788287671232876
20171223,5.66,4.757054794520548
20171224,5.62,4.717739726027397
20171225,5.55,4.651164383561643
20171226,5.46,4.581369863013697
20171227,5.35,4.456712328767123
20171228,5.12,4.22945205479452
20171229,4.91,4.023767123287671
20171230,4.75,3.868082191780822
20171231,4.58,3.699726027397261
20180101,4.4,3.512945205479452
20180102,4.2,3.317054794520548
20180103,3.98,3.110684931506849
20180104,3.75,2.896027397260274
20180105,3.52,2.6832876712328773
20180106,3.3,2.490958904109589
20180107,3.09,2.3094520547945208
20180108,2.93,2.163287671232877
20180109,2.79,2.0343835616438355
20180110,2.65,1.9165753424657535
20180111,2.57,1.8384246575342464
20180112,2.52,1.7897260273972604
20180113,2.45,1.7406849315068493
20180114,2.4,1.6873287671232877
20180115,2.36,1.6515068493150686
20180116,2.36,1.6363013698630136
20180117,2.36,1.6182876712328769
20180118,2.34,1.598698630136986
20180119,2.3,1.5758219178082191
20180120,2.26,1.5435616438356166
20180121,2.21,1.5015753424657536
20180122,2.15,1.457945205479452
20180123,2.07,1.414109589041096
20180124,1.99,1.3711643835616438
20180125,1.9,1.3274657534246574
20180126,1.81,1.2837671232876713
20180127,1.73,1.2434246575342467
20180128,1.68,1.212191780821918
20180129,1.63,1.1651369863013699
20180130,1.58,1.1086986301369863
20180131,1.53,1.0637671232876713
20180201,1.44,0.9832876712328767
20180202,1.38,0.9493835616438355
20180203,1.36,0.9413013698630137
20180204,1.36,0.9405479452054794
20180205,1.36,0.936095890410959
20180206,1.35,0.918013698630137
20180207,1.26,0.8439726027397261
20180208,1.16,0.7778082191780822
20180209,1.05,0.7181506849315068
20180210,0.95,0.644931506849315
20180211,0.79,0.515958904109589
20180212,0.63,0.43753424657534246
20180213,0.54,0.3914383561643836
20180214,0.5,0.3313698630136986
20180215,0.45,0.27356164383561643
20180216,0.41,0.23780821917808218
20180217,0.37,0.2167808219178082
20180218,0.37,0.2167808219178082
20180219,0.35,0.21150684931506852
20180220,0.33,0.2078082191780822
20180221,0.33,0.2069178082191781
20180222,0.33,0.20595890410958906
20180223,0.28,0.17417808219178083
20180224,0.22,0.13130136986301372
20180225,0.17,0.08609589041095891
20180226,0.1,0.04568493150684932
20180227,0.02,0.01277777777777778
20180228,0.01,0.004
20180301,0.01,0.004
20180302,0.01,0.004
20180303,0.01,0.004
20180304,0.01,0.004
20180305,0.01,0.004
20180306,0.01,0.004
20180307,,
20180308,,
20180309,,
20180310,,
20180311,,
20180312,,
20180313,,
20180314,,
20180315,,
20180316,,
20180317,,
20180318,,
20180319,,
20180320,,
20180321,,
20180322,,
20180323,,
20180324,,
20180325,,
20180326,,
20180327,,
20180328,,
20180329,,
20180330,,
20180331,,
20180401,,
20180402,,
20180403,,
20180404,,
20180405,,
20180406,,
20180407,,
20180408,,
20180409,,
20180410,,
20180411,,
20180412,,
20180413,,
20180414,,
20180415,,
20180416,,
20180417,,
20180418,,
20180419,,
20180420,,
20180421,,
20180422,,
20180423,,
20180424,,
20180425,,
20180426,,
20180427,,
20180428,,
20180429,,
20180430,,
20180501,,
20180502,,
20180503,,
20180504,,
20180505,,
20180506,,
20180507,,
20180508,,
20180509,,
20180510,,
20180511,,
20180512,,
20180513,,
20180514,,
20180515,,
20180516,,
20180517,,
20180518,,
20180519,,
20180520,,
20180521,,
20180522,,
20180523,,
20180524,,
20180525,,
20180526,,
20180527,,
20180528,,
20180529,,
20180530,,
20180531,,
20180601,,
20180602,,
20180603,,
20180604,,
20180605,,
20180606,,
20180607,,
20180608,,
20180609,,
20180610,,
20180611,,
20180612,,
20180613,,
20180614,,
20180615,,
20180616,,
20180617,,
20180618,,
20180619,,
20180620,,
20180621,,
20180622,,
20180623,,
20180624,,
20180625,,
20180626,,
20180627,,
20180628,,
20180629,,
20180630,,
20180701,,
20180702,,
20180703,,
20180704,,
20180705,,
20180706,,
20180707,,
20180708,,
20180709,,
20180710,,
20180711,,
20180712,,
20180713,,
20180714,,
20180715,,
20180716,,
20180717,,
20180718,,
20180719,,
20180720,,
20180721,,
20180722,,
20180723,,
20180724,,
20180725,,
20180726,,
20180727,,
20180728,,
20180729,,
20180730,,
20180731,,
20180801,,
20180802,,
20180803,,
20180804,,
20180805,,
20180806,,
20180807,,
20180808,,
20180809,,
20180810,0.03,0.016938775510204084
20180811,0.06,0.03547169811320755
20180812,0.1,0.04735849056603774
20180813,0.1,0.04735849056603774
20180814,0.1,0.04735849056603774
20180815,0.1,0.04735849056603774
20180816,0.1,0.027826086956521737
20180817,0.1,0.03330985915492958
20180818,0.1,0.04267123287671233
20180819,0.14,0.07
20180820,0.17,0.09602739726027397
20180821,0.17,0.10431506849315068
20180822,0.17,0.10452054794520547
20180823,0.17,0.10657534246575344
20180824,0.19,0.13027397260273973
20180825,0.23,0.15315068493150685
20180826,0.27,0.16726027397260276
20180827,0.27,0.16746575342465755
20180828,0.27,0.16746575342465755
20180829,0.27,0.17184931506849316
20180830,0.31,0.19047945205479452
20180831,0.36,0.22369863013698627
20180901,0.37,0.24458904109589036
20180902,0.37,0.24458904109589036
20180903,0.37,0.24616438356164383
20180904,0.39,0.2745205479452055
20180905,0.4,0.29753424657534244
20180906,0.42,0.30931506849315066
20180907,0.45,0.3233561643835617
20180908,0.5,0.3471232876712329
20180909,0.54,0.3756164383561643
20180910,0.58,0.4078767123287671
20180911,0.58,0.41376712328767123
20180912,0.63,0.44575342465753415
20180913,0.69,0.5134931506849315
20180914,0.75,0.5892465753424657
20180915,0.85,0.678082191780822
20180916,0.94,0.7626712328767123
20180917,1.11,0.9067808219178083
20180918,1.27,1.042054794520548
20180919,1.39,1.146027397260274
20180920,1.45,1.195068493150685
20180921,1.49,1.2305479452054795
20180922,1.53,1.266917808219178
20180923,1.59,1.323013698630137
20180924,1.66,1.3844520547945205
20180925,1.74,1.4515068493150685
20180926,1.79,1.5032191780821915
20180927,1.82,1.5289041095890412
20180928,1.84,1.5554794520547948
20180929,1.85,1.581232876712329
20180930,1.88,1.6153424657534248
20181001,2.0,1.717945205479452
20181002,2.1,1.7954109589041096
20181003,2.21,1.881027397260274
20181004,2.3,1.955205479452055
20181005,2.36,2.002260273972603
20181006,2.44,2.0736301369863015
20181007,2.54,2.15972602739726
20181008,2.65,2.246986301369863
20181009,2.76,2.335753424657534
20181010,2.85,2.4144520547945203
20181011,2.92,2.4742465753424656
20181012,2.99,2.5284931506849317
20181013,3.06,2.585616438356164
20181014,3.12,2.642054794520548
20181015,3.19,2.7034246575342467
20181016,3.27,2.7734246575342465
20181017,3.34,2.8428082191780817
20181018,3.44,2.9284246575342463
20181019,3.53,3.0186301369863013
20181020,3.57,3.04986301369863
20181021,3.57,3.0524657534246575
20181022,3.59,3.068150684931507
20181023,3.59,3.0765068493150687
20181024,3.61,3.092054794520548
20181025,3.66,3.128013698630137
20181026,3.71,3.16513698630137
20181027,3.73,3.1989041095890407
20181028,3.76,3.2327397260273973
20181029,3.82,3.282808219178082
20181030,3.85,3.318150684931507
20181031,3.88,3.3553424657534245
20181101,3.9,3.382465753424657
20181102,3.9,3.3822602739726033
20181103,3.9,3.3775342465753426
20181104,3.91,3.378698630136987
20181105,3.91,3.3845890410958903
20181106,3.92,3.39986301369863
20181107,3.95,3.431301369863014
20181108,3.97,3.4544520547945208
20181109,4.01,3.48527397260274
20181110,4.04,3.5093835616438347
20181111,4.06,3.5164383561643833
20181112,4.07,3.5383561643835617
20181113,4.11,3.583493150684932
20181114,4.11,3.5990410958904113
20181115,4.14,3.6016438356164384
20181116,4.11,3.579041095890411
20181117,4.08,3.568356164383562
20181118,4.07,3.556780821917808
20181119,4.07,3.556643835616438
20181120,4.07,3.556643835616438
20181121,4.07,3.5524657534246575
20181122,4.05,3.534109589041096
20181123,4.01,3.5002054794520547
20181124,4.01,3.480616438356164
20181125,4.01,3.480616438356164
20181126,4.0,3.478904109589041
20181127,3.96,3.4504109589041096
20181128,3.94,3.4265068493150683
20181129,3.91,3.414931506849315
20181130,3.89,3.4010273972602736
20181201,3.87,3.377123287671233
20181202,3.84,3.3485616438356165
20181203,3.81,3.316917808219178
20181204,3.8,3.310890410958904
20181205,3.74,3.2787671232876714
20181206,3.67,3.2110958904109594
20181207,3.6,3.135342465753425
20181208,3.51,3.0463698630136986
20181209,3.43,2.9621917808219176
20181210,3.27,2.8182191780821912
20181211,3.13,2.6824657534246574
20181212,3.01,2.5783561643835617
20181213,2.99,2.5289726027397252
20181214,2.97,2.4934931506849316
20181215,2.93,2.4578767123287673
20181216,2.86,2.4015068493150684
20181217,2.78,2.3404794520547947
20181218,2.7,2.2734246575342465
20181219,2.65,2.222054794520548
20181220,2.6,2.195616438356164
20181221,2.54,2.169109589041096
20181222,2.5,2.1432191780821914
20181223,2.46,2.1086986301369866
20181224,2.33,2.006095890410959
20181225,2.22,1.9291095890410956
20181226,2.13,1.843767123287671
20181227,2.06,1.76986301369863
20181228,2.0,1.7223972602739726
20181229,1.91,1.6507534246575342
20181230,1.81,1.5643150684931506
20181231,1.71,1.477191780821918
20190101,1.63,1.388972602739726
20190102,1.55,1.3102054794520548
20190103,1.49,1.2504794520547944
20190104,1.44,1.1963013698630134
20190105,1.39,1.1391095890410958
20190106,1.34,1.082191780821918
20190107,1.28,1.021027397260274
20190108,1.22,0.950958904109589
20190109,1.14,0.8814383561643836
20190110,1.06,0.7956849315068494
20190111,0.96,0.705958904109589
20190112,0.92,0.6748630136986301
20190113,0.92,0.672054794520548
20190114,0.89,0.6564383561643836
20190115,0.86,0.648013698630137
20190116,0.81,0.6319863013698631
20190117,0.75,0.5965753424657534
20190118,0.7,0.5597260273972603
20190119,0.66,0.5253424657534247
20190120,0.63,0.49171232876712334
20190121,0.59,0.4416438356164384
20190122,0.55,0.4053424657534247
20190123,0.51,0.36904109589041095
20190124,0.49,0.34136986301369865
20190125,0.48,0.3356164383561644
20190126,0.47,0.3334931506849315
20190127,0.45,0.32849315068493146
20190128,0.43,0.32219178082191774
20190129,0.4,0.3073287671232877
20190130,0.37,0.2763698630136986
20190131,0.33,0.24342465753424658
20190201,0.29,0.20671232876712328
20190202,0.23,0.17178082191780822
20190203,0.19,0.13739726027397262
20190204,0.13,0.09041095890410958
20190205,0.07,0.03636986301369863
20190206,0.06,0.024094488188976377
20190207,0.06,0.021545454545454538
20190208,0.06,0.021682242990654205
20190209,0.02,0.01277777777777778
20190210,,
20190211,,
20190212,,
20190213,,
20190214,,
20190215,,
20190216,,
20190217,,
20190218,,
20190219,,
20190220,,
20190221,,
20190222,,
20190223,,
20190224,,
20190225,,
20190226,,
20190227,,
20190228,,
20190301,,
20190302,,
20190303,,
20190304,,
20190305,,
20190306,,
20190307,,
20190308,,
20190309,,
20190310,,
20190311,,
20190312,,
20190313,,
20190314,,
20190315,,
20190316,,
20190317,,
20190318,,
20190319,,
20190320,,
20190321,,
20190322,,
20190323,,
20190324,,
20190325,,
20190326,,
20190327,,
20190328,,
20190329,,
20190330,,
20190331,,
20190401,,
20190402,,
20190403,,
20190404,,
20190405,,
20190406,,
20190407,,
20190408,,
20190409,,
20190410,,
20190411,,
20190412,,
20190413,,
20190414,,
20190415,,
20190416,,
20190417,,
20190418,,
20190419,,
20190420,,
20190421,,
20190422,,
20190423,,
20190424,,
20190425,,
20190426,,
20190427,,
20190428,,
20190429,,
20190430,,
20190501,,
20190502,,
20190503,,
20190504,,
20190505,,
20190506,,
20190507,,
20190508,,
20190509,,
20190510,,
20190511,,
20190512,,
20190513,,
20190514,,
20190515,,
20190516,,
20190517,,
20190518,,
20190519,,
20190520,,
20190521,,
20190522,,
20190523,,
20190524,,
20190525,,
20190526,,
20190527,,
20190528,,
20190529,,
20190530,,
20190531,,
20190601,,
20190602,,
20190603,,
20190604,,
20190605,,
20190606,,
20190607,,
20190608,,
20190609,,
20190610,,
20190611,,
20190612,,
20190613,,
20190614,,
20190615,,
20190616,,
20190617,,
20190618,,
20190619,,
20190620,,
20190621,,
20190622,,
20190623,,
20190624,,
20190625,,
20190626,,
20190627,,
20190628,,
20190629,,
20190630,,
20190701,,
20190702,,
20190703,,
20190704,,
20190705,,
20190706,,
20190707,,
20190708,,
20190709,,
20190710,,
20190711,,
20190712,,
20190713,,
20190714,,
20190715,,
20190716,,
20190717,,
20190718,,
20190719,,
20190720,,
20190721,,
20190722,,
20190723,,
20190724,,
20190725,,
20190726,,
20190727,,
20190728,,
20190729,,
20190730,0.08,0.05613636363636362
20190731,0.16,0.09496296296296296
20190801,0.16,0.09496296296296296
20190802,0.16,0.09762962962962962
20190803,0.16,0.1040740740740741
20190804,0.18,0.11155555555555555
20190805,0.22,0.1154109589041096
20190806,0.38,0.23006849315068495
20190807,0.52,0.3368493150684932
20190808,0.67,0.4405479452054794
20190809,0.8,0.5580821917808219
20190810,0.88,0.6298630136986302
20190811,0.94,0.688904109589041
20190812,1.01,0.7476027397260274
20190813,1.06,0.8025342465753424
20190814,1.11,0.8525342465753425
20190815,1.16,0.9043150684931505
20190816,1.18,0.9326712328767124
20190817,1.22,0.9784931506849316
20190818,1.27,1.0569178082191781
20190819,1.32,1.1005479452054796
20190820,1.39,1.1605479452054794
20190821,1.45,1.209178082191781
20190822,1.51,1.2493835616438356
20190823,1.56,1.2775342465753425
20190824,1.63,1.3471917808219178
20190825,1.69,1.4257534246575345
20190826,1.73,1.4682876712328767
20190827,1.73,1.471849315068493
20190828,1.73,1.475068493150685
20190829,1.73,1.475068493150685
20190830,1.73,1.475068493150685
20190831,1.73,1.480890410958904
20190901,1.74,1.4886301369863013
20190902,1.78,1.5107534246575343
20190903,1.86,1.5616438356164384
20190904,1.91,1.6023287671232878
20190905,1.93,1.61486301369863
20190906,1.99,1.6352054794520547
20190907,2.09,1.6995890410958903
20190908,2.17,1.746027397260274
20190909,2.23,1.7831506849315066
20190910,2.23,1.7932191780821918
20190911,2.23,1.8028767123287672
20190912,2.25,1.8213698630136983
20190913,2.33,1.8895205479452055
20190914,2.42,1.957123287671233
20190915,2.53,2.0263698630136986
20190916,2.66,2.133767123287671
20190917,2.81,2.25458904109589
20190918,2.96,2.382260273972603
20190919,3.11,2.529931506849315
20190920,3.22,2.6469178082191784
20190921,3.32,2.756164383561644
20190922,3.42,2.8593835616438357
20190923,3.51,2.9556164383561643
20190924,3.7,3.163219178082192
20190925,3.92,3.376232876712329
20190926,4.15,3.59972602739726
20190927,4.39,3.827054794520548
20190928,4.57,4.013013698630137
20190929,4.72,4.171986301369863
20190930,4.88,4.334726027397261
20191001,5.0,4.435958904109589
20191002,5.13,4.558972602739726
20191003,5.27,4.695205479452055
20191004,5.41,4.8421232876712335
20191005,5.58,5.043424657534246
20191006,5.78,5.2613013698630136
20191007,5.91,5.397945205479452
20191008,6.04,5.533698630136986
20191009,6.19,5.679794520547945
20191010,6.33,5.826369863013698
20191011,6.41,5.913561643835616
20191012,6.53,6.040547945205479
20191013,6.65,6.158287671232877
20191014,6.77,6.278150684931507
20191015,6.89,6.393630136986301
20191016,7.01,6.513424657534247
20191017,7.18,6.67095890410959
20191018,7.36,6.82945205479452
20191019,7.53,6.998356164383561
20191020,7.68,7.147602739726029
20191021,7.76,7.20917808219178
20191022,7.79,7.216849315068494
20191023,7.84,7.247602739726028
20191024,7.9,7.32431506849315
20191025,7.99,7.422328767123287
20191026,8.08,7.527465753424659
20191027,8.17,7.626712328767123
20191028,8.27,7.746712328767123
20191029,8.27,7.7810273972602735
20191030,8.3,7.813356164383562
20191031,8.25,7.74917808219178
20191101,8.18,7.674246575342466
20191102,8.19,7.6602054794520535
20191103,8.2,7.67986301369863
20191104,8.29,7.748561643835616
20191105,8.36,7.812397260273974
20191106,8.43,7.886095890410958
20191107,8.47,7.920136986301371
20191108,8.47,7.947808219178083
20191109,8.43,7.94554794520548
20191110,8.43,7.912602739726028
20191111,8.44,7.904315068493152
20191112,8.41,7.875
20191113,8.36,7.840547945205478
20191114,8.32,7.818013698630136
20191115,8.31,7.798150684931505
20191116,8.27,7.735547945205479
20191117,8.31,7.756643835616437
20191118,8.38,7.820342465753424
20191119,8.49,7.925000000000002
20191120,8.59,8.005958904109589
20191121,8.7,8.097260273972603
20191122,8.78,8.184589041095888
20191123,8.85,8.25054794520548
20191124,8.91,8.301986301369864
20191125,8.91,8.315821917808218
20191126,8.9,8.314863013698629
20191127,8.9,8.342739726027396
20191128,8.9,8.387397260273973
20191129,8.95,8.423287671232876
20191130,8.98,8.425410958904111
20191201,8.97,8.405000000000001
20191202,8.96,8.385958904109588
20191203,8.99,8.431575342465754
20191204,9.04,8.500616438356165
20191205,9.09,8.544178082191781
20191206,9.08,8.533150684931508
20191207,9.05,8.519452054794522
20191208,8.99,8.480616438356165
20191209,8.92,8.396506849315067
20191210,8.85,8.303767123287672
20191211,8.73,8.176438356164384
20191212,8.59,8.028972602739726
20191213,8.47,7.912054794520547
20191214,8.36,7.804863013698632
20191215,8.25,7.70431506849315
20191216,8.14,7.607328767123288
20191217,7.94,7.400616438356166
20191218,7.73,7.187397260273974
20191219,7.51,6.963972602739726
20191220,7.27,6.735890410958905
20191221,7.08,6.551027397260274
20191222,6.9,6.391712328767124
20191223,6.72,6.228972602739725
20191224,6.64,6.127123287671233
20191225,6.53,6.00445205479452
20191226,6.39,5.868150684931507
20191227,6.21,5.721232876712328
20191228,5.99,5.520342465753425
20191229,5.74,5.301986301369863
20191230,5.58,5.165205479452055
20191231,5.43,5.029794520547946
