region_name,longitude,latitude,time_period,ACCESS_CM2,ACCESS_ESM1_5,BCC_CSM2_MR,CanESM5,CESM2_WACCM,CMCC_CM2_SR5,EC_Earth3,EC_Earth3_Veg,GFDL_CM4,IPSL_CM6A_LR,MRI_ESM2_0,NESM3,NorESM2_LM,NorESM2_MM,ensemble_mean_no_dhw_4,ensemble_min_no_dhw_4,ensemble_max_no_dhw_4
Caribbean,-68.25,12.02,2021-2040,1260.0,3408.0,392.0,1100.0,1404.0,959.0,2497.0,1191.0,,800.0,898.0,1651.0,1477.0,663.0,1362.0,392.0,3408.0
Caribbean,-68.24,12.02,2021-2040,1259.0,3417.0,393.0,1099.0,1406.0,959.0,2499.0,1197.0,,801.0,900.0,1647.0,1476.0,663.0,1363.0,393.0,3417.0
Caribbean,-68.26,12.03,2021-2040,1259.0,3401.0,389.0,1102.0,1406.0,959.0,2495.0,1196.0,,813.0,894.0,1652.0,1476.0,662.0,1362.0,389.0,3401.0
Caribbean,-68.25,12.03,2021-2040,1259.0,3409.0,392.0,1101.0,1406.0,957.0,2499.0,1193.0,,812.0,896.0,1651.0,1476.0,662.0,1363.0,392.0,3409.0
Caribbean,-68.24,12.03,2021-2040,1258.0,3415.0,392.0,1100.0,1407.0,956.0,2501.0,1199.0,,811.0,896.0,1652.0,1476.0,662.0,1363.0,392.0,3415.0
Caribbean,-68.23,12.03,2021-2040,1258.0,3428.0,393.0,1041.0,1411.0,954.0,2504.0,1200.0,,810.0,896.0,1654.0,1476.0,663.0,1361.0,393.0,3428.0
Caribbean,-68.27,12.04,2021-2040,1259.0,3393.0,389.0,1107.0,1405.0,953.0,2492.0,1198.0,,812.0,890.0,1594.0,1477.0,661.0,1356.0,389.0,3393.0
Caribbean,-68.26,12.04,2021-2040,1258.0,3399.0,390.0,1104.0,1406.0,949.0,2495.0,1200.0,,812.0,893.0,1655.0,1476.0,661.0,1361.0,390.0,3399.0
Caribbean,-68.23,12.04,2021-2040,1258.0,3427.0,393.0,1043.0,1414.0,946.0,2506.0,1202.0,,812.0,894.0,1659.0,1477.0,661.0,1361.0,393.0,3427.0
Caribbean,-68.22,12.04,2021-2040,1258.0,3432.0,393.0,1042.0,1414.0,945.0,2509.0,1202.0,,812.0,894.0,1657.0,1477.0,662.0,1361.0,393.0,3432.0
Caribbean,-68.28,12.05,2021-2040,1260.0,3386.0,386.0,1112.0,1402.0,945.0,2491.0,1207.0,,812.0,888.0,1594.0,1476.0,657.0,1355.0,386.0,3386.0
Caribbean,-68.27,12.05,2021-2040,1259.0,3392.0,388.0,1108.0,1405.0,944.0,2496.0,1200.0,,812.0,888.0,1597.0,1476.0,660.0,1356.0,388.0,3392.0
Caribbean,-68.22,12.05,2021-2040,1258.0,3434.0,393.0,1042.0,1440.0,937.0,2434.0,1204.0,,813.0,892.0,1678.0,1475.0,661.0,1359.0,393.0,3434.0
Caribbean,-68.28,12.06,2021-2040,1260.0,3383.0,389.0,1110.0,1431.0,940.0,2492.0,1208.0,,812.0,886.0,1597.0,1476.0,658.0,1357.0,389.0,3383.0
Caribbean,-68.23,12.06,2021-2040,1258.0,3428.0,393.0,1045.0,1440.0,928.0,2439.0,1212.0,,814.0,891.0,1682.0,1476.0,663.0,1359.0,393.0,3428.0
Caribbean,-68.22,12.06,2021-2040,1256.0,3434.0,392.0,1044.0,1442.0,904.0,2440.0,1205.0,,814.0,892.0,1683.0,1477.0,664.0,1357.0,392.0,3434.0
Caribbean,-68.28,12.07,2021-2040,1260.0,3394.0,390.0,1111.0,1433.0,908.0,2495.0,1209.0,,812.0,885.0,1603.0,1475.0,657.0,1356.0,390.0,3394.0
Caribbean,-68.23,12.07,2021-2040,1255.0,3430.0,392.0,1047.0,1443.0,882.0,2451.0,1214.0,,815.0,891.0,1683.0,1477.0,663.0,1357.0,392.0,3430.0
Caribbean,-68.22,12.07,2021-2040,1254.0,3438.0,392.0,1045.0,1442.0,884.0,2450.0,1208.0,,815.0,891.0,1684.0,1478.0,665.0,1357.0,392.0,3438.0
Caribbean,-68.28,12.08,2021-2040,1260.0,3362.0,389.0,1111.0,1436.0,878.0,2497.0,1217.0,,812.0,885.0,1611.0,1474.0,656.0,1353.0,389.0,3362.0
Caribbean,-68.23,12.08,2021-2040,1254.0,3427.0,390.0,1046.0,1442.0,876.0,2454.0,1215.0,,818.0,889.0,1686.0,1477.0,662.0,1357.0,390.0,3427.0
Caribbean,-68.29,12.09,2021-2040,1261.0,3339.0,382.0,1114.0,1433.0,871.0,2476.0,1216.0,,811.0,884.0,1612.0,1473.0,656.0,1348.0,382.0,3339.0
Caribbean,-68.28,12.09,2021-2040,1261.0,3355.0,383.0,1113.0,1435.0,871.0,2479.0,1216.0,,812.0,885.0,1612.0,1474.0,656.0,1350.0,383.0,3355.0
Caribbean,-68.23,12.09,2021-2040,1255.0,3425.0,388.0,1047.0,1438.0,546.0,2455.0,1217.0,,818.0,889.0,1694.0,1477.0,663.0,1332.0,388.0,3425.0
Caribbean,-68.29,12.1,2021-2040,1261.0,3319.0,377.0,1114.0,1425.0,771.0,2476.0,1215.0,,811.0,883.0,1610.0,1471.0,654.0,1337.0,377.0,3319.0
Caribbean,-68.28,12.1,2021-2040,1261.0,3341.0,381.0,1114.0,1432.0,547.0,2477.0,1216.0,,811.0,885.0,1611.0,1474.0,655.0,1323.0,381.0,3341.0
Caribbean,-68.24,12.1,2021-2040,1256.0,3383.0,383.0,1049.0,1437.0,486.0,2453.0,1220.0,,815.0,888.0,1623.0,1473.0,665.0,1318.0,383.0,3383.0
Caribbean,-68.23,12.1,2021-2040,1257.0,3394.0,384.0,1049.0,1438.0,546.0,2456.0,1219.0,,815.0,888.0,1639.0,1475.0,666.0,1325.0,384.0,3394.0
Caribbean,-68.22,12.1,2021-2040,1257.0,3401.0,387.0,1048.0,1440.0,546.0,2458.0,1219.0,,819.0,890.0,1696.0,1474.0,666.0,1331.0,387.0,3401.0
Caribbean,-68.21,12.1,2021-2040,1258.0,3409.0,387.0,991.0,1438.0,545.0,2457.0,1221.0,,818.0,890.0,1695.0,1471.0,666.0,1327.0,387.0,3409.0
Caribbean,-68.3,12.11,2021-2040,1218.0,3307.0,374.0,1120.0,1422.0,546.0,2471.0,1219.0,,812.0,884.0,1608.0,1471.0,652.0,1316.0,374.0,3307.0
Caribbean,-68.29,12.11,2021-2040,1219.0,3308.0,374.0,1120.0,1424.0,546.0,2474.0,1218.0,,812.0,886.0,1610.0,1471.0,651.0,1316.0,374.0,3308.0
Caribbean,-68.21,12.11,2021-2040,1257.0,3400.0,383.0,1044.0,1439.0,544.0,2459.0,1222.0,,819.0,886.0,1697.0,1472.0,667.0,1330.0,383.0,3400.0
Caribbean,-68.2,12.11,2021-2040,1257.0,3403.0,384.0,992.0,1438.0,544.0,2459.0,1222.0,,819.0,886.0,1695.0,1471.0,667.0,1326.0,384.0,3403.0
Caribbean,-68.3,12.12,2021-2040,1224.0,3294.0,372.0,1124.0,1421.0,544.0,2468.0,1220.0,,812.0,882.0,1609.0,1468.0,651.0,1315.0,372.0,3294.0
Caribbean,-68.29,12.12,2021-2040,1223.0,3299.0,373.0,1124.0,1423.0,484.0,2472.0,1219.0,,814.0,883.0,1610.0,1469.0,652.0,1311.0,373.0,3299.0
Caribbean,-68.2,12.12,2021-2040,1213.0,3400.0,382.0,993.0,1438.0,544.0,2461.0,1223.0,,819.0,884.0,1687.0,1464.0,667.0,1321.0,382.0,3400.0
Caribbean,-68.19,12.12,2021-2040,1213.0,3402.0,382.0,991.0,1438.0,544.0,2460.0,1224.0,,819.0,884.0,1688.0,1464.0,669.0,1321.0,382.0,3402.0
Caribbean,-68.29,12.13,2021-2040,1223.0,3290.0,362.0,1125.0,1421.0,482.0,2470.0,1220.0,,813.0,883.0,1595.0,1467.0,653.0,1308.0,362.0,3290.0
Caribbean,-68.28,12.13,2021-2040,1221.0,3294.0,360.0,1124.0,1423.0,541.0,2475.0,1220.0,,813.0,883.0,1609.0,1468.0,653.0,1314.0,360.0,3294.0
Caribbean,-68.2,12.13,2021-2040,1213.0,3391.0,382.0,994.0,1437.0,544.0,2460.0,1226.0,,810.0,882.0,1624.0,1464.0,670.0,1315.0,382.0,3391.0
Caribbean,-68.19,12.13,2021-2040,1212.0,3395.0,382.0,991.0,1439.0,543.0,2462.0,1227.0,,811.0,883.0,1705.0,1462.0,671.0,1322.0,382.0,3395.0
Caribbean,-68.31,12.14,2021-2040,1224.0,3273.0,360.0,1131.0,1429.0,542.0,2461.0,1223.0,,816.0,880.0,1597.0,1462.0,649.0,1311.0,360.0,3273.0
Caribbean,-68.3,12.14,2021-2040,1225.0,3279.0,359.0,1130.0,1417.0,542.0,2463.0,1221.0,,815.0,881.0,1591.0,1463.0,650.0,1310.0,359.0,3279.0
Caribbean,-68.28,12.14,2021-2040,1221.0,3290.0,360.0,1126.0,1421.0,541.0,2473.0,1220.0,,814.0,882.0,1600.0,1464.0,653.0,1313.0,360.0,3290.0
Caribbean,-68.2,12.14,2021-2040,1213.0,3384.0,372.0,994.0,1437.0,542.0,2463.0,1228.0,,813.0,881.0,1637.0,1460.0,669.0,1315.0,372.0,3384.0
Caribbean,-68.19,12.14,2021-2040,1212.0,3392.0,373.0,1049.0,1439.0,543.0,2462.0,1228.0,,813.0,881.0,1639.0,1461.0,671.0,1320.0,373.0,3392.0
Caribbean,-68.33,12.15,2021-2040,1224.0,3260.0,358.0,1139.0,1426.0,542.0,2456.0,1225.0,,815.0,878.0,1601.0,1461.0,651.0,1310.0,358.0,3260.0
Caribbean,-68.32,12.15,2021-2040,1225.0,3261.0,358.0,1139.0,1427.0,542.0,2456.0,1223.0,,814.0,879.0,1606.0,1462.0,650.0,1311.0,358.0,3261.0
Caribbean,-68.31,12.15,2021-2040,1225.0,3267.0,359.0,1133.0,1428.0,602.0,2458.0,1224.0,,813.0,878.0,1610.0,1462.0,650.0,1316.0,359.0,3267.0
Caribbean,-68.3,12.15,2021-2040,1222.0,3268.0,356.0,1130.0,1418.0,540.0,2460.0,1223.0,,814.0,879.0,1611.0,1459.0,653.0,1310.0,356.0,3268.0
Caribbean,-68.29,12.15,2021-2040,1222.0,3275.0,357.0,1128.0,1418.0,540.0,2471.0,1224.0,,814.0,879.0,1609.0,1461.0,653.0,1312.0,357.0,3275.0
Caribbean,-68.28,12.15,2021-2040,1220.0,3281.0,359.0,1128.0,1418.0,540.0,2474.0,1222.0,,815.0,879.0,1623.0,1461.0,653.0,1313.0,359.0,3281.0
Caribbean,-68.2,12.15,2021-2040,1212.0,3376.0,367.0,1050.0,1439.0,541.0,2461.0,1229.0,,812.0,880.0,1635.0,1457.0,670.0,1318.0,367.0,3376.0
Caribbean,-68.19,12.15,2021-2040,1212.0,3385.0,371.0,1050.0,1438.0,541.0,2464.0,1228.0,,813.0,880.0,1636.0,1462.0,670.0,1319.0,371.0,3385.0
Caribbean,-68.33,12.16,2021-2040,1226.0,3253.0,335.0,1140.0,1426.0,601.0,2455.0,1227.0,,814.0,877.0,1604.0,1456.0,651.0,1313.0,335.0,3253.0
Caribbean,-68.32,12.16,2021-2040,1224.0,3259.0,333.0,1138.0,1426.0,601.0,2456.0,1227.0,,814.0,878.0,1621.0,1458.0,650.0,1314.0,333.0,3259.0
Caribbean,-68.3,12.16,2021-2040,1222.0,3264.0,329.0,1132.0,1418.0,540.0,2461.0,1223.0,,802.0,877.0,1627.0,1459.0,651.0,1308.0,329.0,3264.0
Caribbean,-68.29,12.16,2021-2040,1221.0,3266.0,352.0,1128.0,1417.0,540.0,2467.0,1224.0,,802.0,876.0,1629.0,1459.0,652.0,1310.0,352.0,3266.0
Caribbean,-68.28,12.16,2021-2040,1221.0,3289.0,353.0,1127.0,1417.0,540.0,2474.0,1226.0,,803.0,877.0,1631.0,1461.0,655.0,1313.0,353.0,3289.0
Caribbean,-68.2,12.16,2021-2040,1212.0,3373.0,369.0,1052.0,1438.0,541.0,2464.0,1233.0,,811.0,879.0,1640.0,1461.0,670.0,1319.0,369.0,3373.0
Caribbean,-68.32,12.17,2021-2040,1224.0,3253.0,333.0,1138.0,1427.0,598.0,2458.0,1230.0,,804.0,876.0,1626.0,1456.0,655.0,1314.0,333.0,3253.0
Caribbean,-68.31,12.17,2021-2040,1223.0,3256.0,330.0,1138.0,1430.0,538.0,2458.0,1230.0,,803.0,876.0,1630.0,1457.0,656.0,1310.0,330.0,3256.0
Caribbean,-68.3,12.17,2021-2040,1222.0,3256.0,329.0,1136.0,1416.0,538.0,2462.0,1228.0,,802.0,876.0,1631.0,1458.0,655.0,1308.0,329.0,3256.0
Caribbean,-68.29,12.17,2021-2040,1221.0,3261.0,329.0,1128.0,1416.0,538.0,2468.0,1228.0,,802.0,875.0,1632.0,1453.0,655.0,1308.0,329.0,3261.0
Caribbean,-68.21,12.17,2021-2040,1262.0,3354.0,367.0,1105.0,1436.0,538.0,2466.0,1234.0,,811.0,875.0,1629.0,1460.0,667.0,1323.0,367.0,3354.0
Caribbean,-68.2,12.17,2021-2040,1262.0,3363.0,367.0,1060.0,1438.0,539.0,2467.0,1236.0,,812.0,878.0,1631.0,1459.0,670.0,1322.0,367.0,3363.0
Caribbean,-68.3,12.18,2021-2040,1269.0,3254.0,330.0,1138.0,1414.0,537.0,2466.0,1230.0,,802.0,875.0,1627.0,1451.0,656.0,1311.0,330.0,3254.0
Caribbean,-68.29,12.18,2021-2040,1220.0,3270.0,330.0,1136.0,1417.0,536.0,2468.0,1230.0,,802.0,874.0,1627.0,1448.0,656.0,1309.0,330.0,3270.0
Caribbean,-68.21,12.18,2021-2040,1263.0,3351.0,365.0,1111.0,1435.0,537.0,2467.0,1236.0,,813.0,877.0,1641.0,1457.0,667.0,1325.0,365.0,3351.0
Caribbean,-68.3,12.19,2021-2040,1271.0,3267.0,329.0,1186.0,1416.0,535.0,2469.0,1233.0,,805.0,874.0,1623.0,1447.0,657.0,1316.0,329.0,3267.0
Caribbean,-68.21,12.19,2021-2040,1264.0,3344.0,363.0,1115.0,1428.0,537.0,2466.0,1240.0,,809.0,877.0,1645.0,1456.0,668.0,1324.0,363.0,3344.0
Caribbean,-68.2,12.19,2021-2040,1264.0,3350.0,364.0,1064.0,1430.0,537.0,2469.0,1242.0,,810.0,877.0,1644.0,1458.0,670.0,1321.0,364.0,3350.0
Caribbean,-68.32,12.2,2021-2040,1271.0,3263.0,331.0,1140.0,1429.0,535.0,2461.0,1235.0,,807.0,870.0,1627.0,1447.0,657.0,1313.0,331.0,3263.0
Caribbean,-68.31,12.2,2021-2040,1270.0,3265.0,329.0,1187.0,1418.0,535.0,2465.0,1234.0,,802.0,871.0,1632.0,1447.0,656.0,1316.0,329.0,3265.0
Caribbean,-68.3,12.2,2021-2040,1270.0,3267.0,329.0,1186.0,1417.0,535.0,2467.0,1234.0,,802.0,871.0,1635.0,1447.0,656.0,1317.0,329.0,3267.0
Caribbean,-68.21,12.2,2021-2040,1265.0,3342.0,360.0,1115.0,1428.0,535.0,2469.0,1241.0,,809.0,874.0,1655.0,1453.0,671.0,1324.0,360.0,3342.0
Caribbean,-68.2,12.2,2021-2040,1265.0,3346.0,360.0,1065.0,1428.0,536.0,2470.0,1245.0,,810.0,876.0,1661.0,1454.0,672.0,1322.0,360.0,3346.0
Caribbean,-68.34,12.21,2021-2040,1271.0,3239.0,333.0,1147.0,1429.0,596.0,2458.0,1235.0,,810.0,868.0,1621.0,1445.0,657.0,1316.0,333.0,3239.0
Caribbean,-68.33,12.21,2021-2040,1271.0,3255.0,333.0,1146.0,1429.0,536.0,2460.0,1238.0,,807.0,870.0,1623.0,1444.0,658.0,1313.0,333.0,3255.0
Caribbean,-68.32,12.21,2021-2040,1270.0,3258.0,331.0,1191.0,1432.0,536.0,2460.0,1239.0,,806.0,870.0,1625.0,1444.0,658.0,1317.0,331.0,3258.0
Caribbean,-68.31,12.21,2021-2040,1269.0,3260.0,328.0,1189.0,1420.0,536.0,2467.0,1240.0,,804.0,870.0,1649.0,1444.0,657.0,1318.0,328.0,3260.0
Caribbean,-68.2,12.21,2021-2040,1265.0,3343.0,361.0,1066.0,1428.0,535.0,2475.0,1246.0,,812.0,873.0,1671.0,1453.0,673.0,1323.0,361.0,3343.0
Caribbean,-68.19,12.21,2021-2040,1265.0,3352.0,361.0,1065.0,1433.0,537.0,2473.0,1246.0,,813.0,873.0,1670.0,1454.0,676.0,1324.0,361.0,3352.0
Caribbean,-68.41,12.22,2021-2040,1227.0,3214.0,343.0,1155.0,1419.0,660.0,2441.0,1231.0,,815.0,865.0,1578.0,1446.0,650.0,1311.0,343.0,3214.0
Caribbean,-68.4,12.22,2021-2040,1226.0,3217.0,342.0,1155.0,1419.0,658.0,2442.0,1231.0,,814.0,866.0,1602.0,1446.0,650.0,1313.0,342.0,3217.0
Caribbean,-68.39,12.22,2021-2040,1272.0,3221.0,342.0,1155.0,1420.0,658.0,2444.0,1232.0,,814.0,865.0,1603.0,1445.0,650.0,1317.0,342.0,3221.0
Caribbean,-68.38,12.22,2021-2040,1272.0,3225.0,342.0,1154.0,1426.0,597.0,2448.0,1232.0,,814.0,866.0,1605.0,1444.0,652.0,1314.0,342.0,3225.0
Caribbean,-68.37,12.22,2021-2040,1273.0,3230.0,342.0,1153.0,1429.0,597.0,2451.0,1231.0,,814.0,866.0,1607.0,1443.0,652.0,1314.0,342.0,3230.0
Caribbean,-68.36,12.22,2021-2040,1273.0,3232.0,342.0,1198.0,1429.0,597.0,2455.0,1233.0,,810.0,867.0,1620.0,1444.0,653.0,1319.0,342.0,3232.0
Caribbean,-68.35,12.22,2021-2040,1273.0,3251.0,330.0,1198.0,1429.0,596.0,2459.0,1234.0,,811.0,868.0,1621.0,1443.0,653.0,1320.0,330.0,3251.0
Caribbean,-68.34,12.22,2021-2040,1271.0,3255.0,331.0,1204.0,1433.0,595.0,2458.0,1238.0,,810.0,868.0,1623.0,1442.0,655.0,1322.0,331.0,3255.0
Caribbean,-68.23,12.22,2021-2040,1266.0,3319.0,333.0,1120.0,1425.0,535.0,2469.0,1243.0,,811.0,870.0,1661.0,1451.0,668.0,1321.0,333.0,3319.0
Caribbean,-68.22,12.22,2021-2040,1265.0,3327.0,358.0,1121.0,1424.0,535.0,2470.0,1244.0,,811.0,871.0,1664.0,1452.0,671.0,1324.0,358.0,3327.0
Caribbean,-68.21,12.22,2021-2040,1265.0,3334.0,359.0,1069.0,1427.0,536.0,2472.0,1246.0,,809.0,872.0,1670.0,1451.0,673.0,1322.0,359.0,3334.0
Caribbean,-68.2,12.22,2021-2040,1265.0,3342.0,359.0,1068.0,1429.0,536.0,2474.0,1248.0,,811.0,872.0,1670.0,1451.0,680.0,1323.0,359.0,3342.0
Caribbean,-68.19,12.22,2021-2040,1264.0,3351.0,360.0,1066.0,1433.0,536.0,2475.0,1248.0,,811.0,871.0,1653.0,1452.0,680.0,1323.0,360.0,3351.0
Caribbean,-68.41,12.23,2021-2040,1275.0,3209.0,339.0,1156.0,1419.0,660.0,2440.0,1231.0,,812.0,863.0,1601.0,1452.0,649.0,1316.0,339.0,3209.0
Caribbean,-68.28,12.23,2021-2040,1267.0,3281.0,330.0,1138.0,1422.0,535.0,2459.0,1244.0,,808.0,868.0,1637.0,1440.0,661.0,1315.0,330.0,3281.0
Caribbean,-68.27,12.23,2021-2040,1267.0,3288.0,333.0,1137.0,1422.0,536.0,2462.0,1245.0,,809.0,868.0,1640.0,1440.0,663.0,1316.0,333.0,3288.0
Caribbean,-68.26,12.23,2021-2040,1267.0,3296.0,333.0,1136.0,1422.0,536.0,2464.0,1244.0,,809.0,868.0,1641.0,1447.0,664.0,1317.0,333.0,3296.0
Caribbean,-68.25,12.23,2021-2040,1268.0,3304.0,333.0,1134.0,1422.0,536.0,2464.0,1247.0,,810.0,868.0,1642.0,1448.0,666.0,1319.0,333.0,3304.0
Caribbean,-68.24,12.23,2021-2040,1267.0,3310.0,333.0,1122.0,1424.0,535.0,2467.0,1246.0,,808.0,870.0,1643.0,1446.0,669.0,1318.0,333.0,3310.0
Caribbean,-68.23,12.23,2021-2040,1267.0,3320.0,335.0,1123.0,1424.0,534.0,2471.0,1246.0,,808.0,871.0,1661.0,1450.0,672.0,1322.0,335.0,3320.0
Caribbean,-68.22,12.23,2021-2040,1266.0,3325.0,335.0,1121.0,1425.0,534.0,2472.0,1243.0,,810.0,871.0,1663.0,1449.0,675.0,1322.0,335.0,3325.0
Caribbean,-68.21,12.23,2021-2040,1266.0,3334.0,353.0,1070.0,1424.0,535.0,2474.0,1247.0,,809.0,871.0,1669.0,1450.0,677.0,1321.0,353.0,3334.0
Caribbean,-68.2,12.23,2021-2040,1266.0,3342.0,377.0,1069.0,1427.0,536.0,2478.0,1249.0,,811.0,871.0,1654.0,1451.0,682.0,1324.0,377.0,3342.0
Caribbean,-68.41,12.24,2021-2040,1272.0,3204.0,338.0,1207.0,1420.0,662.0,2438.0,1230.0,,812.0,864.0,1604.0,1449.0,649.0,1319.0,338.0,3204.0
Caribbean,-68.29,12.24,2021-2040,1267.0,3272.0,329.0,1143.0,1421.0,536.0,2461.0,1245.0,,806.0,867.0,1639.0,1439.0,664.0,1315.0,329.0,3272.0
Caribbean,-68.28,12.24,2021-2040,1268.0,3283.0,332.0,1139.0,1420.0,536.0,2461.0,1245.0,,807.0,867.0,1641.0,1439.0,664.0,1316.0,332.0,3283.0
Caribbean,-68.27,12.24,2021-2040,1269.0,3291.0,335.0,1138.0,1421.0,536.0,2464.0,1245.0,,807.0,867.0,1638.0,1443.0,664.0,1317.0,335.0,3291.0
Caribbean,-68.26,12.24,2021-2040,1268.0,3298.0,335.0,1133.0,1421.0,537.0,2464.0,1246.0,,807.0,868.0,1639.0,1442.0,664.0,1317.0,335.0,3298.0
Caribbean,-68.42,12.25,2021-2040,1272.0,3204.0,321.0,1207.0,1430.0,662.0,2438.0,1233.0,,813.0,864.0,1587.0,1447.0,649.0,1317.0,321.0,3204.0
Caribbean,-68.41,12.25,2021-2040,1273.0,3204.0,321.0,1207.0,1431.0,661.0,2439.0,1231.0,,810.0,863.0,1604.0,1446.0,648.0,1318.0,321.0,3204.0
Caribbean,-68.31,12.25,2021-2040,1269.0,3267.0,270.0,1206.0,1421.0,536.0,2481.0,1243.0,,806.0,864.0,1640.0,1438.0,661.0,1316.0,270.0,3267.0
Caribbean,-68.3,12.25,2021-2040,1269.0,3273.0,266.0,1146.0,1422.0,536.0,2465.0,1246.0,,806.0,866.0,1641.0,1438.0,663.0,1311.0,266.0,3273.0
Caribbean,-68.29,12.25,2021-2040,1270.0,3279.0,272.0,1144.0,1421.0,536.0,2464.0,1247.0,,807.0,867.0,1640.0,1438.0,664.0,1311.0,272.0,3279.0
Caribbean,-68.28,12.25,2021-2040,1269.0,3288.0,273.0,1144.0,1421.0,536.0,2467.0,1247.0,,807.0,866.0,1639.0,1442.0,664.0,1313.0,273.0,3288.0
Caribbean,-68.42,12.26,2021-2040,1272.0,3204.0,323.0,1208.0,1430.0,662.0,2441.0,1234.0,,811.0,862.0,1601.0,1445.0,649.0,1319.0,323.0,3204.0
Caribbean,-68.41,12.26,2021-2040,1272.0,3205.0,323.0,1213.0,1431.0,661.0,2441.0,1233.0,,809.0,861.0,1604.0,1445.0,651.0,1319.0,323.0,3205.0
Caribbean,-68.33,12.26,2021-2040,1270.0,3260.0,266.0,1214.0,1436.0,597.0,2474.0,1241.0,,807.0,864.0,1638.0,1438.0,658.0,1320.0,266.0,3260.0
Caribbean,-68.32,12.26,2021-2040,1270.0,3266.0,272.0,1211.0,1423.0,537.0,2479.0,1242.0,,806.0,863.0,1638.0,1438.0,661.0,1316.0,272.0,3266.0
Caribbean,-68.31,12.26,2021-2040,1269.0,3275.0,272.0,1148.0,1422.0,536.0,2466.0,1245.0,,806.0,864.0,1641.0,1437.0,664.0,1311.0,272.0,3275.0
Caribbean,-68.42,12.27,2021-2040,1271.0,3204.0,321.0,1215.0,1432.0,693.0,2443.0,1235.0,,810.0,861.0,1600.0,1444.0,652.0,1322.0,321.0,3204.0
Caribbean,-68.41,12.27,2021-2040,1271.0,3204.0,321.0,1217.0,1432.0,662.0,2446.0,1236.0,,811.0,861.0,1603.0,1444.0,651.0,1320.0,321.0,3204.0
Caribbean,-68.34,12.27,2021-2040,1270.0,3260.0,265.0,1216.0,1436.0,659.0,2474.0,1243.0,,807.0,862.0,1640.0,1440.0,659.0,1325.0,265.0,3260.0
Caribbean,-68.33,12.27,2021-2040,1270.0,3267.0,265.0,1216.0,1436.0,597.0,2482.0,1245.0,,807.0,862.0,1640.0,1437.0,661.0,1322.0,265.0,3267.0
Caribbean,-68.32,12.27,2021-2040,1271.0,3273.0,265.0,1154.0,1424.0,537.0,2485.0,1248.0,,805.0,862.0,1643.0,1437.0,665.0,1313.0,265.0,3273.0
Caribbean,-68.42,12.28,2021-2040,1270.0,3205.0,263.0,1219.0,1435.0,693.0,2449.0,1239.0,,811.0,859.0,1599.0,1445.0,652.0,1318.0,263.0,3205.0
Caribbean,-68.41,12.28,2021-2040,1270.0,3204.0,259.0,1219.0,1436.0,692.0,2452.0,1241.0,,812.0,858.0,1620.0,1445.0,652.0,1320.0,259.0,3204.0
Caribbean,-68.35,12.28,2021-2040,1272.0,3262.0,267.0,1220.0,1434.0,659.0,2477.0,1243.0,,805.0,862.0,1653.0,1440.0,661.0,1327.0,267.0,3262.0
Caribbean,-68.34,12.28,2021-2040,1271.0,3266.0,262.0,1217.0,1436.0,659.0,2483.0,1245.0,,805.0,861.0,1653.0,1439.0,664.0,1328.0,262.0,3266.0
Caribbean,-68.42,12.29,2021-2040,1269.0,3203.0,263.0,1227.0,1437.0,695.0,2455.0,1243.0,,812.0,858.0,1603.0,1444.0,654.0,1320.0,263.0,3203.0
Caribbean,-68.41,12.29,2021-2040,1269.0,3204.0,263.0,1227.0,1436.0,693.0,2456.0,1243.0,,812.0,858.0,1606.0,1443.0,655.0,1320.0,263.0,3204.0
Caribbean,-68.36,12.29,2021-2040,1272.0,3260.0,262.0,1222.0,1433.0,660.0,2478.0,1245.0,,805.0,861.0,1641.0,1438.0,663.0,1326.0,262.0,3260.0
Caribbean,-68.35,12.29,2021-2040,1273.0,3265.0,262.0,1221.0,1436.0,659.0,2483.0,1246.0,,807.0,861.0,1666.0,1437.0,665.0,1329.0,262.0,3265.0
Caribbean,-68.41,12.3,2021-2040,1273.0,3222.0,265.0,1227.0,1437.0,692.0,2462.0,1245.0,,813.0,858.0,1608.0,1443.0,657.0,1323.0,265.0,3222.0
Caribbean,-68.4,12.3,2021-2040,1273.0,3227.0,261.0,1227.0,1428.0,690.0,2461.0,1244.0,,811.0,858.0,1611.0,1436.0,658.0,1322.0,261.0,3227.0
Caribbean,-68.37,12.3,2021-2040,1272.0,3259.0,279.0,1223.0,1432.0,659.0,2480.0,1245.0,,808.0,858.0,1651.0,1438.0,665.0,1328.0,279.0,3259.0
Caribbean,-68.36,12.3,2021-2040,1272.0,3262.0,262.0,1224.0,1436.0,660.0,2484.0,1247.0,,809.0,857.0,1652.0,1452.0,666.0,1329.0,262.0,3262.0
Caribbean,-68.35,12.3,2021-2040,1271.0,3270.0,263.0,1220.0,1436.0,659.0,2490.0,1250.0,,808.0,859.0,1654.0,1448.0,667.0,1330.0,263.0,3270.0
Caribbean,-68.4,12.31,2021-2040,1272.0,3235.0,277.0,1226.0,1429.0,692.0,2468.0,1245.0,,810.0,857.0,1625.0,1439.0,662.0,1326.0,277.0,3235.0
Caribbean,-68.39,12.31,2021-2040,1272.0,3245.0,277.0,1227.0,1429.0,661.0,2470.0,1246.0,,807.0,858.0,1644.0,1435.0,662.0,1326.0,277.0,3245.0
Caribbean,-68.38,12.31,2021-2040,1272.0,3254.0,280.0,1225.0,1430.0,660.0,2476.0,1246.0,,808.0,857.0,1651.0,1436.0,665.0,1328.0,280.0,3254.0
Caribbean,-68.37,12.31,2021-2040,1272.0,3259.0,280.0,1224.0,1432.0,659.0,2481.0,1249.0,,808.0,856.0,1652.0,1451.0,667.0,1330.0,280.0,3259.0
Caribbean,-68.36,12.31,2021-2040,1272.0,3267.0,263.0,1220.0,1435.0,660.0,2489.0,1251.0,,810.0,856.0,1653.0,1451.0,667.0,1330.0,263.0,3267.0
Caribbean,-68.25,12.02,2041-2060,2543.0,4087.0,248.0,1557.0,1832.0,1744.0,3301.0,1932.0,,1538.0,1128.0,2384.0,1980.0,785.0,1928.0,248.0,4087.0
Caribbean,-68.24,12.02,2041-2060,2537.0,4091.0,248.0,1558.0,1835.0,1739.0,3304.0,1932.0,,1543.0,1129.0,2385.0,1978.0,785.0,1928.0,248.0,4091.0
Caribbean,-68.26,12.03,2041-2060,2543.0,4082.0,248.0,1558.0,1831.0,1740.0,3300.0,1933.0,,1542.0,1128.0,2383.0,1977.0,785.0,1927.0,248.0,4082.0
Caribbean,-68.25,12.03,2041-2060,2538.0,4085.0,248.0,1559.0,1834.0,1738.0,3302.0,1934.0,,1584.0,1128.0,2385.0,1979.0,785.0,1931.0,248.0,4085.0
Caribbean,-68.24,12.03,2041-2060,2541.0,4091.0,248.0,1560.0,1835.0,1737.0,3309.0,1938.0,,1587.0,1129.0,2388.0,1980.0,786.0,1933.0,248.0,4091.0
Caribbean,-68.23,12.03,2041-2060,2541.0,4096.0,248.0,1561.0,1837.0,1737.0,3310.0,1935.0,,1589.0,1129.0,2392.0,1978.0,786.0,1934.0,248.0,4096.0
Caribbean,-68.27,12.04,2041-2060,2540.0,4076.0,247.0,1559.0,1832.0,1737.0,3298.0,1933.0,,1543.0,1127.0,2378.0,1976.0,784.0,1925.0,247.0,4076.0
Caribbean,-68.26,12.04,2041-2060,2543.0,4079.0,247.0,1560.0,1834.0,1737.0,3302.0,1934.0,,1592.0,1127.0,2383.0,1978.0,784.0,1931.0,247.0,4079.0
Caribbean,-68.23,12.04,2041-2060,2543.0,4094.0,248.0,1564.0,1838.0,1714.0,3313.0,1936.0,,1599.0,1129.0,2393.0,1978.0,825.0,1936.0,248.0,4094.0
Caribbean,-68.22,12.04,2041-2060,2538.0,4100.0,248.0,1563.0,1837.0,1712.0,3317.0,1940.0,,1599.0,1129.0,2394.0,1956.0,825.0,1935.0,248.0,4100.0
Caribbean,-68.28,12.05,2041-2060,2541.0,4071.0,247.0,1564.0,1833.0,1716.0,3297.0,1933.0,,1592.0,1127.0,2381.0,1953.0,824.0,1929.0,247.0,4071.0
Caribbean,-68.27,12.05,2041-2060,2544.0,4074.0,247.0,1564.0,1835.0,1717.0,3303.0,1938.0,,1597.0,1128.0,2383.0,1980.0,824.0,1933.0,247.0,4074.0
Caribbean,-68.22,12.05,2041-2060,2541.0,4103.0,248.0,1566.0,1840.0,1706.0,3198.0,1958.0,,1604.0,1131.0,2395.0,1958.0,825.0,1929.0,248.0,4103.0
Caribbean,-68.28,12.06,2041-2060,2554.0,4069.0,247.0,1565.0,1836.0,1709.0,3301.0,1940.0,,1601.0,1128.0,2384.0,1979.0,823.0,1934.0,247.0,4069.0
Caribbean,-68.23,12.06,2041-2060,2551.0,4093.0,247.0,1580.0,1841.0,1701.0,3196.0,1958.0,,1606.0,1132.0,2394.0,1959.0,825.0,1929.0,247.0,4093.0
Caribbean,-68.22,12.06,2041-2060,2551.0,4098.0,247.0,1578.0,1842.0,1701.0,3202.0,1953.0,,1605.0,1132.0,2397.0,1986.0,825.0,1932.0,247.0,4098.0
Caribbean,-68.28,12.07,2041-2060,2554.0,4069.0,247.0,1616.0,1839.0,1704.0,3301.0,1958.0,,1606.0,1129.0,2391.0,1976.0,823.0,1939.0,247.0,4069.0
Caribbean,-68.23,12.07,2041-2060,2551.0,4094.0,247.0,1581.0,1848.0,1700.0,3202.0,1953.0,,1610.0,1132.0,2402.0,1988.0,824.0,1933.0,247.0,4094.0
Caribbean,-68.22,12.07,2041-2060,2551.0,4101.0,247.0,1580.0,1848.0,1699.0,3202.0,1994.0,,1609.0,1134.0,2400.0,1986.0,825.0,1937.0,247.0,4101.0
Caribbean,-68.28,12.08,2041-2060,2554.0,4073.0,244.0,1616.0,1839.0,1700.0,3303.0,1960.0,,1608.0,1131.0,2393.0,1977.0,822.0,1940.0,244.0,4073.0
Caribbean,-68.23,12.08,2041-2060,2551.0,4095.0,246.0,1583.0,1849.0,1696.0,3204.0,1995.0,,1619.0,1132.0,2401.0,1986.0,823.0,1937.0,246.0,4095.0
Caribbean,-68.29,12.09,2041-2060,2562.0,4066.0,244.0,1615.0,1840.0,1696.0,3300.0,1958.0,,1608.0,1133.0,2390.0,1953.0,793.0,1935.0,244.0,4066.0
Caribbean,-68.28,12.09,2041-2060,2560.0,4067.0,244.0,1614.0,1840.0,1694.0,3304.0,1959.0,,1610.0,1134.0,2391.0,1954.0,794.0,1936.0,244.0,4067.0
Caribbean,-68.23,12.09,2041-2060,2553.0,4093.0,245.0,1586.0,1851.0,1521.0,3203.0,1991.0,,1624.0,1133.0,2403.0,1984.0,824.0,1924.0,245.0,4093.0
Caribbean,-68.29,12.1,2041-2060,2566.0,4060.0,244.0,1599.0,1840.0,1698.0,3299.0,1936.0,,1609.0,1134.0,2391.0,1949.0,794.0,1932.0,244.0,4060.0
Caribbean,-68.28,12.1,2041-2060,2567.0,4061.0,244.0,1595.0,1841.0,1533.0,3304.0,1936.0,,1611.0,1134.0,2396.0,1952.0,795.0,1921.0,244.0,4061.0
Caribbean,-68.24,12.1,2041-2060,2555.0,4080.0,245.0,1624.0,1850.0,1520.0,3199.0,1983.0,,1624.0,1133.0,2403.0,1949.0,801.0,1920.0,245.0,4080.0
Caribbean,-68.23,12.1,2041-2060,2557.0,4091.0,245.0,1636.0,1851.0,1520.0,3201.0,1983.0,,1629.0,1133.0,2403.0,1974.0,801.0,1925.0,245.0,4091.0
Caribbean,-68.22,12.1,2041-2060,2548.0,4097.0,244.0,1631.0,1851.0,1515.0,3200.0,1984.0,,1640.0,1133.0,2411.0,1977.0,801.0,1926.0,244.0,4097.0
Caribbean,-68.21,12.1,2041-2060,2547.0,4101.0,244.0,1614.0,1851.0,1509.0,3203.0,1986.0,,1640.0,1133.0,2412.0,1969.0,803.0,1924.0,244.0,4101.0
Caribbean,-68.3,12.11,2041-2060,2565.0,4053.0,241.0,1601.0,1834.0,1533.0,3297.0,1934.0,,1667.0,1135.0,2395.0,1939.0,799.0,1923.0,241.0,4053.0
Caribbean,-68.29,12.11,2041-2060,2567.0,4058.0,241.0,1601.0,1837.0,1533.0,3298.0,1932.0,,1668.0,1135.0,2396.0,1941.0,800.0,1924.0,241.0,4058.0
Caribbean,-68.21,12.11,2041-2060,2547.0,4095.0,244.0,1616.0,1849.0,1508.0,3205.0,1982.0,,1701.0,1132.0,2412.0,1942.0,801.0,1926.0,244.0,4095.0
Caribbean,-68.2,12.11,2041-2060,2544.0,4097.0,244.0,1584.0,1848.0,1505.0,3204.0,1983.0,,1700.0,1133.0,2412.0,1937.0,802.0,1923.0,244.0,4097.0
Caribbean,-68.3,12.12,2041-2060,2566.0,4049.0,241.0,1605.0,1832.0,1529.0,3296.0,1931.0,,1669.0,1133.0,2399.0,1934.0,801.0,1922.0,241.0,4049.0
Caribbean,-68.29,12.12,2041-2060,2566.0,4054.0,241.0,1602.0,1836.0,1529.0,3299.0,1932.0,,1672.0,1135.0,2401.0,1935.0,802.0,1923.0,241.0,4054.0
Caribbean,-68.2,12.12,2041-2060,2543.0,4095.0,244.0,1589.0,1849.0,1500.0,3209.0,1981.0,,1701.0,1132.0,2416.0,1910.0,800.0,1921.0,244.0,4095.0
Caribbean,-68.19,12.12,2041-2060,2543.0,4097.0,244.0,1582.0,1849.0,1497.0,3209.0,1981.0,,1701.0,1132.0,2418.0,1910.0,798.0,1920.0,244.0,4097.0
Caribbean,-68.29,12.13,2041-2060,2567.0,4045.0,241.0,1605.0,1837.0,1521.0,3297.0,1933.0,,1674.0,1132.0,2401.0,1928.0,800.0,1922.0,241.0,4045.0
Caribbean,-68.28,12.13,2041-2060,2565.0,4052.0,241.0,1607.0,1838.0,1520.0,3306.0,1926.0,,1676.0,1133.0,2403.0,1932.0,800.0,1923.0,241.0,4052.0
Caribbean,-68.2,12.13,2041-2060,2545.0,4087.0,242.0,1588.0,1852.0,1499.0,3210.0,1979.0,,1706.0,1131.0,2423.0,1909.0,799.0,1921.0,242.0,4087.0
Caribbean,-68.19,12.13,2041-2060,2543.0,4095.0,242.0,1587.0,1853.0,1498.0,3208.0,1981.0,,1706.0,1131.0,2423.0,1908.0,799.0,1921.0,242.0,4095.0
Caribbean,-68.31,12.14,2041-2060,2568.0,4037.0,240.0,1607.0,1833.0,1521.0,3285.0,1928.0,,1673.0,1132.0,2396.0,1963.0,800.0,1922.0,240.0,4037.0
Caribbean,-68.3,12.14,2041-2060,2569.0,4040.0,240.0,1607.0,1831.0,1520.0,3291.0,1930.0,,1675.0,1133.0,2400.0,1899.0,799.0,1918.0,240.0,4040.0
Caribbean,-68.28,12.14,2041-2060,2567.0,4045.0,240.0,1606.0,1838.0,1512.0,3304.0,1927.0,,1676.0,1133.0,2405.0,1926.0,800.0,1921.0,240.0,4045.0
Caribbean,-68.2,12.14,2041-2060,2549.0,4087.0,242.0,1588.0,1853.0,1497.0,3211.0,1979.0,,1706.0,1130.0,2426.0,1907.0,800.0,1921.0,242.0,4087.0
Caribbean,-68.19,12.14,2041-2060,2545.0,4089.0,242.0,1592.0,1854.0,1492.0,3212.0,1979.0,,1705.0,1130.0,2426.0,1906.0,801.0,1921.0,242.0,4089.0
Caribbean,-68.33,12.15,2041-2060,2569.0,4028.0,240.0,1605.0,1832.0,1519.0,3282.0,1926.0,,1677.0,1131.0,2395.0,1962.0,798.0,1920.0,240.0,4028.0
Caribbean,-68.32,12.15,2041-2060,2570.0,4030.0,240.0,1606.0,1833.0,1520.0,3286.0,1928.0,,1676.0,1132.0,2402.0,1963.0,798.0,1922.0,240.0,4030.0
Caribbean,-68.31,12.15,2041-2060,2571.0,4033.0,240.0,1606.0,1837.0,1518.0,3289.0,1928.0,,1677.0,1132.0,2409.0,1964.0,799.0,1923.0,240.0,4033.0
Caribbean,-68.3,12.15,2041-2060,2573.0,4034.0,240.0,1605.0,1835.0,1511.0,3291.0,1923.0,,1676.0,1132.0,2410.0,1899.0,799.0,1918.0,240.0,4034.0
Caribbean,-68.29,12.15,2041-2060,2571.0,4037.0,240.0,1608.0,1837.0,1509.0,3295.0,1925.0,,1677.0,1132.0,2413.0,1922.0,799.0,1920.0,240.0,4037.0
Caribbean,-68.28,12.15,2041-2060,2566.0,4041.0,239.0,1606.0,1838.0,1509.0,3301.0,1926.0,,1678.0,1131.0,2415.0,1922.0,799.0,1921.0,239.0,4041.0
Caribbean,-68.2,12.15,2041-2060,2549.0,4084.0,241.0,1598.0,1856.0,1492.0,3210.0,1980.0,,1709.0,1129.0,2426.0,1902.0,801.0,1921.0,241.0,4084.0
Caribbean,-68.19,12.15,2041-2060,2548.0,4089.0,241.0,1594.0,1856.0,1491.0,3211.0,1980.0,,1712.0,1128.0,2427.0,1902.0,801.0,1922.0,241.0,4089.0
Caribbean,-68.33,12.16,2041-2060,2571.0,4024.0,227.0,1608.0,1834.0,1513.0,3283.0,1926.0,,1680.0,1132.0,2397.0,1958.0,799.0,1919.0,227.0,4024.0
Caribbean,-68.32,12.16,2041-2060,2571.0,4026.0,227.0,1606.0,1837.0,1512.0,3287.0,1922.0,,1680.0,1131.0,2400.0,1959.0,799.0,1920.0,227.0,4026.0
Caribbean,-68.3,12.16,2041-2060,2573.0,4033.0,227.0,1605.0,1836.0,1509.0,3291.0,1924.0,,1680.0,1130.0,2408.0,1896.0,799.0,1916.0,227.0,4033.0
Caribbean,-68.29,12.16,2041-2060,2572.0,4034.0,226.0,1604.0,1836.0,1506.0,3295.0,1925.0,,1681.0,1130.0,2412.0,1896.0,799.0,1917.0,226.0,4034.0
Caribbean,-68.28,12.16,2041-2060,2567.0,4037.0,226.0,1606.0,1839.0,1507.0,3302.0,1963.0,,1691.0,1130.0,2414.0,1920.0,798.0,1923.0,226.0,4037.0
Caribbean,-68.2,12.16,2041-2060,2548.0,4087.0,241.0,1637.0,1856.0,1489.0,3210.0,1984.0,,1712.0,1127.0,2428.0,1902.0,801.0,1925.0,241.0,4087.0
Caribbean,-68.32,12.17,2041-2060,2574.0,4026.0,226.0,1607.0,1837.0,1510.0,3283.0,1918.0,,1679.0,1129.0,2402.0,1959.0,799.0,1919.0,226.0,4026.0
Caribbean,-68.31,12.17,2041-2060,2574.0,4030.0,226.0,1608.0,1839.0,1508.0,3286.0,1918.0,,1680.0,1130.0,2404.0,1959.0,798.0,1920.0,226.0,4030.0
Caribbean,-68.3,12.17,2041-2060,2573.0,4030.0,225.0,1605.0,1837.0,1508.0,3289.0,1921.0,,1680.0,1129.0,2410.0,1959.0,798.0,1920.0,225.0,4030.0
Caribbean,-68.29,12.17,2041-2060,2572.0,4033.0,225.0,1605.0,1838.0,1507.0,3297.0,1962.0,,1691.0,1130.0,2414.0,1894.0,798.0,1920.0,225.0,4033.0
Caribbean,-68.21,12.17,2041-2060,2554.0,4081.0,240.0,1642.0,1855.0,1487.0,3208.0,1984.0,,1708.0,1128.0,2435.0,1900.0,800.0,1925.0,240.0,4081.0
Caribbean,-68.2,12.17,2041-2060,2549.0,4088.0,240.0,1641.0,1853.0,1487.0,3208.0,1982.0,,1713.0,1128.0,2435.0,1897.0,801.0,1925.0,240.0,4088.0
Caribbean,-68.3,12.18,2041-2060,2573.0,4028.0,225.0,1612.0,1838.0,1505.0,3292.0,1919.0,,1693.0,1130.0,2408.0,1953.0,798.0,1921.0,225.0,4028.0
Caribbean,-68.29,12.18,2041-2060,2571.0,4031.0,225.0,1613.0,1839.0,1506.0,3299.0,1960.0,,1694.0,1130.0,2415.0,1887.0,798.0,1921.0,225.0,4031.0
Caribbean,-68.21,12.18,2041-2060,2556.0,4080.0,240.0,1647.0,1854.0,1486.0,3209.0,1981.0,,1713.0,1129.0,2433.0,1897.0,800.0,1925.0,240.0,4080.0
Caribbean,-68.3,12.19,2041-2060,2574.0,4024.0,224.0,1615.0,1840.0,1503.0,3295.0,1960.0,,1694.0,1131.0,2412.0,1886.0,798.0,1920.0,224.0,4024.0
Caribbean,-68.21,12.19,2041-2060,2556.0,4078.0,239.0,1648.0,1851.0,1480.0,3209.0,1978.0,,1715.0,1128.0,2431.0,1890.0,803.0,1924.0,239.0,4078.0
Caribbean,-68.2,12.19,2041-2060,2557.0,4089.0,240.0,1650.0,1852.0,1469.0,3209.0,1978.0,,1714.0,1127.0,2432.0,1888.0,804.0,1924.0,240.0,4089.0
Caribbean,-68.32,12.2,2041-2060,2574.0,4011.0,224.0,1619.0,1841.0,1502.0,3289.0,1959.0,,1698.0,1130.0,2404.0,1950.0,802.0,1923.0,224.0,4011.0
Caribbean,-68.31,12.2,2041-2060,2573.0,4015.0,224.0,1619.0,1844.0,1555.0,3294.0,1959.0,,1698.0,1130.0,2409.0,1924.0,798.0,1926.0,224.0,4015.0
Caribbean,-68.3,12.2,2041-2060,2573.0,4017.0,224.0,1619.0,1843.0,1553.0,3294.0,1959.0,,1697.0,1130.0,2411.0,1859.0,802.0,1922.0,224.0,4017.0
Caribbean,-68.21,12.2,2041-2060,2560.0,4078.0,238.0,1654.0,1848.0,1470.0,3214.0,1979.0,,1717.0,1127.0,2433.0,1879.0,813.0,1924.0,238.0,4078.0
Caribbean,-68.2,12.2,2041-2060,2558.0,4088.0,238.0,1655.0,1847.0,1468.0,3214.0,1983.0,,1717.0,1126.0,2434.0,1885.0,817.0,1925.0,238.0,4088.0
Caribbean,-68.34,12.21,2041-2060,2573.0,4002.0,224.0,1621.0,1842.0,1558.0,3282.0,1957.0,,1704.0,1127.0,2393.0,1950.0,803.0,1926.0,224.0,4002.0
Caribbean,-68.33,12.21,2041-2060,2574.0,4005.0,224.0,1622.0,1844.0,1555.0,3286.0,1960.0,,1702.0,1130.0,2398.0,1924.0,802.0,1925.0,224.0,4005.0
Caribbean,-68.32,12.21,2041-2060,2572.0,4010.0,224.0,1621.0,1846.0,1553.0,3289.0,1959.0,,1701.0,1129.0,2402.0,1924.0,800.0,1925.0,224.0,4010.0
Caribbean,-68.31,12.21,2041-2060,2572.0,4013.0,224.0,1622.0,1844.0,1555.0,3291.0,1959.0,,1701.0,1129.0,2406.0,1922.0,801.0,1926.0,224.0,4013.0
Caribbean,-68.2,12.21,2041-2060,2562.0,4087.0,238.0,1662.0,1845.0,1464.0,3219.0,1981.0,,1719.0,1066.0,2426.0,1876.0,821.0,1920.0,238.0,4087.0
Caribbean,-68.19,12.21,2041-2060,2563.0,4094.0,238.0,1658.0,1844.0,1464.0,3215.0,1982.0,,1723.0,1067.0,2429.0,1880.0,821.0,1921.0,238.0,4094.0
Caribbean,-68.41,12.22,2041-2060,2564.0,3982.0,225.0,1627.0,1825.0,1572.0,3256.0,1956.0,,1709.0,1125.0,2373.0,1937.0,805.0,1920.0,225.0,3982.0
Caribbean,-68.4,12.22,2041-2060,2566.0,3985.0,225.0,1628.0,1827.0,1566.0,3258.0,1958.0,,1711.0,1123.0,2388.0,1939.0,806.0,1922.0,225.0,3985.0
Caribbean,-68.39,12.22,2041-2060,2568.0,3988.0,225.0,1627.0,1832.0,1566.0,3261.0,1957.0,,1710.0,1125.0,2389.0,1946.0,806.0,1923.0,225.0,3988.0
Caribbean,-68.38,12.22,2041-2060,2569.0,3990.0,225.0,1625.0,1835.0,1568.0,3262.0,1952.0,,1708.0,1125.0,2393.0,1948.0,806.0,1924.0,225.0,3990.0
Caribbean,-68.37,12.22,2041-2060,2570.0,3992.0,224.0,1626.0,1840.0,1565.0,3267.0,1956.0,,1705.0,1126.0,2394.0,1948.0,805.0,1924.0,224.0,3992.0
Caribbean,-68.36,12.22,2041-2060,2571.0,3996.0,224.0,1624.0,1842.0,1566.0,3273.0,1956.0,,1705.0,1127.0,2394.0,1948.0,805.0,1925.0,224.0,3996.0
Caribbean,-68.35,12.22,2041-2060,2574.0,3998.0,223.0,1625.0,1844.0,1563.0,3277.0,1959.0,,1706.0,1126.0,2395.0,1921.0,803.0,1924.0,223.0,3998.0
Caribbean,-68.34,12.22,2041-2060,2574.0,4002.0,223.0,1623.0,1847.0,1556.0,3283.0,1960.0,,1704.0,1127.0,2399.0,1922.0,805.0,1925.0,223.0,4002.0
Caribbean,-68.23,12.22,2041-2060,2557.0,4067.0,224.0,1654.0,1837.0,1526.0,3211.0,1962.0,,1715.0,1127.0,2431.0,1877.0,819.0,1924.0,224.0,4067.0
Caribbean,-68.22,12.22,2041-2060,2559.0,4076.0,224.0,1655.0,1835.0,1522.0,3218.0,1964.0,,1718.0,1067.0,2434.0,1871.0,819.0,1920.0,224.0,4076.0
Caribbean,-68.21,12.22,2041-2060,2563.0,4086.0,225.0,1657.0,1840.0,1522.0,3219.0,1983.0,,1719.0,1066.0,2428.0,1874.0,820.0,1923.0,225.0,4086.0
Caribbean,-68.2,12.22,2041-2060,2564.0,4093.0,225.0,1661.0,1841.0,1519.0,3218.0,1983.0,,1720.0,1067.0,2428.0,1876.0,821.0,1924.0,225.0,4093.0
Caribbean,-68.19,12.22,2041-2060,2564.0,4101.0,237.0,1657.0,1842.0,1519.0,3219.0,1986.0,,1723.0,1067.0,2432.0,1874.0,821.0,1926.0,237.0,4101.0
Caribbean,-68.41,12.23,2041-2060,2566.0,3975.0,224.0,1629.0,1825.0,1573.0,3254.0,1960.0,,1698.0,1123.0,2381.0,1935.0,805.0,1919.0,224.0,3975.0
Caribbean,-68.28,12.23,2041-2060,2570.0,4035.0,223.0,1652.0,1838.0,1545.0,3206.0,1970.0,,1707.0,1128.0,2417.0,1879.0,815.0,1922.0,223.0,4035.0
Caribbean,-68.27,12.23,2041-2060,2566.0,4039.0,223.0,1656.0,1835.0,1542.0,3206.0,1968.0,,1707.0,1127.0,2417.0,1876.0,817.0,1921.0,223.0,4039.0
Caribbean,-68.26,12.23,2041-2060,2564.0,4041.0,223.0,1657.0,1836.0,1539.0,3204.0,1969.0,,1710.0,1127.0,2423.0,1879.0,818.0,1922.0,223.0,4041.0
Caribbean,-68.25,12.23,2041-2060,2560.0,4050.0,224.0,1655.0,1835.0,1534.0,3207.0,1965.0,,1713.0,1127.0,2426.0,1874.0,819.0,1922.0,224.0,4050.0
Caribbean,-68.24,12.23,2041-2060,2555.0,4060.0,223.0,1656.0,1836.0,1530.0,3210.0,1963.0,,1713.0,1066.0,2429.0,1876.0,819.0,1918.0,223.0,4060.0
Caribbean,-68.23,12.23,2041-2060,2558.0,4068.0,223.0,1654.0,1835.0,1526.0,3211.0,1963.0,,1715.0,1066.0,2431.0,1872.0,819.0,1919.0,223.0,4068.0
Caribbean,-68.22,12.23,2041-2060,2560.0,4080.0,224.0,1655.0,1834.0,1526.0,3218.0,1964.0,,1716.0,1066.0,2433.0,1870.0,820.0,1920.0,224.0,4080.0
Caribbean,-68.21,12.23,2041-2060,2561.0,4087.0,224.0,1657.0,1835.0,1522.0,3219.0,1983.0,,1718.0,1067.0,2436.0,1870.0,820.0,1923.0,224.0,4087.0
Caribbean,-68.2,12.23,2041-2060,2565.0,4098.0,225.0,1664.0,1837.0,1519.0,3220.0,1984.0,,1721.0,1067.0,2432.0,1874.0,821.0,1925.0,225.0,4098.0
Caribbean,-68.41,12.24,2041-2060,2567.0,3973.0,224.0,1629.0,1826.0,1571.0,3251.0,1964.0,,1698.0,1124.0,2386.0,1931.0,806.0,1919.0,224.0,3973.0
Caribbean,-68.29,12.24,2041-2060,2572.0,4023.0,223.0,1655.0,1840.0,1549.0,3208.0,1969.0,,1706.0,1127.0,2420.0,1873.0,820.0,1922.0,223.0,4023.0
Caribbean,-68.28,12.24,2041-2060,2568.0,4033.0,223.0,1659.0,1838.0,1544.0,3205.0,1970.0,,1707.0,1126.0,2420.0,1872.0,820.0,1922.0,223.0,4033.0
Caribbean,-68.27,12.24,2041-2060,2565.0,4036.0,223.0,1657.0,1836.0,1539.0,3203.0,1970.0,,1710.0,1126.0,2420.0,1875.0,821.0,1922.0,223.0,4036.0
Caribbean,-68.26,12.24,2041-2060,2565.0,4044.0,223.0,1656.0,1832.0,1534.0,3206.0,1969.0,,1712.0,1125.0,2424.0,1872.0,820.0,1922.0,223.0,4044.0
Caribbean,-68.42,12.25,2041-2060,2565.0,3965.0,224.0,1630.0,1839.0,1573.0,3246.0,1964.0,,1699.0,1123.0,2378.0,1904.0,805.0,1917.0,224.0,3965.0
Caribbean,-68.41,12.25,2041-2060,2569.0,3968.0,224.0,1631.0,1843.0,1571.0,3249.0,1964.0,,1699.0,1123.0,2386.0,1904.0,805.0,1918.0,224.0,3968.0
Caribbean,-68.31,12.25,2041-2060,2576.0,4012.0,223.0,1676.0,1847.0,1556.0,3297.0,1966.0,,1709.0,1128.0,2422.0,1877.0,819.0,1931.0,223.0,4012.0
Caribbean,-68.3,12.25,2041-2060,2575.0,4022.0,223.0,1676.0,1845.0,1552.0,3207.0,1969.0,,1708.0,1128.0,2421.0,1875.0,820.0,1925.0,223.0,4022.0
Caribbean,-68.29,12.25,2041-2060,2573.0,4027.0,223.0,1665.0,1840.0,1550.0,3208.0,1972.0,,1708.0,1126.0,2421.0,1871.0,821.0,1923.0,223.0,4027.0
Caribbean,-68.28,12.25,2041-2060,2570.0,4034.0,223.0,1665.0,1838.0,1546.0,3207.0,1972.0,,1711.0,1126.0,2420.0,1876.0,823.0,1924.0,223.0,4034.0
Caribbean,-68.42,12.26,2041-2060,2565.0,3967.0,224.0,1633.0,1843.0,1573.0,3248.0,1964.0,,1700.0,1120.0,2384.0,1903.0,812.0,1918.0,224.0,3967.0
Caribbean,-68.41,12.26,2041-2060,2567.0,3968.0,224.0,1630.0,1846.0,1573.0,3255.0,1964.0,,1699.0,1121.0,2388.0,1904.0,813.0,1919.0,224.0,3968.0
Caribbean,-68.33,12.26,2041-2060,2580.0,4001.0,222.0,1676.0,1866.0,1565.0,3293.0,1966.0,,1710.0,1127.0,2424.0,1875.0,818.0,1933.0,222.0,4001.0
Caribbean,-68.32,12.26,2041-2060,2581.0,4006.0,222.0,1677.0,1851.0,1560.0,3297.0,1968.0,,1713.0,1128.0,2425.0,1875.0,819.0,1932.0,222.0,4006.0
Caribbean,-68.31,12.26,2041-2060,2579.0,4014.0,222.0,1677.0,1850.0,1561.0,3208.0,1969.0,,1712.0,1127.0,2424.0,1875.0,820.0,1926.0,222.0,4014.0
Caribbean,-68.42,12.27,2041-2060,2565.0,3973.0,224.0,1633.0,1848.0,1676.0,3252.0,1969.0,,1700.0,1120.0,2384.0,1901.0,816.0,1928.0,224.0,3973.0
Caribbean,-68.41,12.27,2041-2060,2568.0,3972.0,223.0,1630.0,1852.0,1575.0,3256.0,1969.0,,1700.0,1122.0,2389.0,1944.0,817.0,1924.0,223.0,3972.0
Caribbean,-68.34,12.27,2041-2060,2580.0,3999.0,222.0,1677.0,1863.0,1562.0,3289.0,1967.0,,1711.0,1127.0,2422.0,1915.0,819.0,1935.0,222.0,3999.0
Caribbean,-68.33,12.27,2041-2060,2582.0,4007.0,222.0,1679.0,1866.0,1563.0,3297.0,1967.0,,1712.0,1126.0,2427.0,1873.0,820.0,1934.0,222.0,4007.0
Caribbean,-68.32,12.27,2041-2060,2582.0,4016.0,222.0,1679.0,1851.0,1562.0,3298.0,1966.0,,1716.0,1126.0,2428.0,1875.0,820.0,1934.0,222.0,4016.0
Caribbean,-68.42,12.28,2041-2060,2566.0,3974.0,223.0,1632.0,1853.0,1674.0,3256.0,1971.0,,1700.0,1120.0,2388.0,1943.0,817.0,1932.0,223.0,3974.0
Caribbean,-68.41,12.28,2041-2060,2569.0,3974.0,223.0,1630.0,1855.0,1671.0,3262.0,1971.0,,1699.0,1122.0,2391.0,1903.0,817.0,1930.0,223.0,3974.0
Caribbean,-68.35,12.28,2041-2060,2580.0,3999.0,222.0,1679.0,1862.0,1565.0,3287.0,1966.0,,1716.0,1127.0,2422.0,1910.0,819.0,1935.0,222.0,3999.0
Caribbean,-68.34,12.28,2041-2060,2583.0,4006.0,222.0,1679.0,1864.0,1565.0,3294.0,1973.0,,1717.0,1126.0,2427.0,1871.0,819.0,1934.0,222.0,4006.0
Caribbean,-68.42,12.29,2041-2060,2567.0,3973.0,223.0,1635.0,1852.0,1673.0,3262.0,1974.0,,1699.0,1122.0,2393.0,1897.0,819.0,1930.0,223.0,3973.0
Caribbean,-68.41,12.29,2041-2060,2570.0,3975.0,223.0,1634.0,1852.0,1669.0,3263.0,1953.0,,1701.0,1123.0,2394.0,1897.0,819.0,1929.0,223.0,3975.0
Caribbean,-68.36,12.29,2041-2060,2581.0,4000.0,222.0,1678.0,1861.0,1566.0,3286.0,1973.0,,1716.0,1126.0,2422.0,1904.0,819.0,1935.0,222.0,4000.0
Caribbean,-68.35,12.29,2041-2060,2582.0,4005.0,222.0,1679.0,1862.0,1566.0,3292.0,1973.0,,1718.0,1125.0,2422.0,1864.0,820.0,1933.0,222.0,4005.0
Caribbean,-68.41,12.3,2041-2060,2568.0,3979.0,222.0,1635.0,1850.0,1670.0,3267.0,1954.0,,1702.0,1122.0,2395.0,1897.0,819.0,1929.0,222.0,3979.0
Caribbean,-68.4,12.3,2041-2060,2569.0,3983.0,222.0,1635.0,1850.0,1670.0,3271.0,1957.0,,1713.0,1122.0,2402.0,1897.0,819.0,1932.0,222.0,3983.0
Caribbean,-68.37,12.3,2041-2060,2577.0,4000.0,222.0,1678.0,1859.0,1569.0,3284.0,1957.0,,1716.0,1064.0,2421.0,1903.0,819.0,1928.0,222.0,4000.0
Caribbean,-68.36,12.3,2041-2060,2580.0,4006.0,222.0,1679.0,1862.0,1568.0,3290.0,1976.0,,1718.0,1065.0,2421.0,1906.0,819.0,1932.0,222.0,4006.0
Caribbean,-68.35,12.3,2041-2060,2583.0,4013.0,222.0,1681.0,1861.0,1563.0,3297.0,1976.0,,1721.0,1064.0,2424.0,1867.0,820.0,1930.0,222.0,4013.0
Caribbean,-68.4,12.31,2041-2060,2572.0,3990.0,222.0,1635.0,1848.0,1670.0,3274.0,1953.0,,1714.0,1124.0,2404.0,1898.0,820.0,1933.0,222.0,3990.0
Caribbean,-68.39,12.31,2041-2060,2573.0,3992.0,222.0,1682.0,1854.0,1570.0,3282.0,1956.0,,1716.0,1063.0,2412.0,1901.0,820.0,1926.0,222.0,3992.0
Caribbean,-68.38,12.31,2041-2060,2577.0,4000.0,222.0,1680.0,1855.0,1568.0,3284.0,1960.0,,1718.0,1063.0,2417.0,1901.0,819.0,1928.0,222.0,4000.0
Caribbean,-68.37,12.31,2041-2060,2581.0,4008.0,221.0,1678.0,1858.0,1569.0,3289.0,1958.0,,1719.0,1064.0,2422.0,1904.0,820.0,1930.0,221.0,4008.0
Caribbean,-68.36,12.31,2041-2060,2585.0,4014.0,221.0,1681.0,1859.0,1568.0,3297.0,1958.0,,1722.0,1063.0,2421.0,1906.0,820.0,1932.0,221.0,4014.0
Caribbean,-68.25,12.02,2061-2080,2505.0,3870.0,499.0,2017.0,1679.0,2625.0,3233.0,1306.0,,786.0,1142.0,2440.0,2560.0,1231.0,1992.0,499.0,3870.0
Caribbean,-68.24,12.02,2061-2080,2505.0,3870.0,498.0,2014.0,1679.0,2624.0,3236.0,1306.0,,786.0,1142.0,2443.0,2559.0,1231.0,1992.0,498.0,3870.0
Caribbean,-68.26,12.03,2061-2080,2507.0,3864.0,486.0,2019.0,1679.0,2619.0,3232.0,1306.0,,788.0,1142.0,2455.0,2560.0,1230.0,1991.0,486.0,3864.0
Caribbean,-68.25,12.03,2061-2080,2506.0,3865.0,486.0,2017.0,1679.0,2619.0,3244.0,1305.0,,789.0,1142.0,2458.0,2559.0,1232.0,1992.0,486.0,3865.0
Caribbean,-68.24,12.03,2061-2080,2505.0,3866.0,486.0,2016.0,1681.0,2615.0,3248.0,1306.0,,790.0,1143.0,2457.0,2556.0,1234.0,1993.0,486.0,3866.0
Caribbean,-68.23,12.03,2061-2080,2504.0,3867.0,482.0,2011.0,1681.0,2615.0,3250.0,1306.0,,790.0,1144.0,2459.0,2556.0,1234.0,1992.0,482.0,3867.0
Caribbean,-68.27,12.04,2061-2080,2508.0,3859.0,482.0,2025.0,1681.0,2621.0,3231.0,1308.0,,794.0,1142.0,2455.0,2560.0,1230.0,1992.0,482.0,3859.0
Caribbean,-68.26,12.04,2061-2080,2507.0,3860.0,482.0,2022.0,1680.0,2616.0,3243.0,1307.0,,796.0,1142.0,2457.0,2559.0,1230.0,1992.0,482.0,3860.0
Caribbean,-68.23,12.04,2061-2080,2504.0,3863.0,474.0,2016.0,1682.0,2613.0,3251.0,1306.0,,792.0,1144.0,2465.0,2556.0,1235.0,1992.0,474.0,3863.0
Caribbean,-68.22,12.04,2061-2080,2504.0,3865.0,474.0,2008.0,1682.0,2614.0,3254.0,1307.0,,792.0,1143.0,2467.0,2559.0,1233.0,1992.0,474.0,3865.0
Caribbean,-68.28,12.05,2061-2080,2509.0,3851.0,466.0,2033.0,1683.0,2615.0,3231.0,1308.0,,795.0,1144.0,2454.0,2559.0,1229.0,1991.0,466.0,3851.0
Caribbean,-68.27,12.05,2061-2080,2509.0,3855.0,466.0,2028.0,1685.0,2615.0,3233.0,1306.0,,797.0,1143.0,2456.0,2560.0,1233.0,1991.0,466.0,3855.0
Caribbean,-68.22,12.05,2061-2080,2505.0,3864.0,463.0,2022.0,1683.0,2610.0,3176.0,1309.0,,795.0,1143.0,2468.0,2560.0,1234.0,1987.0,463.0,3864.0
Caribbean,-68.28,12.06,2061-2080,2512.0,3846.0,462.0,2039.0,1696.0,2615.0,3234.0,1307.0,,798.0,1145.0,2461.0,2559.0,1233.0,1993.0,462.0,3846.0
Caribbean,-68.23,12.06,2061-2080,2506.0,3865.0,471.0,2025.0,1695.0,2610.0,3181.0,1311.0,,799.0,1143.0,2474.0,2561.0,1235.0,1990.0,471.0,3865.0
Caribbean,-68.22,12.06,2061-2080,2505.0,3865.0,471.0,2025.0,1694.0,2609.0,3181.0,1310.0,,799.0,1143.0,2472.0,2559.0,1237.0,1990.0,471.0,3865.0
Caribbean,-68.28,12.07,2061-2080,2513.0,3844.0,460.0,2045.0,1700.0,2611.0,3237.0,1305.0,,800.0,1146.0,2467.0,2561.0,1233.0,1994.0,460.0,3844.0
Caribbean,-68.23,12.07,2061-2080,2506.0,3861.0,462.0,2028.0,1699.0,2608.0,3184.0,1311.0,,800.0,1143.0,2479.0,2560.0,1235.0,1990.0,462.0,3861.0
Caribbean,-68.22,12.07,2061-2080,2506.0,3864.0,462.0,2026.0,1699.0,2612.0,3183.0,1311.0,,801.0,1142.0,2479.0,2557.0,1235.0,1991.0,462.0,3864.0
Caribbean,-68.28,12.08,2061-2080,2518.0,3839.0,460.0,1999.0,1729.0,2608.0,3239.0,1306.0,,802.0,1146.0,2475.0,2558.0,1231.0,1993.0,460.0,3839.0
Caribbean,-68.23,12.08,2061-2080,2504.0,3857.0,468.0,2031.0,1700.0,2608.0,3186.0,1312.0,,804.0,1143.0,2481.0,2558.0,1236.0,1991.0,468.0,3857.0
Caribbean,-68.29,12.09,2061-2080,2522.0,3827.0,459.0,2007.0,1733.0,2608.0,3236.0,1304.0,,803.0,1149.0,2478.0,2558.0,1229.0,1993.0,459.0,3827.0
Caribbean,-68.28,12.09,2061-2080,2520.0,3831.0,459.0,2003.0,1731.0,2608.0,3237.0,1305.0,,803.0,1148.0,2481.0,2559.0,1231.0,1994.0,459.0,3831.0
Caribbean,-68.23,12.09,2061-2080,2505.0,3852.0,467.0,1990.0,1703.0,2411.0,3187.0,1314.0,,805.0,1143.0,2485.0,2560.0,1204.0,1971.0,467.0,3852.0
Caribbean,-68.29,12.1,2061-2080,2523.0,3821.0,453.0,2008.0,1734.0,2606.0,3236.0,1304.0,,805.0,1148.0,2478.0,2558.0,1224.0,1992.0,453.0,3821.0
Caribbean,-68.28,12.1,2061-2080,2522.0,3825.0,464.0,2004.0,1735.0,2426.0,3237.0,1305.0,,804.0,1149.0,2480.0,2559.0,1226.0,1980.0,464.0,3825.0
Caribbean,-68.24,12.1,2061-2080,2511.0,3842.0,464.0,1999.0,1732.0,2414.0,3188.0,1309.0,,805.0,1144.0,2488.0,2557.0,1201.0,1973.0,464.0,3842.0
Caribbean,-68.23,12.1,2061-2080,2505.0,3845.0,465.0,1992.0,1704.0,2408.0,3187.0,1313.0,,806.0,1143.0,2487.0,2556.0,1204.0,1970.0,465.0,3845.0
Caribbean,-68.22,12.1,2061-2080,2504.0,3850.0,465.0,1989.0,1704.0,2407.0,3188.0,1313.0,,808.0,1141.0,2488.0,2557.0,1204.0,1971.0,465.0,3850.0
Caribbean,-68.21,12.1,2061-2080,2504.0,3850.0,467.0,1982.0,1704.0,2405.0,3188.0,1313.0,,807.0,1141.0,2488.0,2555.0,1237.0,1972.0,467.0,3850.0
Caribbean,-68.3,12.11,2061-2080,2525.0,3817.0,460.0,2011.0,1735.0,2426.0,3233.0,1303.0,,806.0,1151.0,2480.0,2555.0,1225.0,1979.0,460.0,3817.0
Caribbean,-68.29,12.11,2061-2080,2526.0,3818.0,461.0,2009.0,1735.0,2425.0,3235.0,1304.0,,805.0,1150.0,2482.0,2557.0,1232.0,1980.0,461.0,3818.0
Caribbean,-68.21,12.11,2061-2080,2503.0,3846.0,455.0,1986.0,1732.0,2400.0,3186.0,1312.0,,808.0,1141.0,2490.0,2553.0,1238.0,1973.0,455.0,3846.0
Caribbean,-68.2,12.11,2061-2080,2501.0,3845.0,455.0,1983.0,1731.0,2397.0,3186.0,1311.0,,809.0,1140.0,2487.0,2550.0,1237.0,1972.0,455.0,3845.0
Caribbean,-68.3,12.12,2061-2080,2526.0,3766.0,458.0,2011.0,1734.0,2425.0,3230.0,1304.0,,808.0,1151.0,2479.0,2553.0,1228.0,1975.0,458.0,3766.0
Caribbean,-68.29,12.12,2061-2080,2525.0,3772.0,450.0,2009.0,1739.0,2424.0,3233.0,1304.0,,808.0,1151.0,2484.0,2554.0,1218.0,1975.0,450.0,3772.0
Caribbean,-68.2,12.12,2061-2080,2501.0,3841.0,452.0,1987.0,1732.0,2397.0,3187.0,1312.0,,809.0,1139.0,2487.0,2547.0,1237.0,1971.0,452.0,3841.0
Caribbean,-68.19,12.12,2061-2080,2500.0,3841.0,452.0,1979.0,1732.0,2394.0,3186.0,1248.0,,810.0,1139.0,2488.0,2544.0,1238.0,1965.0,452.0,3841.0
Caribbean,-68.29,12.13,2061-2080,2527.0,3761.0,448.0,2006.0,1738.0,2424.0,3228.0,1302.0,,810.0,1150.0,2482.0,2550.0,1218.0,1973.0,448.0,3761.0
Caribbean,-68.28,12.13,2061-2080,2524.0,3766.0,449.0,2009.0,1740.0,2424.0,3234.0,1302.0,,810.0,1151.0,2487.0,2549.0,1222.0,1974.0,449.0,3766.0
Caribbean,-68.2,12.13,2061-2080,2503.0,3837.0,451.0,1989.0,1733.0,2400.0,3190.0,1247.0,,813.0,1140.0,2490.0,2545.0,1237.0,1967.0,451.0,3837.0
Caribbean,-68.19,12.13,2061-2080,2502.0,3840.0,451.0,1980.0,1733.0,2396.0,3187.0,1247.0,,815.0,1139.0,2490.0,2542.0,1238.0,1966.0,451.0,3840.0
Caribbean,-68.31,12.14,2061-2080,2528.0,3749.0,450.0,2013.0,1735.0,2417.0,3227.0,1284.0,,811.0,1151.0,2480.0,2552.0,1218.0,1970.0,450.0,3749.0
Caribbean,-68.3,12.14,2061-2080,2528.0,3750.0,450.0,2011.0,1738.0,2419.0,3227.0,1284.0,,809.0,1151.0,2482.0,2552.0,1218.0,1971.0,450.0,3750.0
Caribbean,-68.28,12.14,2061-2080,2527.0,3758.0,450.0,2007.0,1740.0,2420.0,3230.0,1282.0,,810.0,1150.0,2489.0,2547.0,1219.0,1971.0,450.0,3758.0
Caribbean,-68.2,12.14,2061-2080,2506.0,3834.0,451.0,1990.0,1734.0,2399.0,3194.0,1248.0,,818.0,1139.0,2494.0,2544.0,1227.0,1968.0,451.0,3834.0
Caribbean,-68.19,12.14,2061-2080,2501.0,3836.0,451.0,1986.0,1735.0,2394.0,3190.0,1247.0,,818.0,1139.0,2494.0,2538.0,1238.0,1967.0,451.0,3836.0
Caribbean,-68.33,12.15,2061-2080,2524.0,3739.0,450.0,2016.0,1733.0,2478.0,3226.0,1350.0,,815.0,1150.0,2475.0,2550.0,1215.0,1979.0,450.0,3739.0
Caribbean,-68.32,12.15,2061-2080,2526.0,3740.0,450.0,2014.0,1733.0,2477.0,3227.0,1350.0,,813.0,1152.0,2478.0,2551.0,1217.0,1979.0,450.0,3740.0
Caribbean,-68.31,12.15,2061-2080,2526.0,3741.0,450.0,2014.0,1733.0,2479.0,3229.0,1349.0,,812.0,1153.0,2482.0,2551.0,1218.0,1980.0,450.0,3741.0
Caribbean,-68.3,12.15,2061-2080,2527.0,3744.0,450.0,2012.0,1739.0,2479.0,3228.0,1345.0,,812.0,1154.0,2489.0,2550.0,1218.0,1981.0,450.0,3744.0
Caribbean,-68.29,12.15,2061-2080,2527.0,3747.0,450.0,2012.0,1741.0,2479.0,3230.0,1285.0,,810.0,1150.0,2491.0,2552.0,1218.0,1976.0,450.0,3747.0
Caribbean,-68.28,12.15,2061-2080,2527.0,3752.0,450.0,2012.0,1742.0,2482.0,3229.0,1284.0,,812.0,1149.0,2490.0,2550.0,1218.0,1977.0,450.0,3752.0
Caribbean,-68.2,12.15,2061-2080,2504.0,3817.0,450.0,1992.0,1737.0,2406.0,3193.0,1247.0,,818.0,1139.0,2498.0,2540.0,1239.0,1968.0,450.0,3817.0
Caribbean,-68.19,12.15,2061-2080,2502.0,3821.0,452.0,1985.0,1735.0,2394.0,3193.0,1247.0,,820.0,1140.0,2497.0,2539.0,1240.0,1967.0,452.0,3821.0
Caribbean,-68.33,12.16,2061-2080,2525.0,3718.0,450.0,2016.0,1732.0,2479.0,3225.0,1367.0,,817.0,1151.0,2475.0,2547.0,1216.0,1978.0,450.0,3718.0
Caribbean,-68.32,12.16,2061-2080,2526.0,3726.0,450.0,2015.0,1733.0,2480.0,3227.0,1350.0,,815.0,1152.0,2480.0,2548.0,1217.0,1978.0,450.0,3726.0
Caribbean,-68.3,12.16,2061-2080,2526.0,3730.0,450.0,2016.0,1746.0,2482.0,3231.0,1349.0,,813.0,1153.0,2488.0,2548.0,1218.0,1981.0,450.0,3730.0
Caribbean,-68.29,12.16,2061-2080,2528.0,3743.0,450.0,2014.0,1747.0,2482.0,3232.0,1347.0,,813.0,1150.0,2492.0,2550.0,1218.0,1982.0,450.0,3743.0
Caribbean,-68.28,12.16,2061-2080,2526.0,3747.0,450.0,2013.0,1746.0,2484.0,3230.0,1346.0,,812.0,1150.0,2492.0,2551.0,1218.0,1982.0,450.0,3747.0
Caribbean,-68.2,12.16,2061-2080,2507.0,3813.0,451.0,1995.0,1737.0,2405.0,3195.0,1246.0,,820.0,1140.0,2497.0,2540.0,1240.0,1968.0,451.0,3813.0
Caribbean,-68.32,12.17,2061-2080,2526.0,3727.0,450.0,2017.0,1736.0,2484.0,3230.0,1370.0,,818.0,1151.0,2496.0,2546.0,1217.0,1982.0,450.0,3727.0
Caribbean,-68.31,12.17,2061-2080,2527.0,3727.0,449.0,2016.0,1739.0,2485.0,3230.0,1353.0,,817.0,1151.0,2499.0,2548.0,1217.0,1981.0,449.0,3727.0
Caribbean,-68.3,12.17,2061-2080,2527.0,3728.0,449.0,2014.0,1746.0,2481.0,3230.0,1352.0,,816.0,1151.0,2499.0,2548.0,1217.0,1981.0,449.0,3728.0
Caribbean,-68.29,12.17,2061-2080,2526.0,3729.0,449.0,2014.0,1747.0,2483.0,3230.0,1348.0,,815.0,1150.0,2496.0,2549.0,1215.0,1981.0,449.0,3729.0
Caribbean,-68.21,12.17,2061-2080,2511.0,3804.0,451.0,2004.0,1740.0,2468.0,3194.0,1247.0,,821.0,1141.0,2498.0,2539.0,1228.0,1973.0,451.0,3804.0
Caribbean,-68.2,12.17,2061-2080,2509.0,3811.0,451.0,1999.0,1739.0,2406.0,3196.0,1246.0,,822.0,1140.0,2497.0,2539.0,1240.0,1969.0,451.0,3811.0
Caribbean,-68.3,12.18,2061-2080,2528.0,3724.0,444.0,2017.0,1787.0,2482.0,3230.0,1354.0,,820.0,1151.0,2510.0,2546.0,1214.0,1985.0,444.0,3724.0
Caribbean,-68.29,12.18,2061-2080,2526.0,3725.0,444.0,2016.0,1749.0,2481.0,3230.0,1351.0,,818.0,1151.0,2510.0,2544.0,1214.0,1981.0,444.0,3725.0
Caribbean,-68.21,12.18,2061-2080,2511.0,3800.0,447.0,2006.0,1740.0,2465.0,3200.0,1303.0,,823.0,1140.0,2500.0,2544.0,1228.0,1977.0,447.0,3800.0
Caribbean,-68.3,12.19,2061-2080,2525.0,3722.0,439.0,2017.0,1789.0,2484.0,3230.0,1367.0,,821.0,1148.0,2510.0,2542.0,1214.0,1985.0,439.0,3722.0
Caribbean,-68.21,12.19,2061-2080,2511.0,3798.0,444.0,2006.0,1740.0,2465.0,3202.0,1303.0,,826.0,1138.0,2504.0,2542.0,1228.0,1977.0,444.0,3798.0
Caribbean,-68.2,12.19,2061-2080,2509.0,3804.0,447.0,2003.0,1710.0,2463.0,3203.0,1304.0,,826.0,1137.0,2504.0,2542.0,1241.0,1976.0,447.0,3804.0
Caribbean,-68.32,12.2,2061-2080,2523.0,3709.0,439.0,2030.0,1746.0,2485.0,3229.0,1372.0,,826.0,1148.0,2512.0,2543.0,1218.0,1983.0,439.0,3709.0
Caribbean,-68.31,12.2,2061-2080,2525.0,3711.0,439.0,2030.0,1795.0,2486.0,3228.0,1371.0,,825.0,1148.0,2512.0,2542.0,1215.0,1987.0,439.0,3711.0
Caribbean,-68.3,12.2,2061-2080,2525.0,3712.0,439.0,2027.0,1798.0,2485.0,3227.0,1370.0,,826.0,1146.0,2512.0,2542.0,1216.0,1987.0,439.0,3712.0
Caribbean,-68.21,12.2,2061-2080,2511.0,3797.0,442.0,2006.0,1712.0,2466.0,3204.0,1302.0,,826.0,1137.0,2519.0,2541.0,1240.0,1977.0,442.0,3797.0
Caribbean,-68.2,12.2,2061-2080,2509.0,3803.0,442.0,2002.0,1712.0,2463.0,3203.0,1302.0,,827.0,1136.0,2519.0,2518.0,1241.0,1975.0,442.0,3803.0
Caribbean,-68.34,12.21,2061-2080,2525.0,3699.0,439.0,2032.0,1788.0,2483.0,3223.0,1370.0,,837.0,1147.0,2502.0,2539.0,1176.0,1982.0,439.0,3699.0
Caribbean,-68.33,12.21,2061-2080,2525.0,3705.0,439.0,2030.0,1788.0,2485.0,3227.0,1369.0,,837.0,1146.0,2505.0,2539.0,1177.0,1982.0,439.0,3705.0
Caribbean,-68.32,12.21,2061-2080,2524.0,3709.0,439.0,2030.0,1788.0,2486.0,3228.0,1368.0,,833.0,1146.0,2513.0,2540.0,1180.0,1983.0,439.0,3709.0
Caribbean,-68.31,12.21,2061-2080,2524.0,3709.0,439.0,2030.0,1803.0,2484.0,3228.0,1369.0,,831.0,1146.0,2515.0,2537.0,1179.0,1984.0,439.0,3709.0
Caribbean,-68.2,12.21,2061-2080,2510.0,3801.0,441.0,2004.0,1713.0,2465.0,3205.0,1304.0,,831.0,1134.0,2522.0,2515.0,1245.0,1976.0,441.0,3801.0
Caribbean,-68.19,12.21,2061-2080,2509.0,3806.0,441.0,2003.0,1710.0,2461.0,3205.0,1306.0,,831.0,1131.0,2524.0,2515.0,1248.0,1976.0,441.0,3806.0
Caribbean,-68.41,12.22,2061-2080,2478.0,3682.0,442.0,2036.0,1736.0,2478.0,3213.0,1371.0,,842.0,1147.0,2486.0,2529.0,1172.0,1970.0,442.0,3682.0
Caribbean,-68.4,12.22,2061-2080,2479.0,3685.0,440.0,2036.0,1739.0,2480.0,3215.0,1371.0,,843.0,1147.0,2489.0,2533.0,1173.0,1972.0,440.0,3685.0
Caribbean,-68.39,12.22,2061-2080,2481.0,3689.0,439.0,2034.0,1739.0,2483.0,3218.0,1375.0,,842.0,1147.0,2493.0,2534.0,1172.0,1973.0,439.0,3689.0
Caribbean,-68.38,12.22,2061-2080,2520.0,3692.0,439.0,2032.0,1781.0,2484.0,3221.0,1376.0,,841.0,1148.0,2496.0,2535.0,1173.0,1980.0,439.0,3692.0
Caribbean,-68.37,12.22,2061-2080,2521.0,3692.0,439.0,2041.0,1785.0,2485.0,3223.0,1376.0,,841.0,1148.0,2502.0,2537.0,1175.0,1982.0,439.0,3692.0
Caribbean,-68.36,12.22,2061-2080,2524.0,3697.0,439.0,2039.0,1789.0,2486.0,3224.0,1372.0,,838.0,1146.0,2503.0,2539.0,1175.0,1982.0,439.0,3697.0
Caribbean,-68.35,12.22,2061-2080,2524.0,3698.0,439.0,2038.0,1789.0,2488.0,3225.0,1372.0,,837.0,1146.0,2504.0,2538.0,1175.0,1983.0,439.0,3698.0
Caribbean,-68.34,12.22,2061-2080,2525.0,3705.0,439.0,2032.0,1795.0,2489.0,3226.0,1371.0,,836.0,1146.0,2505.0,2537.0,1177.0,1983.0,439.0,3705.0
Caribbean,-68.23,12.22,2061-2080,2514.0,3765.0,440.0,2012.0,1709.0,2467.0,3200.0,1353.0,,829.0,1139.0,2523.0,2532.0,1230.0,1978.0,440.0,3765.0
Caribbean,-68.22,12.22,2061-2080,2513.0,3782.0,441.0,2008.0,1710.0,2464.0,3202.0,1352.0,,832.0,1137.0,2521.0,2511.0,1231.0,1977.0,441.0,3782.0
Caribbean,-68.21,12.22,2061-2080,2513.0,3788.0,441.0,2003.0,1710.0,2467.0,3203.0,1350.0,,833.0,1136.0,2521.0,2512.0,1246.0,1979.0,441.0,3788.0
Caribbean,-68.2,12.22,2061-2080,2510.0,3798.0,441.0,2004.0,1711.0,2465.0,3205.0,1304.0,,831.0,1133.0,2523.0,2513.0,1249.0,1976.0,441.0,3798.0
Caribbean,-68.19,12.22,2061-2080,2508.0,3805.0,440.0,2004.0,1711.0,2471.0,3208.0,1306.0,,831.0,1132.0,2522.0,2486.0,1250.0,1975.0,440.0,3805.0
Caribbean,-68.41,12.23,2061-2080,2478.0,3680.0,439.0,2036.0,1739.0,2481.0,3216.0,1373.0,,842.0,1147.0,2482.0,2530.0,1175.0,1971.0,439.0,3680.0
Caribbean,-68.28,12.23,2061-2080,2519.0,3731.0,439.0,2023.0,1750.0,2479.0,3189.0,1366.0,,831.0,1143.0,2518.0,2526.0,1184.0,1977.0,439.0,3731.0
Caribbean,-68.27,12.23,2061-2080,2516.0,3737.0,439.0,2020.0,1741.0,2478.0,3188.0,1354.0,,830.0,1142.0,2518.0,2524.0,1186.0,1975.0,439.0,3737.0
Caribbean,-68.26,12.23,2061-2080,2516.0,3741.0,439.0,2019.0,1712.0,2476.0,3193.0,1352.0,,830.0,1141.0,2519.0,2527.0,1186.0,1973.0,439.0,3741.0
Caribbean,-68.25,12.23,2061-2080,2515.0,3747.0,439.0,2017.0,1710.0,2469.0,3191.0,1356.0,,830.0,1140.0,2523.0,2527.0,1187.0,1973.0,439.0,3747.0
Caribbean,-68.24,12.23,2061-2080,2514.0,3756.0,439.0,2015.0,1707.0,2468.0,3197.0,1353.0,,831.0,1135.0,2523.0,2529.0,1189.0,1974.0,439.0,3756.0
Caribbean,-68.23,12.23,2061-2080,2515.0,3764.0,440.0,2010.0,1706.0,2466.0,3198.0,1355.0,,830.0,1136.0,2523.0,2528.0,1192.0,1974.0,440.0,3764.0
Caribbean,-68.22,12.23,2061-2080,2514.0,3781.0,440.0,2006.0,1709.0,2470.0,3201.0,1353.0,,832.0,1134.0,2521.0,2508.0,1195.0,1974.0,440.0,3781.0
Caribbean,-68.21,12.23,2061-2080,2512.0,3785.0,441.0,2004.0,1711.0,2465.0,3202.0,1353.0,,832.0,1133.0,2522.0,2509.0,1227.0,1977.0,441.0,3785.0
Caribbean,-68.2,12.23,2061-2080,2509.0,3794.0,440.0,2006.0,1708.0,2468.0,3206.0,1307.0,,833.0,1133.0,2514.0,2483.0,1249.0,1973.0,440.0,3794.0
Caribbean,-68.41,12.24,2061-2080,2479.0,3679.0,439.0,2037.0,1779.0,2482.0,3216.0,1371.0,,842.0,1143.0,2488.0,2529.0,1173.0,1974.0,439.0,3679.0
Caribbean,-68.29,12.24,2061-2080,2521.0,3728.0,439.0,2028.0,1791.0,2484.0,3191.0,1367.0,,831.0,1142.0,2517.0,2525.0,1186.0,1981.0,439.0,3728.0
Caribbean,-68.28,12.24,2061-2080,2517.0,3730.0,439.0,2024.0,1718.0,2482.0,3189.0,1366.0,,831.0,1141.0,2519.0,2522.0,1187.0,1974.0,439.0,3730.0
Caribbean,-68.27,12.24,2061-2080,2514.0,3738.0,439.0,2022.0,1715.0,2478.0,3189.0,1354.0,,830.0,1141.0,2517.0,2524.0,1187.0,1973.0,439.0,3738.0
Caribbean,-68.26,12.24,2061-2080,2513.0,3741.0,439.0,2018.0,1711.0,2475.0,3193.0,1355.0,,830.0,1137.0,2519.0,2524.0,1188.0,1973.0,439.0,3741.0
Caribbean,-68.42,12.25,2061-2080,2477.0,3677.0,440.0,2037.0,1752.0,2481.0,3212.0,1372.0,,843.0,1142.0,2481.0,2524.0,1175.0,1970.0,440.0,3677.0
Caribbean,-68.41,12.25,2061-2080,2481.0,3675.0,440.0,2040.0,1785.0,2481.0,3216.0,1374.0,,842.0,1143.0,2492.0,2524.0,1173.0,1974.0,440.0,3675.0
Caribbean,-68.31,12.25,2061-2080,2523.0,3725.0,438.0,2034.0,1795.0,2490.0,3237.0,1370.0,,833.0,1142.0,2522.0,2527.0,1187.0,1986.0,438.0,3725.0
Caribbean,-68.3,12.25,2061-2080,2521.0,3728.0,439.0,2030.0,1792.0,2489.0,3193.0,1371.0,,832.0,1142.0,2521.0,2525.0,1186.0,1982.0,439.0,3728.0
Caribbean,-68.29,12.25,2061-2080,2520.0,3731.0,439.0,2028.0,1751.0,2483.0,3193.0,1368.0,,831.0,1141.0,2519.0,2522.0,1187.0,1978.0,439.0,3731.0
Caribbean,-68.28,12.25,2061-2080,2514.0,3737.0,439.0,2026.0,1718.0,2483.0,3192.0,1367.0,,831.0,1138.0,2520.0,2523.0,1188.0,1975.0,439.0,3737.0
Caribbean,-68.42,12.26,2061-2080,2477.0,3671.0,441.0,2041.0,1757.0,2480.0,3217.0,1373.0,,844.0,1141.0,2488.0,2522.0,1176.0,1971.0,441.0,3671.0
Caribbean,-68.41,12.26,2061-2080,2478.0,3671.0,441.0,2040.0,1758.0,2484.0,3218.0,1373.0,,843.0,1141.0,2491.0,2522.0,1176.0,1972.0,441.0,3671.0
Caribbean,-68.33,12.26,2061-2080,2525.0,3722.0,438.0,2039.0,1812.0,2497.0,3237.0,1374.0,,836.0,1141.0,2521.0,2527.0,1187.0,1989.0,438.0,3722.0
Caribbean,-68.32,12.26,2061-2080,2523.0,3723.0,438.0,2036.0,1796.0,2496.0,3237.0,1373.0,,835.0,1141.0,2521.0,2528.0,1186.0,1987.0,438.0,3723.0
Caribbean,-68.31,12.26,2061-2080,2524.0,3727.0,437.0,2033.0,1795.0,2492.0,3196.0,1372.0,,834.0,1138.0,2522.0,2525.0,1188.0,1983.0,437.0,3727.0
Caribbean,-68.42,12.27,2061-2080,2477.0,3667.0,441.0,2040.0,1757.0,2572.0,3220.0,1376.0,,844.0,1138.0,2488.0,2521.0,1177.0,1978.0,441.0,3667.0
Caribbean,-68.41,12.27,2061-2080,2477.0,3666.0,439.0,2040.0,1770.0,2488.0,3223.0,1375.0,,844.0,1138.0,2494.0,2521.0,1180.0,1973.0,439.0,3666.0
Caribbean,-68.34,12.27,2061-2080,2524.0,3718.0,437.0,2043.0,1811.0,2501.0,3237.0,1375.0,,838.0,1139.0,2521.0,2526.0,1187.0,1989.0,437.0,3718.0
Caribbean,-68.33,12.27,2061-2080,2524.0,3724.0,438.0,2039.0,1808.0,2501.0,3238.0,1374.0,,838.0,1138.0,2523.0,2527.0,1190.0,1989.0,438.0,3724.0
Caribbean,-68.32,12.27,2061-2080,2523.0,3728.0,438.0,2036.0,1796.0,2502.0,3243.0,1375.0,,836.0,1137.0,2527.0,2527.0,1192.0,1989.0,438.0,3728.0
Caribbean,-68.42,12.28,2061-2080,2476.0,3668.0,440.0,2040.0,1770.0,2572.0,3223.0,1377.0,,844.0,1135.0,2492.0,2518.0,1182.0,1980.0,440.0,3668.0
Caribbean,-68.41,12.28,2061-2080,2476.0,3668.0,440.0,2039.0,1772.0,2573.0,3224.0,1376.0,,844.0,1136.0,2496.0,2519.0,1183.0,1980.0,440.0,3668.0
Caribbean,-68.35,12.28,2061-2080,2524.0,3717.0,436.0,2043.0,1807.0,2504.0,3239.0,1375.0,,839.0,1137.0,2525.0,2523.0,1188.0,1989.0,436.0,3717.0
Caribbean,-68.34,12.28,2061-2080,2524.0,3723.0,437.0,2040.0,1809.0,2505.0,3239.0,1375.0,,840.0,1137.0,2525.0,2527.0,1190.0,1990.0,437.0,3723.0
Caribbean,-68.42,12.29,2061-2080,2474.0,3673.0,441.0,2038.0,1772.0,2575.0,3228.0,1376.0,,845.0,1135.0,2495.0,2520.0,1185.0,1981.0,441.0,3673.0
Caribbean,-68.41,12.29,2061-2080,2478.0,3691.0,440.0,2039.0,1772.0,2575.0,3229.0,1376.0,,845.0,1134.0,2497.0,2519.0,1185.0,1983.0,440.0,3691.0
Caribbean,-68.36,12.29,2061-2080,2522.0,3715.0,438.0,2043.0,1807.0,2505.0,3239.0,1375.0,,840.0,1136.0,2516.0,2520.0,1190.0,1988.0,438.0,3715.0
Caribbean,-68.35,12.29,2061-2080,2521.0,3721.0,437.0,2042.0,1808.0,2507.0,3242.0,1375.0,,843.0,1136.0,2520.0,2523.0,1192.0,1990.0,437.0,3721.0
Caribbean,-68.41,12.3,2061-2080,2474.0,3693.0,441.0,2050.0,1770.0,2577.0,3230.0,1376.0,,846.0,1133.0,2499.0,2516.0,1186.0,1984.0,441.0,3693.0
Caribbean,-68.4,12.3,2061-2080,2481.0,3695.0,439.0,2050.0,1804.0,2583.0,3233.0,1378.0,,845.0,1134.0,2505.0,2519.0,1186.0,1989.0,439.0,3695.0
Caribbean,-68.37,12.3,2061-2080,2483.0,3713.0,437.0,2045.0,1808.0,2505.0,3238.0,1375.0,,841.0,1133.0,2516.0,2519.0,1192.0,1985.0,437.0,3713.0
Caribbean,-68.36,12.3,2061-2080,2519.0,3718.0,437.0,2044.0,1779.0,2508.0,3244.0,1376.0,,843.0,1133.0,2520.0,2521.0,1192.0,1987.0,437.0,3718.0
Caribbean,-68.35,12.3,2061-2080,2516.0,3725.0,437.0,2042.0,1777.0,2508.0,3246.0,1377.0,,843.0,1133.0,2522.0,2521.0,1196.0,1988.0,437.0,3725.0
Caribbean,-68.4,12.31,2061-2080,2474.0,3697.0,438.0,2052.0,1775.0,2583.0,3235.0,1379.0,,845.0,1133.0,2506.0,2516.0,1190.0,1986.0,438.0,3697.0
Caribbean,-68.39,12.31,2061-2080,2479.0,3701.0,437.0,2052.0,1775.0,2502.0,3238.0,1379.0,,844.0,1133.0,2511.0,2517.0,1191.0,1981.0,437.0,3701.0
Caribbean,-68.38,12.31,2061-2080,2478.0,3711.0,437.0,2049.0,1776.0,2506.0,3243.0,1378.0,,843.0,1133.0,2515.0,2517.0,1191.0,1983.0,437.0,3711.0
Caribbean,-68.37,12.31,2061-2080,2481.0,3716.0,437.0,2048.0,1774.0,2507.0,3247.0,1377.0,,841.0,1133.0,2519.0,2518.0,1196.0,1984.0,437.0,3716.0
Caribbean,-68.36,12.31,2061-2080,2482.0,3726.0,438.0,2042.0,1773.0,2511.0,3249.0,1377.0,,844.0,1133.0,2523.0,2522.0,1198.0,1986.0,438.0,3726.0
Caribbean,-68.25,12.02,2081-2100,2532.0,2761.0,267.0,1899.0,1986.0,2188.0,2873.0,2465.0,,1221.0,693.0,1967.0,2290.0,1447.0,1891.0,267.0,2873.0
Caribbean,-68.24,12.02,2081-2100,2528.0,2761.0,267.0,1899.0,1987.0,2185.0,2873.0,2464.0,,1222.0,693.0,1967.0,2290.0,1450.0,1891.0,267.0,2873.0
Caribbean,-68.26,12.03,2081-2100,2534.0,2762.0,268.0,1907.0,1990.0,2188.0,2876.0,2461.0,,1223.0,692.0,1969.0,2290.0,1445.0,1893.0,268.0,2876.0
Caribbean,-68.25,12.03,2081-2100,2531.0,2760.0,266.0,1904.0,1991.0,2187.0,2877.0,2461.0,,1222.0,692.0,1969.0,2289.0,1447.0,1892.0,266.0,2877.0
Caribbean,-68.24,12.03,2081-2100,2531.0,2760.0,265.0,1904.0,1990.0,2185.0,2879.0,2463.0,,1221.0,692.0,1968.0,2289.0,1448.0,1892.0,265.0,2879.0
Caribbean,-68.23,12.03,2081-2100,2536.0,2760.0,265.0,1944.0,1992.0,2186.0,2880.0,2462.0,,1222.0,695.0,1968.0,2285.0,1493.0,1899.0,265.0,2880.0
Caribbean,-68.27,12.04,2081-2100,2534.0,2762.0,266.0,1910.0,1993.0,2190.0,2878.0,2459.0,,1238.0,691.0,1967.0,2288.0,1443.0,1894.0,266.0,2878.0
Caribbean,-68.26,12.04,2081-2100,2534.0,2762.0,265.0,1911.0,1994.0,2188.0,2880.0,2461.0,,1237.0,691.0,1973.0,2288.0,1445.0,1895.0,265.0,2880.0
Caribbean,-68.23,12.04,2081-2100,2538.0,2761.0,264.0,1946.0,1995.0,2184.0,2880.0,2465.0,,1225.0,692.0,1969.0,2287.0,1491.0,1900.0,264.0,2880.0
Caribbean,-68.22,12.04,2081-2100,2537.0,2764.0,264.0,1944.0,1994.0,2184.0,2882.0,2465.0,,1223.0,693.0,1969.0,2283.0,1492.0,1900.0,264.0,2882.0
Caribbean,-68.28,12.05,2081-2100,2540.0,2768.0,265.0,1918.0,2001.0,2252.0,2880.0,2461.0,,1240.0,693.0,1973.0,2285.0,1442.0,1901.0,265.0,2880.0
Caribbean,-68.27,12.05,2081-2100,2545.0,2768.0,265.0,1954.0,2001.0,2193.0,2881.0,2463.0,,1239.0,692.0,1975.0,2289.0,1444.0,1901.0,265.0,2881.0
Caribbean,-68.22,12.05,2081-2100,2542.0,2768.0,259.0,1946.0,1996.0,2186.0,2882.0,2471.0,,1242.0,694.0,1993.0,2283.0,1493.0,1904.0,259.0,2882.0
Caribbean,-68.28,12.06,2081-2100,2550.0,2770.0,264.0,1963.0,2005.0,2255.0,2884.0,2465.0,,1243.0,694.0,1993.0,2286.0,1440.0,1909.0,264.0,2884.0
Caribbean,-68.23,12.06,2081-2100,2545.0,2773.0,256.0,1960.0,2002.0,2190.0,2881.0,2472.0,,1243.0,691.0,1996.0,2284.0,1492.0,1907.0,256.0,2881.0
Caribbean,-68.22,12.06,2081-2100,2545.0,2772.0,256.0,1958.0,2000.0,2189.0,2886.0,2471.0,,1246.0,691.0,1984.0,2285.0,1496.0,1906.0,256.0,2886.0
Caribbean,-68.28,12.07,2081-2100,2551.0,2771.0,258.0,1972.0,2017.0,2254.0,2885.0,2470.0,,1262.0,692.0,2034.0,2285.0,1438.0,1915.0,258.0,2885.0
Caribbean,-68.23,12.07,2081-2100,2545.0,2772.0,256.0,1965.0,2008.0,2190.0,2884.0,2472.0,,1247.0,689.0,2008.0,2285.0,1496.0,1909.0,256.0,2884.0
Caribbean,-68.22,12.07,2081-2100,2545.0,2774.0,256.0,1963.0,2005.0,2189.0,2883.0,2471.0,,1249.0,689.0,2005.0,2285.0,1497.0,1909.0,256.0,2883.0
Caribbean,-68.28,12.08,2081-2100,2555.0,2774.0,256.0,1974.0,2020.0,2257.0,2886.0,2474.0,,1231.0,690.0,2068.0,2284.0,1484.0,1919.0,256.0,2886.0
Caribbean,-68.23,12.08,2081-2100,2548.0,2776.0,257.0,2020.0,2008.0,2190.0,2884.0,2473.0,,1266.0,642.0,2016.0,2284.0,1499.0,1913.0,257.0,2884.0
Caribbean,-68.29,12.09,2081-2100,2554.0,2776.0,256.0,1983.0,2021.0,2260.0,2887.0,2478.0,,1229.0,648.0,2035.0,2284.0,1483.0,1915.0,256.0,2887.0
Caribbean,-68.28,12.09,2081-2100,2555.0,2775.0,256.0,1981.0,2023.0,2262.0,2883.0,2475.0,,1228.0,645.0,2038.0,2284.0,1483.0,1914.0,256.0,2883.0
Caribbean,-68.23,12.09,2081-2100,2553.0,2779.0,255.0,2026.0,2013.0,2179.0,2885.0,2476.0,,1267.0,643.0,2024.0,2284.0,1495.0,1914.0,255.0,2885.0
Caribbean,-68.29,12.1,2081-2100,2508.0,2778.0,256.0,1985.0,2023.0,2264.0,2885.0,2477.0,,1271.0,647.0,2057.0,2268.0,1484.0,1916.0,256.0,2885.0
Caribbean,-68.28,12.1,2081-2100,2554.0,2776.0,256.0,1983.0,2027.0,2241.0,2887.0,2478.0,,1232.0,649.0,2061.0,2282.0,1484.0,1916.0,256.0,2887.0
Caribbean,-68.24,12.1,2081-2100,2557.0,2780.0,255.0,2030.0,2017.0,2182.0,2884.0,2476.0,,1268.0,642.0,2029.0,2284.0,1494.0,1915.0,255.0,2884.0
Caribbean,-68.23,12.1,2081-2100,2554.0,2783.0,255.0,2029.0,2014.0,2182.0,2884.0,2476.0,,1268.0,642.0,2028.0,2281.0,1494.0,1915.0,255.0,2884.0
Caribbean,-68.22,12.1,2081-2100,2548.0,2782.0,255.0,2026.0,2013.0,2180.0,2891.0,2474.0,,1310.0,642.0,2023.0,2282.0,1496.0,1917.0,255.0,2891.0
Caribbean,-68.21,12.1,2081-2100,2546.0,2781.0,255.0,2025.0,2009.0,2178.0,2886.0,2473.0,,1311.0,642.0,2020.0,2280.0,1496.0,1916.0,255.0,2886.0
Caribbean,-68.3,12.11,2081-2100,2504.0,2776.0,256.0,1993.0,2025.0,2242.0,2880.0,2480.0,,1273.0,648.0,2113.0,2265.0,1481.0,1918.0,256.0,2880.0
Caribbean,-68.29,12.11,2081-2100,2504.0,2777.0,255.0,1990.0,2026.0,2243.0,2884.0,2479.0,,1275.0,648.0,2101.0,2264.0,1483.0,1918.0,255.0,2884.0
Caribbean,-68.21,12.11,2081-2100,2549.0,2786.0,251.0,2027.0,2013.0,2179.0,2891.0,2474.0,,1315.0,640.0,2024.0,2280.0,1492.0,1917.0,251.0,2891.0
Caribbean,-68.2,12.11,2081-2100,2546.0,2781.0,251.0,2025.0,2009.0,2179.0,2880.0,2472.0,,1317.0,640.0,2024.0,2274.0,1493.0,1915.0,251.0,2880.0
Caribbean,-68.3,12.12,2081-2100,2508.0,2773.0,255.0,1998.0,2028.0,2244.0,2884.0,2478.0,,1275.0,647.0,2106.0,2263.0,1481.0,1918.0,255.0,2884.0
Caribbean,-68.29,12.12,2081-2100,2509.0,2776.0,255.0,1995.0,2029.0,2243.0,2881.0,2478.0,,1275.0,647.0,2107.0,2264.0,1486.0,1919.0,255.0,2881.0
Caribbean,-68.2,12.12,2081-2100,2504.0,2786.0,251.0,2033.0,2020.0,2179.0,2886.0,2473.0,,1314.0,637.0,2020.0,2259.0,1491.0,1912.0,251.0,2886.0
Caribbean,-68.19,12.12,2081-2100,2500.0,2785.0,251.0,2032.0,2017.0,2178.0,2886.0,2476.0,,1316.0,636.0,2018.0,2256.0,1492.0,1911.0,251.0,2886.0
Caribbean,-68.29,12.13,2081-2100,2510.0,2776.0,253.0,2002.0,2053.0,2245.0,2881.0,2480.0,,1276.0,648.0,2115.0,2263.0,1487.0,1922.0,253.0,2881.0
Caribbean,-68.28,12.13,2081-2100,2509.0,2776.0,253.0,2003.0,2052.0,2246.0,2884.0,2479.0,,1276.0,647.0,2115.0,2260.0,1489.0,1922.0,253.0,2884.0
Caribbean,-68.2,12.13,2081-2100,2505.0,2785.0,251.0,2035.0,2024.0,2181.0,2886.0,2474.0,,1320.0,636.0,2045.0,2257.0,1492.0,1915.0,251.0,2886.0
Caribbean,-68.19,12.13,2081-2100,2504.0,2786.0,251.0,2036.0,2022.0,2180.0,2887.0,2477.0,,1321.0,636.0,2044.0,2254.0,1493.0,1915.0,251.0,2887.0
Caribbean,-68.31,12.14,2081-2100,2504.0,2773.0,254.0,1962.0,2059.0,2246.0,2876.0,2479.0,,1274.0,646.0,2132.0,2262.0,1479.0,1919.0,254.0,2876.0
Caribbean,-68.3,12.14,2081-2100,2509.0,2774.0,252.0,2004.0,2054.0,2246.0,2879.0,2478.0,,1275.0,646.0,2134.0,2263.0,1480.0,1923.0,252.0,2879.0
Caribbean,-68.28,12.14,2081-2100,2511.0,2778.0,252.0,2005.0,2057.0,2245.0,2883.0,2480.0,,1275.0,644.0,2133.0,2258.0,1487.0,1924.0,252.0,2883.0
Caribbean,-68.2,12.14,2081-2100,2505.0,2786.0,250.0,2040.0,2029.0,2185.0,2888.0,2476.0,,1319.0,635.0,2051.0,2255.0,1493.0,1916.0,250.0,2888.0
Caribbean,-68.19,12.14,2081-2100,2504.0,2786.0,247.0,2037.0,2029.0,2181.0,2888.0,2479.0,,1323.0,635.0,2052.0,2251.0,1493.0,1916.0,247.0,2888.0
Caribbean,-68.33,12.15,2081-2100,2496.0,2770.0,254.0,1968.0,2055.0,2253.0,2877.0,2476.0,,1279.0,645.0,2136.0,2253.0,1474.0,1918.0,254.0,2877.0
Caribbean,-68.32,12.15,2081-2100,2501.0,2773.0,252.0,1969.0,2060.0,2256.0,2880.0,2475.0,,1277.0,646.0,2135.0,2255.0,1476.0,1920.0,252.0,2880.0
Caribbean,-68.31,12.15,2081-2100,2506.0,2775.0,252.0,2009.0,2063.0,2253.0,2879.0,2479.0,,1276.0,645.0,2135.0,2257.0,1476.0,1923.0,252.0,2879.0
Caribbean,-68.3,12.15,2081-2100,2509.0,2776.0,252.0,2007.0,2058.0,2249.0,2880.0,2479.0,,1274.0,645.0,2136.0,2256.0,1479.0,1923.0,252.0,2880.0
Caribbean,-68.29,12.15,2081-2100,2510.0,2775.0,252.0,2005.0,2058.0,2249.0,2882.0,2478.0,,1276.0,645.0,2133.0,2259.0,1483.0,1923.0,252.0,2882.0
Caribbean,-68.28,12.15,2081-2100,2509.0,2778.0,250.0,2005.0,2061.0,2247.0,2882.0,2480.0,,1275.0,643.0,2133.0,2258.0,1485.0,1924.0,250.0,2882.0
Caribbean,-68.2,12.15,2081-2100,2507.0,2787.0,246.0,2043.0,2055.0,2187.0,2884.0,2480.0,,1325.0,637.0,2097.0,2254.0,1493.0,1923.0,246.0,2884.0
Caribbean,-68.19,12.15,2081-2100,2504.0,2788.0,246.0,2039.0,2050.0,2185.0,2887.0,2481.0,,1327.0,636.0,2051.0,2257.0,1493.0,1919.0,246.0,2887.0
Caribbean,-68.33,12.16,2081-2100,2503.0,2771.0,252.0,1970.0,2058.0,2257.0,2875.0,2475.0,,1283.0,645.0,2142.0,2249.0,1473.0,1919.0,252.0,2875.0
Caribbean,-68.32,12.16,2081-2100,2505.0,2773.0,252.0,2008.0,2061.0,2259.0,2883.0,2476.0,,1283.0,645.0,2141.0,2251.0,1475.0,1924.0,252.0,2883.0
Caribbean,-68.3,12.16,2081-2100,2512.0,2775.0,250.0,2008.0,2060.0,2256.0,2880.0,2480.0,,1280.0,643.0,2141.0,2251.0,1478.0,1924.0,250.0,2880.0
Caribbean,-68.29,12.16,2081-2100,2509.0,2777.0,250.0,2007.0,2059.0,2251.0,2880.0,2480.0,,1281.0,642.0,2142.0,2251.0,1482.0,1924.0,250.0,2880.0
Caribbean,-68.28,12.16,2081-2100,2510.0,2778.0,250.0,2009.0,2061.0,2249.0,2882.0,2479.0,,1280.0,642.0,2139.0,2254.0,1488.0,1925.0,250.0,2882.0
Caribbean,-68.2,12.16,2081-2100,2507.0,2791.0,246.0,2047.0,2055.0,2187.0,2886.0,2484.0,,1327.0,634.0,2112.0,2259.0,1492.0,1925.0,246.0,2886.0
Caribbean,-68.32,12.17,2081-2100,2511.0,2772.0,252.0,2010.0,2067.0,2261.0,2882.0,2477.0,,1286.0,643.0,2147.0,2249.0,1477.0,1926.0,252.0,2882.0
Caribbean,-68.31,12.17,2081-2100,2512.0,2773.0,250.0,2012.0,2069.0,2260.0,2884.0,2479.0,,1287.0,642.0,2145.0,2247.0,1479.0,1926.0,250.0,2884.0
Caribbean,-68.3,12.17,2081-2100,2513.0,2775.0,250.0,2011.0,2065.0,2258.0,2879.0,2479.0,,1286.0,639.0,2144.0,2246.0,1480.0,1925.0,250.0,2879.0
Caribbean,-68.29,12.17,2081-2100,2513.0,2776.0,250.0,2012.0,2065.0,2255.0,2879.0,2479.0,,1286.0,640.0,2144.0,2247.0,1481.0,1925.0,250.0,2879.0
Caribbean,-68.21,12.17,2081-2100,2512.0,2791.0,243.0,2053.0,2058.0,2245.0,2886.0,2484.0,,1327.0,635.0,2133.0,2259.0,1491.0,1932.0,243.0,2886.0
Caribbean,-68.2,12.17,2081-2100,2507.0,2793.0,180.0,2051.0,2055.0,2244.0,2887.0,2487.0,,1329.0,635.0,2132.0,2258.0,1490.0,1927.0,180.0,2887.0
Caribbean,-68.3,12.18,2081-2100,2511.0,2774.0,249.0,2015.0,2066.0,2261.0,2881.0,2476.0,,1288.0,638.0,2148.0,2245.0,1478.0,1925.0,249.0,2881.0
Caribbean,-68.29,12.18,2081-2100,2512.0,2776.0,248.0,2015.0,2066.0,2259.0,2880.0,2476.0,,1286.0,638.0,2148.0,2245.0,1477.0,1925.0,248.0,2880.0
Caribbean,-68.21,12.18,2081-2100,2511.0,2794.0,180.0,2057.0,2059.0,2246.0,2885.0,2487.0,,1300.0,634.0,2134.0,2255.0,1491.0,1926.0,180.0,2885.0
Caribbean,-68.3,12.19,2081-2100,2512.0,2777.0,249.0,2021.0,2071.0,2263.0,2883.0,2477.0,,1290.0,639.0,2170.0,2245.0,1481.0,1929.0,249.0,2883.0
Caribbean,-68.21,12.19,2081-2100,2512.0,2792.0,129.0,2059.0,2057.0,2245.0,2885.0,2487.0,,1300.0,633.0,2133.0,2252.0,1492.0,1921.0,129.0,2885.0
Caribbean,-68.2,12.19,2081-2100,2512.0,2794.0,129.0,2057.0,2051.0,2247.0,2888.0,2491.0,,1302.0,632.0,2139.0,2252.0,1494.0,1922.0,129.0,2888.0
Caribbean,-68.32,12.2,2081-2100,2511.0,2776.0,249.0,2022.0,2075.0,2267.0,2883.0,2484.0,,1301.0,636.0,2177.0,2243.0,1482.0,1931.0,249.0,2883.0
Caribbean,-68.31,12.2,2081-2100,2513.0,2780.0,248.0,2023.0,2072.0,2269.0,2881.0,2480.0,,1299.0,637.0,2176.0,2243.0,1480.0,1931.0,248.0,2881.0
Caribbean,-68.3,12.2,2081-2100,2513.0,2780.0,248.0,2023.0,2071.0,2265.0,2884.0,2481.0,,1301.0,637.0,2168.0,2244.0,1481.0,1930.0,248.0,2884.0
Caribbean,-68.21,12.2,2081-2100,2514.0,2793.0,129.0,2062.0,2055.0,2252.0,2887.0,2491.0,,1308.0,629.0,2139.0,2248.0,1494.0,1923.0,129.0,2887.0
Caribbean,-68.2,12.2,2081-2100,2512.0,2798.0,129.0,2061.0,2051.0,2250.0,2889.0,2493.0,,1310.0,630.0,2143.0,2248.0,1494.0,1924.0,129.0,2889.0
Caribbean,-68.34,12.21,2081-2100,2514.0,2775.0,251.0,2026.0,2075.0,2271.0,2880.0,2486.0,,1308.0,635.0,2178.0,2240.0,1481.0,1932.0,251.0,2880.0
Caribbean,-68.33,12.21,2081-2100,2512.0,2777.0,248.0,2025.0,2077.0,2273.0,2882.0,2489.0,,1307.0,635.0,2179.0,2242.0,1482.0,1933.0,248.0,2882.0
Caribbean,-68.32,12.21,2081-2100,2512.0,2778.0,248.0,2025.0,2080.0,2272.0,2883.0,2484.0,,1306.0,636.0,2179.0,2242.0,1480.0,1933.0,248.0,2883.0
Caribbean,-68.31,12.21,2081-2100,2512.0,2779.0,248.0,2024.0,2072.0,2272.0,2883.0,2480.0,,1306.0,637.0,2179.0,2241.0,1477.0,1932.0,248.0,2883.0
Caribbean,-68.2,12.21,2081-2100,2513.0,2796.0,129.0,2062.0,2050.0,2251.0,2890.0,2494.0,,1318.0,629.0,2156.0,2247.0,1491.0,1925.0,129.0,2890.0
Caribbean,-68.19,12.21,2081-2100,2510.0,2800.0,129.0,2060.0,2043.0,2252.0,2892.0,2498.0,,1319.0,628.0,2156.0,2249.0,1495.0,1925.0,129.0,2892.0
Caribbean,-68.41,12.22,2081-2100,2435.0,2763.0,255.0,1987.0,2066.0,2271.0,2858.0,2475.0,,1310.0,632.0,2189.0,2234.0,1466.0,1919.0,255.0,2858.0
Caribbean,-68.4,12.22,2081-2100,2494.0,2769.0,255.0,1987.0,2067.0,2271.0,2859.0,2480.0,,1309.0,632.0,2181.0,2238.0,1467.0,1924.0,255.0,2859.0
Caribbean,-68.39,12.22,2081-2100,2501.0,2773.0,255.0,2030.0,2068.0,2272.0,2865.0,2483.0,,1308.0,631.0,2185.0,2238.0,1468.0,1929.0,255.0,2865.0
Caribbean,-68.38,12.22,2081-2100,2505.0,2775.0,254.0,2082.0,2070.0,2274.0,2872.0,2483.0,,1311.0,631.0,2187.0,2238.0,1473.0,1935.0,254.0,2872.0
Caribbean,-68.37,12.22,2081-2100,2508.0,2774.0,252.0,2081.0,2074.0,2279.0,2877.0,2482.0,,1309.0,633.0,2185.0,2238.0,1477.0,1936.0,252.0,2877.0
Caribbean,-68.36,12.22,2081-2100,2511.0,2774.0,250.0,2081.0,2076.0,2279.0,2880.0,2484.0,,1308.0,633.0,2186.0,2239.0,1478.0,1937.0,250.0,2880.0
Caribbean,-68.35,12.22,2081-2100,2512.0,2775.0,248.0,2082.0,2077.0,2278.0,2881.0,2489.0,,1307.0,633.0,2182.0,2240.0,1477.0,1937.0,248.0,2881.0
Caribbean,-68.34,12.22,2081-2100,2514.0,2777.0,248.0,2029.0,2078.0,2279.0,2883.0,2489.0,,1307.0,634.0,2183.0,2239.0,1477.0,1934.0,248.0,2883.0
Caribbean,-68.23,12.22,2081-2100,2508.0,2791.0,129.0,2068.0,2058.0,2255.0,2896.0,2488.0,,1315.0,626.0,2155.0,2245.0,1490.0,1925.0,129.0,2896.0
Caribbean,-68.22,12.22,2081-2100,2510.0,2791.0,129.0,2065.0,2053.0,2254.0,2890.0,2493.0,,1315.0,626.0,2157.0,2244.0,1493.0,1925.0,129.0,2890.0
Caribbean,-68.21,12.22,2081-2100,2510.0,2795.0,129.0,2064.0,2048.0,2255.0,2892.0,2494.0,,1318.0,626.0,2146.0,2245.0,1493.0,1924.0,129.0,2892.0
Caribbean,-68.2,12.22,2081-2100,2513.0,2800.0,129.0,2065.0,2046.0,2254.0,2892.0,2496.0,,1318.0,624.0,2158.0,2247.0,1496.0,1926.0,129.0,2892.0
Caribbean,-68.19,12.22,2081-2100,2512.0,2800.0,129.0,2063.0,2043.0,2255.0,2894.0,2502.0,,1321.0,624.0,2156.0,2245.0,1492.0,1926.0,129.0,2894.0
Caribbean,-68.41,12.23,2081-2100,2496.0,2765.0,255.0,1992.0,2064.0,2276.0,2855.0,2477.0,,1309.0,630.0,2183.0,2232.0,1462.0,1923.0,255.0,2855.0
Caribbean,-68.28,12.23,2081-2100,2516.0,2786.0,129.0,2078.0,2060.0,2270.0,2887.0,2487.0,,1308.0,629.0,2178.0,2233.0,1484.0,1927.0,129.0,2887.0
Caribbean,-68.27,12.23,2081-2100,2512.0,2787.0,129.0,2077.0,2059.0,2268.0,2890.0,2486.0,,1309.0,628.0,2169.0,2234.0,1483.0,1925.0,129.0,2890.0
Caribbean,-68.26,12.23,2081-2100,2512.0,2786.0,129.0,2074.0,2057.0,2268.0,2891.0,2487.0,,1311.0,626.0,2168.0,2238.0,1488.0,1926.0,129.0,2891.0
Caribbean,-68.25,12.23,2081-2100,2509.0,2788.0,129.0,2070.0,2056.0,2261.0,2892.0,2483.0,,1314.0,623.0,2160.0,2242.0,1490.0,1924.0,129.0,2892.0
Caribbean,-68.24,12.23,2081-2100,2509.0,2791.0,129.0,2068.0,2056.0,2258.0,2895.0,2486.0,,1316.0,623.0,2156.0,2241.0,1490.0,1924.0,129.0,2895.0
Caribbean,-68.23,12.23,2081-2100,2510.0,2790.0,129.0,2069.0,2055.0,2256.0,2896.0,2489.0,,1314.0,623.0,2158.0,2242.0,1489.0,1925.0,129.0,2896.0
Caribbean,-68.22,12.23,2081-2100,2509.0,2793.0,129.0,2065.0,2049.0,2256.0,2890.0,2494.0,,1315.0,623.0,2157.0,2242.0,1492.0,1924.0,129.0,2890.0
Caribbean,-68.21,12.23,2081-2100,2511.0,2794.0,132.0,2064.0,2045.0,2256.0,2895.0,2494.0,,1317.0,624.0,2156.0,2241.0,1492.0,1925.0,132.0,2895.0
Caribbean,-68.2,12.23,2081-2100,2513.0,2799.0,132.0,2068.0,2043.0,2256.0,2893.0,2500.0,,1320.0,624.0,2156.0,2245.0,1497.0,1927.0,132.0,2893.0
Caribbean,-68.41,12.24,2081-2100,2495.0,2767.0,255.0,2047.0,2065.0,2279.0,2856.0,2481.0,,1309.0,629.0,2183.0,2232.0,1462.0,1928.0,255.0,2856.0
Caribbean,-68.29,12.24,2081-2100,2515.0,2785.0,129.0,2079.0,2061.0,2274.0,2892.0,2490.0,,1308.0,627.0,2177.0,2233.0,1482.0,1927.0,129.0,2892.0
Caribbean,-68.28,12.24,2081-2100,2513.0,2787.0,129.0,2079.0,2060.0,2271.0,2891.0,2489.0,,1308.0,623.0,2179.0,2233.0,1482.0,1926.0,129.0,2891.0
Caribbean,-68.27,12.24,2081-2100,2513.0,2786.0,129.0,2077.0,2055.0,2269.0,2890.0,2487.0,,1311.0,623.0,2169.0,2235.0,1484.0,1925.0,129.0,2890.0
Caribbean,-68.26,12.24,2081-2100,2511.0,2788.0,129.0,2073.0,2054.0,2268.0,2891.0,2490.0,,1314.0,623.0,2167.0,2237.0,1485.0,1925.0,129.0,2891.0
Caribbean,-68.42,12.25,2081-2100,2494.0,2768.0,255.0,2048.0,2064.0,2283.0,2859.0,2482.0,,1307.0,625.0,2183.0,2229.0,1461.0,1928.0,255.0,2859.0
Caribbean,-68.41,12.25,2081-2100,2495.0,2770.0,253.0,2049.0,2067.0,2284.0,2859.0,2480.0,,1306.0,625.0,2185.0,2231.0,1462.0,1928.0,253.0,2859.0
Caribbean,-68.31,12.25,2081-2100,2519.0,2785.0,129.0,2134.0,2071.0,2281.0,2894.0,2498.0,,1308.0,624.0,2185.0,2235.0,1483.0,1934.0,129.0,2894.0
Caribbean,-68.3,12.25,2081-2100,2519.0,2785.0,129.0,2134.0,2066.0,2280.0,2893.0,2494.0,,1308.0,624.0,2186.0,2233.0,1483.0,1933.0,129.0,2893.0
Caribbean,-68.29,12.25,2081-2100,2518.0,2788.0,129.0,2132.0,2060.0,2277.0,2892.0,2495.0,,1311.0,624.0,2181.0,2233.0,1484.0,1933.0,129.0,2892.0
Caribbean,-68.28,12.25,2081-2100,2510.0,2788.0,129.0,2130.0,2055.0,2275.0,2892.0,2494.0,,1313.0,623.0,2172.0,2237.0,1485.0,1931.0,129.0,2892.0
Caribbean,-68.42,12.26,2081-2100,2494.0,2771.0,251.0,2048.0,2063.0,2286.0,2862.0,2483.0,,1307.0,623.0,2185.0,2227.0,1461.0,1928.0,251.0,2862.0
Caribbean,-68.41,12.26,2081-2100,2495.0,2771.0,249.0,2049.0,2068.0,2290.0,2863.0,2484.0,,1306.0,623.0,2185.0,2228.0,1462.0,1929.0,249.0,2863.0
Caribbean,-68.33,12.26,2081-2100,2518.0,2786.0,129.0,2141.0,2074.0,2286.0,2896.0,2504.0,,1307.0,624.0,2189.0,2235.0,1487.0,1937.0,129.0,2896.0
Caribbean,-68.32,12.26,2081-2100,2522.0,2787.0,129.0,2139.0,2071.0,2288.0,2898.0,2500.0,,1309.0,624.0,2189.0,2234.0,1485.0,1937.0,129.0,2898.0
Caribbean,-68.31,12.26,2081-2100,2521.0,2789.0,129.0,2139.0,2070.0,2285.0,2894.0,2499.0,,1308.0,623.0,2187.0,2233.0,1487.0,1936.0,129.0,2894.0
Caribbean,-68.42,12.27,2081-2100,2495.0,2773.0,249.0,2049.0,2064.0,2299.0,2869.0,2496.0,,1308.0,623.0,2182.0,2225.0,1463.0,1930.0,249.0,2869.0
Caribbean,-68.41,12.27,2081-2100,2496.0,2774.0,248.0,2050.0,2067.0,2292.0,2872.0,2492.0,,1308.0,623.0,2185.0,2226.0,1466.0,1931.0,248.0,2872.0
Caribbean,-68.34,12.27,2081-2100,2519.0,2786.0,129.0,2143.0,2072.0,2295.0,2898.0,2504.0,,1306.0,623.0,2195.0,2234.0,1488.0,1938.0,129.0,2898.0
Caribbean,-68.33,12.27,2081-2100,2521.0,2789.0,132.0,2143.0,2073.0,2296.0,2900.0,2505.0,,1308.0,624.0,2192.0,2234.0,1489.0,1939.0,132.0,2900.0
Caribbean,-68.32,12.27,2081-2100,2522.0,2789.0,134.0,2143.0,2072.0,2294.0,2898.0,2503.0,,1309.0,623.0,2192.0,2236.0,1489.0,1939.0,134.0,2898.0
Caribbean,-68.42,12.28,2081-2100,2494.0,2775.0,248.0,2052.0,2063.0,2302.0,2873.0,2499.0,,1307.0,620.0,2181.0,2223.0,1468.0,1931.0,248.0,2873.0
Caribbean,-68.41,12.28,2081-2100,2500.0,2775.0,248.0,2055.0,2070.0,2301.0,2878.0,2498.0,,1309.0,583.0,2187.0,2225.0,1468.0,1931.0,248.0,2878.0
Caribbean,-68.35,12.28,2081-2100,2517.0,2788.0,134.0,2144.0,2071.0,2298.0,2900.0,2508.0,,1306.0,623.0,2206.0,2231.0,1487.0,1939.0,134.0,2900.0
Caribbean,-68.34,12.28,2081-2100,2520.0,2791.0,134.0,2146.0,2073.0,2301.0,2900.0,2511.0,,1311.0,623.0,2209.0,2233.0,1487.0,1941.0,134.0,2900.0
Caribbean,-68.42,12.29,2081-2100,2497.0,2775.0,248.0,2056.0,2063.0,2308.0,2876.0,2501.0,,1311.0,582.0,2186.0,2224.0,1467.0,1930.0,248.0,2876.0
Caribbean,-68.41,12.29,2081-2100,2500.0,2778.0,248.0,2057.0,2067.0,2309.0,2880.0,2501.0,,1307.0,585.0,2189.0,2227.0,1467.0,1932.0,248.0,2880.0
Caribbean,-68.36,12.29,2081-2100,2517.0,2792.0,134.0,2145.0,2070.0,2303.0,2900.0,2511.0,,1307.0,619.0,2207.0,2230.0,1485.0,1940.0,134.0,2900.0
Caribbean,-68.35,12.29,2081-2100,2518.0,2792.0,134.0,2148.0,2070.0,2304.0,2903.0,2510.0,,1312.0,619.0,2209.0,2231.0,1486.0,1941.0,134.0,2903.0
Caribbean,-68.41,12.3,2081-2100,2499.0,2777.0,193.0,2058.0,2066.0,2313.0,2882.0,2506.0,,1307.0,583.0,2194.0,2226.0,1467.0,1929.0,193.0,2882.0
Caribbean,-68.4,12.3,2081-2100,2502.0,2780.0,193.0,2108.0,2060.0,2314.0,2891.0,2508.0,,1305.0,581.0,2206.0,2227.0,1471.0,1934.0,193.0,2891.0
Caribbean,-68.37,12.3,2081-2100,2510.0,2792.0,134.0,2148.0,2069.0,2308.0,2898.0,2513.0,,1307.0,619.0,2212.0,2230.0,1483.0,1940.0,134.0,2898.0
Caribbean,-68.36,12.3,2081-2100,2515.0,2794.0,134.0,2148.0,2070.0,2309.0,2905.0,2515.0,,1312.0,581.0,2215.0,2237.0,1484.0,1940.0,134.0,2905.0
Caribbean,-68.35,12.3,2081-2100,2516.0,2794.0,134.0,2149.0,2068.0,2308.0,2904.0,2515.0,,1314.0,581.0,2212.0,2237.0,1486.0,1940.0,134.0,2904.0
Caribbean,-68.4,12.31,2081-2100,2501.0,2788.0,193.0,2109.0,2060.0,2317.0,2893.0,2510.0,,1306.0,580.0,2209.0,2226.0,1472.0,1936.0,193.0,2893.0
Caribbean,-68.39,12.31,2081-2100,2505.0,2791.0,134.0,2110.0,2061.0,2306.0,2899.0,2514.0,,1306.0,580.0,2210.0,2229.0,1474.0,1932.0,134.0,2899.0
Caribbean,-68.38,12.31,2081-2100,2506.0,2795.0,134.0,2110.0,2064.0,2308.0,2900.0,2515.0,,1309.0,581.0,2213.0,2230.0,1477.0,1934.0,134.0,2900.0
Caribbean,-68.37,12.31,2081-2100,2512.0,2798.0,133.0,2150.0,2063.0,2312.0,2906.0,2518.0,,1309.0,582.0,2216.0,2237.0,1480.0,1940.0,133.0,2906.0
Caribbean,-68.36,12.31,2081-2100,2524.0,2801.0,133.0,2149.0,2060.0,2315.0,2906.0,2517.0,,1313.0,582.0,2216.0,2238.0,1482.0,1941.0,133.0,2906.0
