region_name,longitude,latitude,time_period,ACCESS_CM2,ACCESS_ESM1_5,BCC_CSM2_MR,CanESM5,CESM2_WACCM,CMCC_CM2_SR5,EC_Earth3,EC_Earth3_Veg,GFDL_CM4,IPSL_CM6A_LR,MRI_ESM2_0,NESM3,NorESM2_LM,NorESM2_MM,ensemble_mean_no_dhw_8,ensemble_min_no_dhw_8,ensemble_max_no_dhw_8
Caribbean,-68.25,12.02,2021-2040,461.0,2042.0,58.0,454.0,774.0,301.0,1770.0,895.0,1147.0,482.0,359.0,1618.0,1217.0,614.0,871.0,58.0,2042.0
Caribbean,-68.24,12.02,2021-2040,461.0,2043.0,58.0,448.0,778.0,302.0,1771.0,894.0,1148.0,482.0,359.0,1624.0,1218.0,614.0,871.0,58.0,2043.0
Caribbean,-68.26,12.03,2021-2040,460.0,2040.0,58.0,458.0,776.0,300.0,1774.0,896.0,1145.0,483.0,358.0,1613.0,1216.0,612.0,871.0,58.0,2040.0
Caribbean,-68.25,12.03,2021-2040,460.0,2040.0,58.0,458.0,780.0,300.0,1774.0,896.0,1145.0,483.0,358.0,1621.0,1216.0,614.0,872.0,58.0,2040.0
Caribbean,-68.24,12.03,2021-2040,460.0,2042.0,58.0,454.0,781.0,301.0,1776.0,896.0,1147.0,345.0,358.0,1626.0,1218.0,616.0,863.0,58.0,2042.0
Caribbean,-68.23,12.03,2021-2040,461.0,2045.0,58.0,452.0,782.0,301.0,1774.0,896.0,1147.0,346.0,358.0,1638.0,1218.0,617.0,864.0,58.0,2045.0
Caribbean,-68.27,12.04,2021-2040,460.0,2041.0,58.0,462.0,776.0,299.0,1780.0,898.0,1145.0,483.0,357.0,1598.0,1212.0,610.0,870.0,58.0,2041.0
Caribbean,-68.26,12.04,2021-2040,461.0,2044.0,58.0,461.0,780.0,300.0,1780.0,897.0,1147.0,346.0,357.0,1609.0,1213.0,614.0,862.0,58.0,2044.0
Caribbean,-68.23,12.04,2021-2040,460.0,2044.0,58.0,455.0,784.0,299.0,1778.0,896.0,1147.0,347.0,358.0,1638.0,1217.0,617.0,864.0,58.0,2044.0
Caribbean,-68.22,12.04,2021-2040,459.0,2045.0,58.0,422.0,786.0,298.0,1780.0,896.0,1146.0,348.0,358.0,1643.0,1219.0,617.0,863.0,58.0,2045.0
Caribbean,-68.28,12.05,2021-2040,496.0,2043.0,58.0,464.0,776.0,299.0,1782.0,898.0,1141.0,346.0,357.0,1590.0,1209.0,607.0,862.0,58.0,2043.0
Caribbean,-68.27,12.05,2021-2040,496.0,2045.0,58.0,461.0,780.0,299.0,1781.0,899.0,1147.0,347.0,357.0,1596.0,1212.0,608.0,863.0,58.0,2045.0
Caribbean,-68.22,12.05,2021-2040,459.0,2049.0,58.0,456.0,788.0,298.0,1784.0,898.0,1147.0,348.0,359.0,1643.0,1216.0,617.0,866.0,58.0,2049.0
Caribbean,-68.28,12.06,2021-2040,496.0,2044.0,58.0,464.0,780.0,297.0,1786.0,897.0,1141.0,345.0,357.0,1588.0,1210.0,606.0,862.0,58.0,2044.0
Caribbean,-68.23,12.06,2021-2040,459.0,2048.0,58.0,457.0,788.0,299.0,1789.0,898.0,1151.0,350.0,359.0,1629.0,1215.0,615.0,865.0,58.0,2048.0
Caribbean,-68.22,12.06,2021-2040,458.0,2047.0,58.0,425.0,788.0,299.0,1789.0,898.0,1147.0,351.0,359.0,1630.0,1216.0,615.0,863.0,58.0,2047.0
Caribbean,-68.28,12.07,2021-2040,497.0,2044.0,58.0,469.0,741.0,297.0,1793.0,897.0,1144.0,346.0,358.0,1590.0,1208.0,604.0,860.0,58.0,2044.0
Caribbean,-68.23,12.07,2021-2040,459.0,2043.0,58.0,456.0,790.0,299.0,1793.0,899.0,1149.0,352.0,359.0,1630.0,1215.0,616.0,866.0,58.0,2043.0
Caribbean,-68.22,12.07,2021-2040,458.0,2044.0,58.0,425.0,793.0,298.0,1791.0,899.0,1147.0,352.0,359.0,1638.0,1215.0,616.0,864.0,58.0,2044.0
Caribbean,-68.28,12.08,2021-2040,497.0,2044.0,57.0,469.0,744.0,297.0,1793.0,898.0,1144.0,348.0,358.0,1592.0,1207.0,603.0,861.0,57.0,2044.0
Caribbean,-68.23,12.08,2021-2040,459.0,2043.0,58.0,456.0,793.0,298.0,1796.0,900.0,1151.0,354.0,359.0,1630.0,1213.0,615.0,866.0,58.0,2043.0
Caribbean,-68.29,12.09,2021-2040,498.0,2041.0,56.0,470.0,744.0,297.0,1797.0,898.0,1133.0,351.0,359.0,1566.0,1205.0,602.0,858.0,56.0,2041.0
Caribbean,-68.28,12.09,2021-2040,498.0,2037.0,57.0,470.0,744.0,297.0,1795.0,899.0,1131.0,351.0,359.0,1577.0,1205.0,603.0,859.0,57.0,2037.0
Caribbean,-68.23,12.09,2021-2040,459.0,2042.0,58.0,461.0,793.0,298.0,1796.0,900.0,1151.0,354.0,357.0,1632.0,1211.0,613.0,866.0,58.0,2042.0
Caribbean,-68.29,12.1,2021-2040,530.0,2031.0,56.0,472.0,744.0,294.0,1798.0,897.0,1129.0,347.0,359.0,1567.0,1202.0,596.0,859.0,56.0,2031.0
Caribbean,-68.28,12.1,2021-2040,498.0,2033.0,56.0,470.0,744.0,294.0,1798.0,900.0,1131.0,349.0,358.0,1569.0,1205.0,599.0,857.0,56.0,2033.0
Caribbean,-68.24,12.1,2021-2040,495.0,2039.0,58.0,467.0,757.0,297.0,1801.0,900.0,1149.0,354.0,357.0,1627.0,1208.0,607.0,865.0,58.0,2039.0
Caribbean,-68.23,12.1,2021-2040,459.0,2042.0,59.0,437.0,792.0,297.0,1801.0,899.0,1149.0,354.0,357.0,1631.0,1208.0,608.0,864.0,59.0,2042.0
Caribbean,-68.22,12.1,2021-2040,457.0,2043.0,62.0,433.0,794.0,297.0,1795.0,902.0,1149.0,354.0,357.0,1637.0,1212.0,611.0,865.0,62.0,2043.0
Caribbean,-68.21,12.1,2021-2040,457.0,2043.0,63.0,433.0,798.0,296.0,1795.0,902.0,1147.0,356.0,358.0,1638.0,1211.0,610.0,865.0,63.0,2043.0
Caribbean,-68.3,12.11,2021-2040,537.0,2031.0,55.0,473.0,744.0,292.0,1797.0,896.0,1124.0,348.0,359.0,1565.0,1195.0,584.0,857.0,55.0,2031.0
Caribbean,-68.29,12.11,2021-2040,531.0,2028.0,56.0,472.0,744.0,292.0,1798.0,896.0,1128.0,348.0,359.0,1566.0,1201.0,586.0,858.0,56.0,2028.0
Caribbean,-68.21,12.11,2021-2040,457.0,2041.0,63.0,435.0,795.0,294.0,1799.0,903.0,1130.0,354.0,355.0,1636.0,1207.0,608.0,863.0,63.0,2041.0
Caribbean,-68.2,12.11,2021-2040,457.0,2037.0,63.0,433.0,799.0,294.0,1798.0,901.0,1131.0,356.0,354.0,1639.0,1207.0,608.0,863.0,63.0,2037.0
Caribbean,-68.3,12.12,2021-2040,536.0,2019.0,55.0,474.0,742.0,291.0,1798.0,898.0,1123.0,347.0,359.0,1560.0,1189.0,579.0,855.0,55.0,2019.0
Caribbean,-68.29,12.12,2021-2040,532.0,2023.0,55.0,474.0,745.0,292.0,1800.0,897.0,1125.0,347.0,359.0,1566.0,1191.0,580.0,856.0,55.0,2023.0
Caribbean,-68.2,12.12,2021-2040,457.0,2039.0,63.0,435.0,800.0,294.0,1801.0,902.0,1129.0,354.0,354.0,1638.0,1201.0,605.0,862.0,63.0,2039.0
Caribbean,-68.19,12.12,2021-2040,457.0,2039.0,63.0,434.0,802.0,294.0,1802.0,903.0,1131.0,355.0,354.0,1642.0,1206.0,605.0,863.0,63.0,2039.0
Caribbean,-68.29,12.13,2021-2040,536.0,2013.0,55.0,475.0,743.0,288.0,1800.0,897.0,1120.0,349.0,358.0,1561.0,1187.0,578.0,854.0,55.0,2013.0
Caribbean,-68.28,12.13,2021-2040,532.0,2017.0,55.0,473.0,746.0,289.0,1800.0,898.0,1123.0,350.0,358.0,1566.0,1187.0,578.0,855.0,55.0,2017.0
Caribbean,-68.2,12.13,2021-2040,457.0,2038.0,62.0,437.0,801.0,291.0,1803.0,902.0,1130.0,354.0,353.0,1623.0,1200.0,603.0,861.0,62.0,2038.0
Caribbean,-68.19,12.13,2021-2040,456.0,2037.0,63.0,436.0,803.0,291.0,1803.0,902.0,1130.0,354.0,352.0,1638.0,1203.0,604.0,862.0,63.0,2037.0
Caribbean,-68.31,12.14,2021-2040,542.0,2006.0,55.0,475.0,739.0,287.0,1800.0,895.0,1112.0,348.0,359.0,1553.0,1184.0,563.0,851.0,55.0,2006.0
Caribbean,-68.3,12.14,2021-2040,541.0,2007.0,55.0,474.0,741.0,287.0,1800.0,894.0,1112.0,348.0,359.0,1556.0,1183.0,564.0,852.0,55.0,2007.0
Caribbean,-68.28,12.14,2021-2040,537.0,2009.0,55.0,474.0,747.0,288.0,1801.0,896.0,1114.0,349.0,359.0,1569.0,1185.0,572.0,854.0,55.0,2009.0
Caribbean,-68.2,12.14,2021-2040,458.0,2029.0,62.0,438.0,801.0,291.0,1808.0,905.0,1130.0,354.0,352.0,1619.0,1200.0,602.0,861.0,62.0,2029.0
Caribbean,-68.19,12.14,2021-2040,455.0,2028.0,62.0,438.0,802.0,291.0,1808.0,905.0,1131.0,354.0,354.0,1625.0,1203.0,602.0,861.0,62.0,2028.0
Caribbean,-68.33,12.15,2021-2040,545.0,2001.0,55.0,476.0,737.0,287.0,1817.0,895.0,1107.0,347.0,358.0,1538.0,1180.0,560.0,850.0,55.0,2001.0
Caribbean,-68.32,12.15,2021-2040,545.0,2001.0,55.0,474.0,737.0,287.0,1800.0,895.0,1108.0,347.0,359.0,1545.0,1181.0,562.0,850.0,55.0,2001.0
Caribbean,-68.31,12.15,2021-2040,543.0,2001.0,55.0,474.0,738.0,287.0,1799.0,895.0,1110.0,347.0,359.0,1549.0,1181.0,562.0,850.0,55.0,2001.0
Caribbean,-68.3,12.15,2021-2040,543.0,2004.0,55.0,474.0,739.0,287.0,1800.0,895.0,1113.0,347.0,359.0,1553.0,1181.0,562.0,851.0,55.0,2004.0
Caribbean,-68.29,12.15,2021-2040,543.0,2001.0,56.0,474.0,743.0,286.0,1799.0,894.0,1097.0,347.0,357.0,1559.0,1180.0,563.0,850.0,56.0,2001.0
Caribbean,-68.28,12.15,2021-2040,539.0,2004.0,56.0,474.0,780.0,287.0,1800.0,895.0,1099.0,348.0,356.0,1567.0,1182.0,563.0,854.0,56.0,2004.0
Caribbean,-68.2,12.15,2021-2040,458.0,2025.0,60.0,439.0,801.0,290.0,1810.0,906.0,1131.0,354.0,354.0,1615.0,1198.0,599.0,860.0,60.0,2025.0
Caribbean,-68.19,12.15,2021-2040,455.0,2000.0,64.0,438.0,839.0,290.0,1810.0,905.0,1131.0,354.0,354.0,1617.0,1200.0,601.0,861.0,64.0,2000.0
Caribbean,-68.33,12.16,2021-2040,579.0,1997.0,53.0,481.0,737.0,287.0,1819.0,895.0,1107.0,345.0,358.0,1539.0,1176.0,560.0,852.0,53.0,1997.0
Caribbean,-68.32,12.16,2021-2040,580.0,1997.0,54.0,475.0,737.0,287.0,1803.0,894.0,1106.0,346.0,358.0,1544.0,1175.0,560.0,851.0,54.0,1997.0
Caribbean,-68.3,12.16,2021-2040,543.0,2000.0,56.0,474.0,740.0,286.0,1801.0,894.0,1092.0,346.0,356.0,1553.0,1177.0,563.0,849.0,56.0,2000.0
Caribbean,-68.29,12.16,2021-2040,542.0,2000.0,56.0,474.0,743.0,286.0,1801.0,895.0,1095.0,345.0,355.0,1559.0,1179.0,564.0,850.0,56.0,2000.0
Caribbean,-68.28,12.16,2021-2040,541.0,2004.0,58.0,474.0,781.0,286.0,1801.0,893.0,1094.0,346.0,356.0,1569.0,1181.0,564.0,853.0,58.0,2004.0
Caribbean,-68.2,12.16,2021-2040,491.0,2001.0,62.0,439.0,800.0,289.0,1814.0,907.0,1129.0,355.0,353.0,1615.0,1197.0,600.0,861.0,62.0,2001.0
Caribbean,-68.32,12.17,2021-2040,579.0,1997.0,55.0,475.0,739.0,286.0,1820.0,896.0,1087.0,342.0,356.0,1546.0,1174.0,558.0,851.0,55.0,1997.0
Caribbean,-68.31,12.17,2021-2040,581.0,1997.0,55.0,475.0,740.0,286.0,1806.0,895.0,1089.0,343.0,356.0,1550.0,1174.0,558.0,850.0,55.0,1997.0
Caribbean,-68.3,12.17,2021-2040,578.0,1997.0,55.0,475.0,741.0,286.0,1805.0,895.0,1088.0,344.0,355.0,1553.0,1175.0,561.0,851.0,55.0,1997.0
Caribbean,-68.29,12.17,2021-2040,542.0,1998.0,58.0,475.0,744.0,286.0,1804.0,895.0,1086.0,344.0,355.0,1559.0,1177.0,562.0,849.0,58.0,1998.0
Caribbean,-68.21,12.17,2021-2040,493.0,2001.0,62.0,442.0,797.0,287.0,1818.0,908.0,1127.0,355.0,352.0,1613.0,1194.0,594.0,860.0,62.0,2001.0
Caribbean,-68.2,12.17,2021-2040,491.0,2001.0,62.0,439.0,797.0,287.0,1820.0,907.0,1127.0,355.0,345.0,1617.0,1195.0,596.0,860.0,62.0,2001.0
Caribbean,-68.3,12.18,2021-2040,578.0,1992.0,55.0,475.0,742.0,286.0,1808.0,895.0,1087.0,342.0,355.0,1554.0,1174.0,560.0,850.0,55.0,1992.0
Caribbean,-68.29,12.18,2021-2040,542.0,1994.0,57.0,475.0,780.0,284.0,1808.0,896.0,1087.0,343.0,355.0,1562.0,1174.0,560.0,851.0,57.0,1994.0
Caribbean,-68.21,12.18,2021-2040,495.0,2002.0,64.0,442.0,796.0,286.0,1821.0,908.0,1114.0,356.0,343.0,1616.0,1194.0,591.0,859.0,64.0,2002.0
Caribbean,-68.3,12.19,2021-2040,542.0,1993.0,57.0,476.0,777.0,284.0,1806.0,896.0,1085.0,343.0,354.0,1557.0,1173.0,560.0,850.0,57.0,1993.0
Caribbean,-68.21,12.19,2021-2040,494.0,1998.0,64.0,442.0,793.0,285.0,1823.0,907.0,1110.0,355.0,341.0,1611.0,1194.0,590.0,858.0,64.0,1998.0
Caribbean,-68.2,12.19,2021-2040,494.0,1998.0,64.0,442.0,795.0,286.0,1825.0,908.0,1114.0,356.0,340.0,1617.0,1194.0,591.0,859.0,64.0,1998.0
Caribbean,-68.32,12.2,2021-2040,579.0,1997.0,55.0,478.0,742.0,285.0,1830.0,899.0,1081.0,345.0,354.0,1548.0,1173.0,558.0,852.0,55.0,1997.0
Caribbean,-68.31,12.2,2021-2040,579.0,1995.0,57.0,478.0,743.0,284.0,1829.0,898.0,1082.0,345.0,354.0,1554.0,1173.0,558.0,852.0,57.0,1995.0
Caribbean,-68.3,12.2,2021-2040,544.0,1997.0,57.0,477.0,780.0,284.0,1812.0,897.0,1085.0,346.0,354.0,1556.0,1172.0,559.0,851.0,57.0,1997.0
Caribbean,-68.21,12.2,2021-2040,494.0,1959.0,65.0,443.0,792.0,285.0,1826.0,907.0,1103.0,352.0,340.0,1615.0,1190.0,588.0,854.0,65.0,1959.0
Caribbean,-68.2,12.2,2021-2040,493.0,1959.0,65.0,440.0,793.0,285.0,1826.0,908.0,1135.0,353.0,339.0,1620.0,1194.0,591.0,857.0,65.0,1959.0
Caribbean,-68.34,12.21,2021-2040,584.0,1993.0,54.0,490.0,741.0,285.0,1831.0,899.0,1077.0,502.0,353.0,1537.0,1173.0,557.0,863.0,54.0,1993.0
Caribbean,-68.33,12.21,2021-2040,580.0,1991.0,54.0,488.0,743.0,283.0,1831.0,900.0,1077.0,502.0,354.0,1548.0,1172.0,557.0,863.0,54.0,1991.0
Caribbean,-68.32,12.21,2021-2040,580.0,1991.0,56.0,480.0,780.0,283.0,1832.0,899.0,1076.0,501.0,354.0,1552.0,1172.0,558.0,865.0,56.0,1991.0
Caribbean,-68.31,12.21,2021-2040,581.0,1992.0,56.0,480.0,780.0,282.0,1817.0,899.0,1081.0,344.0,352.0,1554.0,1170.0,557.0,853.0,56.0,1992.0
Caribbean,-68.2,12.21,2021-2040,493.0,1961.0,64.0,440.0,791.0,281.0,1830.0,909.0,1133.0,352.0,337.0,1620.0,1190.0,591.0,857.0,64.0,1961.0
Caribbean,-68.19,12.21,2021-2040,489.0,1964.0,65.0,441.0,788.0,282.0,1830.0,908.0,1139.0,352.0,338.0,1627.0,1190.0,591.0,857.0,65.0,1964.0
Caribbean,-68.41,12.22,2021-2040,587.0,1976.0,51.0,493.0,723.0,284.0,1826.0,898.0,1058.0,501.0,351.0,1499.0,1167.0,542.0,854.0,51.0,1976.0
Caribbean,-68.4,12.22,2021-2040,588.0,1979.0,51.0,493.0,733.0,283.0,1827.0,899.0,1061.0,502.0,351.0,1503.0,1166.0,548.0,856.0,51.0,1979.0
Caribbean,-68.39,12.22,2021-2040,589.0,1983.0,53.0,492.0,736.0,283.0,1827.0,898.0,1072.0,501.0,350.0,1515.0,1167.0,551.0,858.0,53.0,1983.0
Caribbean,-68.38,12.22,2021-2040,588.0,1987.0,53.0,492.0,737.0,284.0,1830.0,898.0,1074.0,502.0,350.0,1518.0,1169.0,552.0,860.0,53.0,1987.0
Caribbean,-68.37,12.22,2021-2040,589.0,1989.0,53.0,491.0,740.0,285.0,1832.0,900.0,1074.0,502.0,350.0,1526.0,1172.0,555.0,861.0,53.0,1989.0
Caribbean,-68.36,12.22,2021-2040,585.0,1989.0,53.0,490.0,741.0,285.0,1831.0,900.0,1076.0,502.0,350.0,1531.0,1172.0,555.0,861.0,53.0,1989.0
Caribbean,-68.35,12.22,2021-2040,585.0,1990.0,54.0,490.0,741.0,285.0,1834.0,901.0,1076.0,502.0,352.0,1538.0,1174.0,556.0,863.0,54.0,1990.0
Caribbean,-68.34,12.22,2021-2040,585.0,1991.0,54.0,490.0,744.0,286.0,1831.0,900.0,1077.0,502.0,351.0,1548.0,1172.0,557.0,863.0,54.0,1991.0
Caribbean,-68.23,12.22,2021-2040,496.0,1944.0,60.0,441.0,784.0,281.0,1822.0,905.0,1095.0,349.0,337.0,1608.0,1180.0,580.0,849.0,60.0,1944.0
Caribbean,-68.22,12.22,2021-2040,495.0,1950.0,64.0,442.0,786.0,281.0,1823.0,906.0,1124.0,350.0,337.0,1609.0,1179.0,583.0,852.0,64.0,1950.0
Caribbean,-68.21,12.22,2021-2040,494.0,1957.0,63.0,442.0,791.0,282.0,1828.0,910.0,1131.0,351.0,338.0,1620.0,1182.0,584.0,855.0,63.0,1957.0
Caribbean,-68.2,12.22,2021-2040,494.0,1962.0,63.0,440.0,751.0,282.0,1829.0,910.0,1136.0,351.0,338.0,1623.0,1188.0,590.0,854.0,63.0,1962.0
Caribbean,-68.19,12.22,2021-2040,493.0,1968.0,63.0,441.0,750.0,284.0,1831.0,910.0,1139.0,351.0,338.0,1629.0,1187.0,595.0,856.0,63.0,1968.0
Caribbean,-68.41,12.23,2021-2040,590.0,1974.0,51.0,495.0,724.0,283.0,1825.0,899.0,1057.0,501.0,350.0,1502.0,1165.0,538.0,854.0,51.0,1974.0
Caribbean,-68.28,12.23,2021-2040,538.0,1969.0,59.0,478.0,779.0,284.0,1821.0,900.0,1082.0,346.0,338.0,1576.0,1172.0,562.0,850.0,59.0,1969.0
Caribbean,-68.27,12.23,2021-2040,536.0,1969.0,59.0,447.0,779.0,284.0,1822.0,902.0,1082.0,347.0,338.0,1585.0,1172.0,563.0,849.0,59.0,1969.0
Caribbean,-68.26,12.23,2021-2040,529.0,1938.0,59.0,448.0,780.0,283.0,1820.0,903.0,1082.0,347.0,338.0,1591.0,1174.0,563.0,847.0,59.0,1938.0
Caribbean,-68.25,12.23,2021-2040,495.0,1933.0,60.0,446.0,782.0,283.0,1820.0,903.0,1085.0,347.0,337.0,1595.0,1176.0,572.0,845.0,60.0,1933.0
Caribbean,-68.24,12.23,2021-2040,496.0,1938.0,60.0,445.0,783.0,282.0,1822.0,904.0,1086.0,347.0,338.0,1604.0,1176.0,573.0,847.0,60.0,1938.0
Caribbean,-68.23,12.23,2021-2040,496.0,1945.0,60.0,443.0,783.0,282.0,1823.0,905.0,1118.0,348.0,338.0,1609.0,1179.0,577.0,850.0,60.0,1945.0
Caribbean,-68.22,12.23,2021-2040,494.0,1948.0,60.0,443.0,746.0,281.0,1827.0,905.0,1124.0,348.0,337.0,1614.0,1178.0,585.0,849.0,60.0,1948.0
Caribbean,-68.21,12.23,2021-2040,494.0,1951.0,60.0,443.0,748.0,282.0,1829.0,910.0,1129.0,350.0,337.0,1621.0,1179.0,589.0,852.0,60.0,1951.0
Caribbean,-68.2,12.23,2021-2040,494.0,1957.0,61.0,441.0,749.0,282.0,1831.0,910.0,1134.0,351.0,337.0,1626.0,1187.0,593.0,854.0,61.0,1957.0
Caribbean,-68.41,12.24,2021-2040,589.0,1972.0,52.0,495.0,726.0,283.0,1827.0,902.0,1058.0,499.0,348.0,1502.0,1164.0,537.0,854.0,52.0,1972.0
Caribbean,-68.29,12.24,2021-2040,539.0,1967.0,59.0,479.0,780.0,284.0,1823.0,901.0,1079.0,505.0,337.0,1577.0,1169.0,561.0,861.0,59.0,1967.0
Caribbean,-68.28,12.24,2021-2040,538.0,1935.0,59.0,449.0,778.0,284.0,1821.0,902.0,1079.0,346.0,336.0,1584.0,1172.0,562.0,846.0,59.0,1935.0
Caribbean,-68.27,12.24,2021-2040,533.0,1937.0,59.0,447.0,780.0,284.0,1824.0,902.0,1081.0,347.0,338.0,1589.0,1169.0,563.0,847.0,59.0,1937.0
Caribbean,-68.26,12.24,2021-2040,528.0,1933.0,59.0,447.0,782.0,284.0,1823.0,903.0,1082.0,347.0,338.0,1595.0,1174.0,564.0,847.0,59.0,1933.0
Caribbean,-68.42,12.25,2021-2040,588.0,1970.0,52.0,495.0,727.0,283.0,1830.0,902.0,1055.0,501.0,348.0,1498.0,1162.0,537.0,853.0,52.0,1970.0
Caribbean,-68.41,12.25,2021-2040,588.0,1971.0,52.0,494.0,727.0,283.0,1829.0,902.0,1057.0,500.0,347.0,1504.0,1160.0,537.0,854.0,52.0,1971.0
Caribbean,-68.31,12.25,2021-2040,542.0,1970.0,59.0,481.0,747.0,285.0,1826.0,901.0,1078.0,504.0,338.0,1575.0,1165.0,561.0,859.0,59.0,1970.0
Caribbean,-68.3,12.25,2021-2040,540.0,1937.0,59.0,480.0,783.0,284.0,1826.0,901.0,1078.0,505.0,336.0,1580.0,1166.0,561.0,860.0,59.0,1937.0
Caribbean,-68.29,12.25,2021-2040,539.0,1938.0,59.0,479.0,781.0,284.0,1825.0,901.0,1079.0,505.0,337.0,1585.0,1166.0,561.0,860.0,59.0,1938.0
Caribbean,-68.28,12.25,2021-2040,537.0,1938.0,59.0,449.0,780.0,284.0,1826.0,902.0,1078.0,346.0,337.0,1592.0,1170.0,562.0,847.0,59.0,1938.0
Caribbean,-68.42,12.26,2021-2040,583.0,1970.0,52.0,495.0,727.0,283.0,1833.0,903.0,1054.0,501.0,345.0,1500.0,1158.0,537.0,853.0,52.0,1970.0
Caribbean,-68.41,12.26,2021-2040,588.0,1968.0,52.0,494.0,730.0,283.0,1833.0,903.0,1054.0,500.0,338.0,1508.0,1160.0,536.0,853.0,52.0,1968.0
Caribbean,-68.33,12.26,2021-2040,548.0,1969.0,56.0,483.0,746.0,285.0,1829.0,903.0,1077.0,505.0,336.0,1568.0,1167.0,561.0,860.0,56.0,1969.0
Caribbean,-68.32,12.26,2021-2040,548.0,1941.0,58.0,481.0,746.0,285.0,1828.0,902.0,1078.0,506.0,334.0,1577.0,1167.0,562.0,858.0,58.0,1941.0
Caribbean,-68.31,12.26,2021-2040,544.0,1940.0,58.0,481.0,746.0,285.0,1829.0,902.0,1078.0,505.0,335.0,1584.0,1167.0,562.0,858.0,58.0,1940.0
Caribbean,-68.42,12.27,2021-2040,553.0,1970.0,52.0,495.0,730.0,283.0,1834.0,905.0,1055.0,502.0,336.0,1505.0,1158.0,537.0,851.0,52.0,1970.0
Caribbean,-68.41,12.27,2021-2040,553.0,1970.0,52.0,495.0,730.0,283.0,1835.0,906.0,1056.0,501.0,335.0,1514.0,1159.0,537.0,852.0,52.0,1970.0
Caribbean,-68.34,12.27,2021-2040,550.0,1970.0,56.0,489.0,746.0,285.0,1834.0,908.0,1074.0,507.0,334.0,1571.0,1166.0,561.0,861.0,56.0,1970.0
Caribbean,-68.33,12.27,2021-2040,549.0,1944.0,58.0,483.0,746.0,286.0,1835.0,908.0,1077.0,506.0,335.0,1579.0,1166.0,561.0,860.0,58.0,1944.0
Caribbean,-68.32,12.27,2021-2040,548.0,1946.0,58.0,481.0,747.0,286.0,1831.0,906.0,1077.0,506.0,335.0,1588.0,1170.0,563.0,860.0,58.0,1946.0
Caribbean,-68.42,12.28,2021-2040,551.0,1969.0,52.0,496.0,779.0,284.0,1840.0,907.0,1053.0,502.0,335.0,1506.0,1158.0,539.0,855.0,52.0,1969.0
Caribbean,-68.41,12.28,2021-2040,553.0,1969.0,52.0,495.0,740.0,284.0,1840.0,907.0,1052.0,502.0,334.0,1518.0,1160.0,539.0,853.0,52.0,1969.0
Caribbean,-68.35,12.28,2021-2040,552.0,1992.0,58.0,492.0,746.0,285.0,1836.0,910.0,1074.0,506.0,334.0,1569.0,1164.0,559.0,863.0,58.0,1992.0
Caribbean,-68.34,12.28,2021-2040,548.0,1998.0,58.0,489.0,748.0,286.0,1838.0,909.0,1076.0,507.0,334.0,1581.0,1166.0,569.0,865.0,58.0,1998.0
Caribbean,-68.42,12.29,2021-2040,550.0,1972.0,52.0,496.0,781.0,284.0,1845.0,908.0,1049.0,504.0,334.0,1515.0,1160.0,542.0,857.0,52.0,1972.0
Caribbean,-68.41,12.29,2021-2040,551.0,1974.0,52.0,495.0,781.0,285.0,1830.0,909.0,1052.0,505.0,335.0,1521.0,1160.0,542.0,857.0,52.0,1974.0
Caribbean,-68.36,12.29,2021-2040,552.0,1963.0,54.0,493.0,747.0,285.0,1838.0,911.0,1072.0,508.0,333.0,1566.0,1162.0,565.0,861.0,54.0,1963.0
Caribbean,-68.35,12.29,2021-2040,551.0,1965.0,58.0,492.0,748.0,287.0,1838.0,909.0,1075.0,509.0,333.0,1575.0,1162.0,568.0,862.0,58.0,1965.0
Caribbean,-68.41,12.3,2021-2040,551.0,1947.0,52.0,495.0,781.0,285.0,1832.0,909.0,1053.0,506.0,332.0,1526.0,1157.0,551.0,856.0,52.0,1947.0
Caribbean,-68.4,12.3,2021-2040,551.0,1983.0,52.0,494.0,742.0,285.0,1834.0,909.0,1055.0,506.0,332.0,1534.0,1155.0,552.0,856.0,52.0,1983.0
Caribbean,-68.37,12.3,2021-2040,552.0,1965.0,54.0,493.0,747.0,285.0,1842.0,912.0,1067.0,506.0,333.0,1562.0,1161.0,564.0,860.0,54.0,1965.0
Caribbean,-68.36,12.3,2021-2040,552.0,1967.0,56.0,493.0,749.0,287.0,1843.0,912.0,1070.0,509.0,333.0,1571.0,1162.0,566.0,862.0,56.0,1967.0
Caribbean,-68.35,12.3,2021-2040,549.0,1966.0,56.0,491.0,750.0,287.0,1843.0,911.0,1076.0,511.0,333.0,1579.0,1167.0,568.0,863.0,56.0,1966.0
Caribbean,-68.4,12.31,2021-2040,550.0,1954.0,52.0,494.0,786.0,285.0,1836.0,911.0,1054.0,506.0,333.0,1540.0,1155.0,553.0,858.0,52.0,1954.0
Caribbean,-68.39,12.31,2021-2040,550.0,1958.0,54.0,494.0,745.0,285.0,1839.0,911.0,1059.0,507.0,333.0,1552.0,1156.0,557.0,857.0,54.0,1958.0
Caribbean,-68.38,12.31,2021-2040,550.0,1962.0,54.0,494.0,747.0,285.0,1842.0,911.0,1062.0,507.0,333.0,1560.0,1159.0,559.0,859.0,54.0,1962.0
Caribbean,-68.37,12.31,2021-2040,550.0,1966.0,56.0,493.0,748.0,286.0,1846.0,914.0,1066.0,509.0,333.0,1569.0,1162.0,566.0,862.0,56.0,1966.0
Caribbean,-68.36,12.31,2021-2040,549.0,1965.0,56.0,494.0,749.0,287.0,1848.0,913.0,1073.0,511.0,333.0,1575.0,1163.0,568.0,863.0,56.0,1965.0
Caribbean,-68.25,12.02,2041-2060,1925.0,3058.0,798.0,2182.0,2244.0,1716.0,3299.0,2600.0,2713.0,2077.0,1095.0,3056.0,2114.0,1620.0,2178.0,798.0,3299.0
Caribbean,-68.24,12.02,2041-2060,1921.0,3061.0,800.0,2182.0,2249.0,1714.0,3298.0,2600.0,2717.0,2078.0,1096.0,3061.0,2113.0,1623.0,2180.0,800.0,3298.0
Caribbean,-68.26,12.03,2041-2060,1928.0,3058.0,793.0,2189.0,2247.0,1713.0,3301.0,2604.0,2710.0,2084.0,1094.0,3055.0,2114.0,1621.0,2179.0,793.0,3301.0
Caribbean,-68.25,12.03,2041-2060,1926.0,3059.0,793.0,2187.0,2249.0,1713.0,3301.0,2603.0,2713.0,2083.0,1094.0,3068.0,2115.0,1624.0,2181.0,793.0,3301.0
Caribbean,-68.24,12.03,2041-2060,1922.0,3061.0,794.0,2185.0,2256.0,1712.0,3302.0,2603.0,2719.0,1778.0,1096.0,3071.0,2112.0,1623.0,2160.0,794.0,3302.0
Caribbean,-68.23,12.03,2041-2060,1921.0,3064.0,815.0,2184.0,2257.0,1711.0,3303.0,2602.0,2734.0,1776.0,1096.0,3072.0,2113.0,1625.0,2162.0,815.0,3303.0
Caribbean,-68.27,12.04,2041-2060,1930.0,3059.0,793.0,2193.0,2249.0,1715.0,3300.0,2607.0,2703.0,2091.0,1095.0,3055.0,2114.0,1617.0,2180.0,793.0,3300.0
Caribbean,-68.26,12.04,2041-2060,1932.0,3058.0,793.0,2194.0,2251.0,1713.0,3303.0,2606.0,2717.0,1788.0,1095.0,3063.0,2114.0,1623.0,2161.0,793.0,3303.0
Caribbean,-68.23,12.04,2041-2060,1926.0,3068.0,810.0,2190.0,2263.0,1705.0,3309.0,2605.0,2738.0,1783.0,1097.0,3089.0,2114.0,1626.0,2166.0,810.0,3309.0
Caribbean,-68.22,12.04,2041-2060,1926.0,3069.0,811.0,2185.0,2266.0,1702.0,3311.0,2604.0,2736.0,1779.0,1096.0,3093.0,2115.0,1628.0,2166.0,811.0,3311.0
Caribbean,-68.28,12.05,2041-2060,1939.0,3061.0,794.0,2208.0,2250.0,1716.0,3301.0,2612.0,2713.0,1798.0,1095.0,3059.0,2110.0,1621.0,2163.0,794.0,3301.0
Caribbean,-68.27,12.05,2041-2060,1936.0,3058.0,793.0,2202.0,2254.0,1712.0,3303.0,2609.0,2716.0,1796.0,1096.0,3072.0,2114.0,1623.0,2163.0,793.0,3303.0
Caribbean,-68.22,12.05,2041-2060,1928.0,3073.0,789.0,2191.0,2274.0,1699.0,3314.0,2609.0,2739.0,1788.0,1097.0,3103.0,2117.0,1630.0,2168.0,789.0,3314.0
Caribbean,-68.28,12.06,2041-2060,1943.0,3063.0,791.0,2212.0,2255.0,1711.0,3306.0,2612.0,2718.0,1810.0,1098.0,3077.0,2111.0,1624.0,2167.0,791.0,3306.0
Caribbean,-68.23,12.06,2041-2060,1934.0,3075.0,789.0,2200.0,2280.0,1701.0,3315.0,2613.0,2739.0,1800.0,1097.0,3110.0,2117.0,1629.0,2171.0,789.0,3315.0
Caribbean,-68.22,12.06,2041-2060,1928.0,3078.0,790.0,2199.0,2280.0,1698.0,3316.0,2615.0,2739.0,1798.0,1055.0,3117.0,2116.0,1630.0,2169.0,790.0,3316.0
Caribbean,-68.28,12.07,2041-2060,1947.0,3071.0,789.0,2217.0,2263.0,1707.0,3311.0,2615.0,2725.0,1815.0,1099.0,3089.0,2113.0,1625.0,2170.0,789.0,3311.0
Caribbean,-68.23,12.07,2041-2060,1935.0,3078.0,788.0,2209.0,2313.0,1702.0,3321.0,2617.0,2744.0,1806.0,1101.0,3116.0,2115.0,1634.0,2177.0,788.0,3321.0
Caribbean,-68.22,12.07,2041-2060,1929.0,3079.0,791.0,2207.0,2317.0,1699.0,3320.0,2616.0,2744.0,1802.0,1056.0,3122.0,2116.0,1633.0,2174.0,791.0,3320.0
Caribbean,-68.28,12.08,2041-2060,1949.0,3077.0,789.0,2221.0,2271.0,1706.0,3316.0,2618.0,2726.0,1821.0,1102.0,3102.0,2113.0,1626.0,2174.0,789.0,3316.0
Caribbean,-68.23,12.08,2041-2060,1936.0,3080.0,789.0,2214.0,2317.0,1699.0,3329.0,2621.0,2741.0,1813.0,1058.0,3128.0,2114.0,1634.0,2177.0,789.0,3329.0
Caribbean,-68.29,12.09,2041-2060,1949.0,3074.0,760.0,2229.0,2267.0,1706.0,3321.0,2621.0,2720.0,1831.0,1103.0,3104.0,2111.0,1626.0,2173.0,760.0,3321.0
Caribbean,-68.28,12.09,2041-2060,1950.0,3076.0,762.0,2232.0,2274.0,1705.0,3320.0,2621.0,2727.0,1829.0,1104.0,3107.0,2112.0,1627.0,2175.0,762.0,3320.0
Caribbean,-68.23,12.09,2041-2060,1940.0,3082.0,760.0,2220.0,2323.0,1699.0,3331.0,2625.0,2744.0,1821.0,1058.0,3141.0,2119.0,1635.0,2178.0,760.0,3331.0
Caribbean,-68.29,12.1,2041-2060,1952.0,3074.0,762.0,2235.0,2270.0,1702.0,3321.0,2625.0,2721.0,1836.0,1120.0,3111.0,2110.0,1628.0,2176.0,762.0,3321.0
Caribbean,-68.28,12.1,2041-2060,1951.0,3075.0,761.0,2235.0,2276.0,1701.0,3323.0,2623.0,2725.0,1838.0,1117.0,3116.0,2112.0,1630.0,2177.0,761.0,3323.0
Caribbean,-68.24,12.1,2041-2060,1947.0,3083.0,758.0,2228.0,2326.0,1700.0,3329.0,2625.0,2753.0,1828.0,1103.0,3148.0,2120.0,1637.0,2185.0,758.0,3329.0
Caribbean,-68.23,12.1,2041-2060,1942.0,3083.0,756.0,2227.0,2326.0,1696.0,3335.0,2624.0,2754.0,1828.0,1061.0,3152.0,2117.0,1637.0,2181.0,756.0,3335.0
Caribbean,-68.22,12.1,2041-2060,1937.0,3082.0,756.0,2220.0,2327.0,1691.0,3331.0,2624.0,2755.0,1824.0,1058.0,3154.0,2117.0,1636.0,2179.0,756.0,3331.0
Caribbean,-68.21,12.1,2041-2060,1926.0,3082.0,757.0,2219.0,2326.0,1686.0,3331.0,2624.0,2755.0,1821.0,1056.0,3156.0,2115.0,1636.0,2178.0,757.0,3331.0
Caribbean,-68.3,12.11,2041-2060,1955.0,3071.0,759.0,2232.0,2271.0,1698.0,3319.0,2629.0,2719.0,1850.0,1122.0,3108.0,2106.0,1629.0,2176.0,759.0,3319.0
Caribbean,-68.29,12.11,2041-2060,1954.0,3071.0,758.0,2234.0,2273.0,1697.0,3322.0,2628.0,2721.0,1848.0,1122.0,3118.0,2107.0,1631.0,2177.0,758.0,3322.0
Caribbean,-68.21,12.11,2041-2060,1932.0,3084.0,756.0,2219.0,2329.0,1673.0,3333.0,2621.0,2751.0,1827.0,1056.0,3164.0,2109.0,1636.0,2178.0,756.0,3333.0
Caribbean,-68.2,12.11,2041-2060,1928.0,3081.0,754.0,2217.0,2328.0,1670.0,3329.0,2621.0,2752.0,1822.0,1054.0,3166.0,2106.0,1636.0,2176.0,754.0,3329.0
Caribbean,-68.3,12.12,2041-2060,1955.0,3074.0,755.0,2233.0,2272.0,1696.0,3321.0,2630.0,2733.0,1857.0,1122.0,3116.0,2099.0,1627.0,2178.0,755.0,3321.0
Caribbean,-68.29,12.12,2041-2060,1954.0,3076.0,757.0,2234.0,2274.0,1694.0,3324.0,2628.0,2735.0,1853.0,1123.0,3122.0,2104.0,1631.0,2179.0,757.0,3324.0
Caribbean,-68.2,12.12,2041-2060,1932.0,3086.0,753.0,2220.0,2330.0,1667.0,3333.0,2622.0,2752.0,1833.0,1055.0,3177.0,2104.0,1637.0,2179.0,753.0,3333.0
Caribbean,-68.19,12.12,2041-2060,1927.0,3086.0,752.0,2213.0,2327.0,1623.0,3333.0,2622.0,2752.0,1828.0,1053.0,3180.0,2102.0,1637.0,2174.0,752.0,3333.0
Caribbean,-68.29,12.13,2041-2060,1952.0,3076.0,756.0,2236.0,2275.0,1691.0,3323.0,2627.0,2731.0,1861.0,1123.0,3130.0,2097.0,1626.0,2179.0,756.0,3323.0
Caribbean,-68.28,12.13,2041-2060,1952.0,3077.0,757.0,2237.0,2280.0,1691.0,3329.0,2632.0,2738.0,1862.0,1123.0,3145.0,2099.0,1631.0,2182.0,757.0,3329.0
Caribbean,-68.2,12.13,2041-2060,1934.0,3088.0,752.0,2222.0,2332.0,1667.0,3336.0,2626.0,2753.0,1843.0,1054.0,3188.0,2103.0,1639.0,2181.0,752.0,3336.0
Caribbean,-68.19,12.13,2041-2060,1929.0,3086.0,754.0,2219.0,2334.0,1621.0,3336.0,2625.0,2753.0,1841.0,1052.0,3188.0,2101.0,1638.0,2177.0,754.0,3336.0
Caribbean,-68.31,12.14,2041-2060,1955.0,3074.0,758.0,2239.0,2267.0,1690.0,3319.0,2628.0,2726.0,1869.0,1125.0,3124.0,2092.0,1623.0,2178.0,758.0,3319.0
Caribbean,-68.3,12.14,2041-2060,1954.0,3075.0,755.0,2239.0,2273.0,1688.0,3321.0,2628.0,2730.0,1868.0,1125.0,3131.0,2093.0,1625.0,2179.0,755.0,3321.0
Caribbean,-68.28,12.14,2041-2060,1950.0,3077.0,756.0,2239.0,2279.0,1636.0,3327.0,2628.0,2730.0,1865.0,1126.0,3155.0,2093.0,1629.0,2178.0,756.0,3327.0
Caribbean,-68.2,12.14,2041-2060,1935.0,3088.0,752.0,2230.0,2335.0,1622.0,3340.0,2628.0,2754.0,1849.0,1054.0,3194.0,2103.0,1640.0,2180.0,752.0,3340.0
Caribbean,-68.19,12.14,2041-2060,1931.0,3089.0,751.0,2223.0,2334.0,1620.0,3339.0,2627.0,2752.0,1846.0,1052.0,3198.0,2094.0,1640.0,2178.0,751.0,3339.0
Caribbean,-68.33,12.15,2041-2060,1955.0,3066.0,756.0,2285.0,2262.0,1690.0,3316.0,2631.0,2720.0,1875.0,1123.0,3119.0,2079.0,1620.0,2178.0,756.0,3316.0
Caribbean,-68.32,12.15,2041-2060,1955.0,3071.0,756.0,2281.0,2265.0,1689.0,3318.0,2631.0,2726.0,1876.0,1127.0,3124.0,2089.0,1621.0,2181.0,756.0,3318.0
Caribbean,-68.31,12.15,2041-2060,1955.0,3075.0,755.0,2242.0,2267.0,1689.0,3321.0,2631.0,2729.0,1877.0,1127.0,3132.0,2090.0,1624.0,2180.0,755.0,3321.0
Caribbean,-68.3,12.15,2041-2060,1956.0,3075.0,755.0,2243.0,2272.0,1636.0,3324.0,2629.0,2731.0,1876.0,1127.0,3147.0,2090.0,1623.0,2177.0,755.0,3324.0
Caribbean,-68.29,12.15,2041-2060,1956.0,3077.0,753.0,2240.0,2276.0,1634.0,3325.0,2627.0,2731.0,1873.0,1125.0,3155.0,2089.0,1624.0,2178.0,753.0,3325.0
Caribbean,-68.28,12.15,2041-2060,1952.0,3077.0,753.0,2240.0,2282.0,1631.0,3329.0,2627.0,2729.0,1871.0,1123.0,3160.0,2093.0,1627.0,2178.0,753.0,3329.0
Caribbean,-68.2,12.15,2041-2060,1937.0,3090.0,748.0,2236.0,2335.0,1620.0,3345.0,2631.0,2748.0,1857.0,1052.0,3202.0,2098.0,1642.0,2182.0,748.0,3345.0
Caribbean,-68.19,12.15,2041-2060,1933.0,3089.0,749.0,2232.0,2336.0,1618.0,3343.0,2630.0,2750.0,1857.0,1051.0,3204.0,2086.0,1642.0,2180.0,749.0,3343.0
Caribbean,-68.33,12.16,2041-2060,1958.0,3068.0,754.0,2287.0,2266.0,1688.0,3320.0,2631.0,2721.0,1879.0,1125.0,3126.0,2065.0,1618.0,2179.0,754.0,3320.0
Caribbean,-68.32,12.16,2041-2060,1959.0,3072.0,754.0,2288.0,2268.0,1637.0,3321.0,2631.0,2727.0,1879.0,1126.0,3136.0,2071.0,1622.0,2178.0,754.0,3321.0
Caribbean,-68.3,12.16,2041-2060,1958.0,3073.0,753.0,2247.0,2276.0,1634.0,3324.0,2632.0,2730.0,1880.0,1125.0,3154.0,2074.0,1625.0,2178.0,753.0,3324.0
Caribbean,-68.29,12.16,2041-2060,1958.0,3076.0,753.0,2244.0,2278.0,1633.0,3327.0,2629.0,2730.0,1880.0,1124.0,3162.0,2076.0,1626.0,2178.0,753.0,3327.0
Caribbean,-68.28,12.16,2041-2060,1956.0,3078.0,753.0,2246.0,2282.0,1630.0,3328.0,2627.0,2726.0,1878.0,1122.0,3171.0,2074.0,1626.0,2178.0,753.0,3328.0
Caribbean,-68.2,12.16,2041-2060,1937.0,3090.0,748.0,2239.0,2337.0,1614.0,3351.0,2634.0,2744.0,1867.0,1051.0,3211.0,2078.0,1642.0,2182.0,748.0,3351.0
Caribbean,-68.32,12.17,2041-2060,1962.0,3070.0,752.0,2293.0,2270.0,1633.0,3322.0,2633.0,2720.0,1884.0,1125.0,3152.0,2065.0,1626.0,2179.0,752.0,3322.0
Caribbean,-68.31,12.17,2041-2060,1964.0,3072.0,752.0,2289.0,2275.0,1631.0,3323.0,2634.0,2724.0,1885.0,1125.0,3164.0,2065.0,1626.0,2181.0,752.0,3323.0
Caribbean,-68.3,12.17,2041-2060,1961.0,3074.0,752.0,2286.0,2276.0,1631.0,3323.0,2634.0,2722.0,1883.0,1125.0,3167.0,2066.0,1626.0,2180.0,752.0,3323.0
Caribbean,-68.29,12.17,2041-2060,1957.0,3076.0,752.0,2252.0,2279.0,1626.0,3326.0,2632.0,2723.0,1883.0,1122.0,3173.0,2071.0,1628.0,2179.0,752.0,3326.0
Caribbean,-68.21,12.17,2041-2060,1942.0,3093.0,747.0,2243.0,2334.0,1615.0,3354.0,2633.0,2743.0,1873.0,1053.0,3215.0,2078.0,1645.0,2183.0,747.0,3354.0
Caribbean,-68.2,12.17,2041-2060,1938.0,3094.0,747.0,2243.0,2335.0,1613.0,3354.0,2635.0,2741.0,1871.0,1050.0,3221.0,2072.0,1642.0,2183.0,747.0,3354.0
Caribbean,-68.3,12.18,2041-2060,1964.0,3074.0,751.0,2295.0,2279.0,1627.0,3330.0,2635.0,2718.0,1891.0,1124.0,3175.0,2066.0,1627.0,2183.0,751.0,3330.0
Caribbean,-68.29,12.18,2041-2060,1960.0,3077.0,751.0,2253.0,2282.0,1625.0,3329.0,2632.0,2719.0,1891.0,1122.0,3180.0,2069.0,1628.0,2180.0,751.0,3329.0
Caribbean,-68.21,12.18,2041-2060,1943.0,3093.0,743.0,2247.0,2333.0,1611.0,3358.0,2638.0,2739.0,1880.0,1052.0,3225.0,2071.0,1644.0,2184.0,743.0,3358.0
Caribbean,-68.3,12.19,2041-2060,1962.0,3077.0,750.0,2296.0,2284.0,1624.0,3328.0,2636.0,2709.0,1895.0,1123.0,3183.0,2069.0,1628.0,2183.0,750.0,3328.0
Caribbean,-68.21,12.19,2041-2060,1945.0,3101.0,740.0,2252.0,2334.0,1611.0,3358.0,2641.0,2736.0,1887.0,1044.0,3239.0,2066.0,1661.0,2187.0,740.0,3358.0
Caribbean,-68.2,12.19,2041-2060,1941.0,3100.0,739.0,2248.0,2335.0,1610.0,3360.0,2641.0,2736.0,1889.0,1043.0,3245.0,2071.0,1660.0,2187.0,739.0,3360.0
Caribbean,-68.32,12.2,2041-2060,1968.0,3076.0,750.0,2307.0,2279.0,1627.0,3324.0,2638.0,2711.0,1907.0,1122.0,3182.0,2067.0,1628.0,2185.0,750.0,3324.0
Caribbean,-68.31,12.2,2041-2060,1966.0,3079.0,749.0,2305.0,2282.0,1624.0,3324.0,2638.0,2709.0,1907.0,1121.0,3186.0,2069.0,1627.0,2185.0,749.0,3324.0
Caribbean,-68.3,12.2,2041-2060,1964.0,3082.0,747.0,2301.0,2283.0,1621.0,3330.0,2636.0,2711.0,1905.0,1120.0,3193.0,2068.0,1628.0,2185.0,747.0,3330.0
Caribbean,-68.21,12.2,2041-2060,1944.0,3103.0,740.0,2253.0,2333.0,1608.0,3363.0,2642.0,2734.0,1893.0,1055.0,3245.0,2069.0,1660.0,2189.0,740.0,3363.0
Caribbean,-68.2,12.2,2041-2060,1941.0,3104.0,740.0,2252.0,2332.0,1609.0,3363.0,2643.0,2734.0,1892.0,1042.0,3252.0,2070.0,1664.0,2188.0,740.0,3363.0
Caribbean,-68.34,12.21,2041-2060,1970.0,3074.0,748.0,2312.0,2275.0,1629.0,3323.0,2642.0,2703.0,2216.0,1119.0,3178.0,2066.0,1622.0,2206.0,748.0,3323.0
Caribbean,-68.33,12.21,2041-2060,1969.0,3079.0,747.0,2310.0,2281.0,1625.0,3322.0,2642.0,2705.0,2215.0,1120.0,3186.0,2069.0,1624.0,2207.0,747.0,3322.0
Caribbean,-68.32,12.21,2041-2060,1969.0,3081.0,747.0,2308.0,2282.0,1622.0,3323.0,2642.0,2706.0,2212.0,1121.0,3193.0,2069.0,1626.0,2207.0,747.0,3323.0
Caribbean,-68.31,12.21,2041-2060,1966.0,3082.0,745.0,2307.0,2284.0,1620.0,3332.0,2641.0,2706.0,1912.0,1121.0,3200.0,2068.0,1627.0,2187.0,745.0,3332.0
Caribbean,-68.2,12.21,2041-2060,1942.0,3102.0,739.0,2256.0,2334.0,1606.0,3367.0,2646.0,2733.0,1895.0,1056.0,3258.0,2069.0,1665.0,2191.0,739.0,3367.0
Caribbean,-68.19,12.21,2041-2060,1944.0,3106.0,737.0,2252.0,2334.0,1606.0,3365.0,2645.0,2734.0,1891.0,1041.0,3259.0,2069.0,1692.0,2191.0,737.0,3365.0
Caribbean,-68.41,12.22,2041-2060,1962.0,3057.0,748.0,2314.0,2255.0,1686.0,3307.0,2638.0,2649.0,2216.0,1117.0,3112.0,2053.0,1606.0,2194.0,748.0,3307.0
Caribbean,-68.4,12.22,2041-2060,1964.0,3062.0,747.0,2316.0,2258.0,1635.0,3307.0,2640.0,2653.0,2218.0,1116.0,3126.0,2055.0,1609.0,2193.0,747.0,3307.0
Caribbean,-68.39,12.22,2041-2060,1967.0,3065.0,747.0,2320.0,2260.0,1633.0,3310.0,2641.0,2659.0,2220.0,1117.0,3143.0,2059.0,1613.0,2197.0,747.0,3310.0
Caribbean,-68.38,12.22,2041-2060,1967.0,3067.0,750.0,2322.0,2265.0,1632.0,3315.0,2643.0,2665.0,2219.0,1117.0,3156.0,2061.0,1614.0,2200.0,750.0,3315.0
Caribbean,-68.37,12.22,2041-2060,1972.0,3071.0,749.0,2321.0,2270.0,1631.0,3318.0,2643.0,2669.0,2221.0,1117.0,3162.0,2066.0,1619.0,2202.0,749.0,3318.0
Caribbean,-68.36,12.22,2041-2060,1972.0,3074.0,748.0,2316.0,2272.0,1631.0,3320.0,2643.0,2684.0,2219.0,1118.0,3170.0,2067.0,1621.0,2204.0,748.0,3320.0
Caribbean,-68.35,12.22,2041-2060,1974.0,3077.0,747.0,2317.0,2280.0,1630.0,3324.0,2643.0,2686.0,2216.0,1120.0,3179.0,2072.0,1622.0,2206.0,747.0,3324.0
Caribbean,-68.34,12.22,2041-2060,1974.0,3080.0,745.0,2315.0,2283.0,1629.0,3325.0,2643.0,2701.0,2216.0,1120.0,3187.0,2071.0,1623.0,2208.0,745.0,3325.0
Caribbean,-68.23,12.22,2041-2060,1947.0,3098.0,735.0,2256.0,2298.0,1604.0,3357.0,2643.0,2717.0,1898.0,1054.0,3243.0,2060.0,1660.0,2184.0,735.0,3357.0
Caribbean,-68.22,12.22,2041-2060,1945.0,3102.0,734.0,2257.0,2299.0,1607.0,3363.0,2645.0,2724.0,1896.0,1054.0,3247.0,2062.0,1661.0,2185.0,734.0,3363.0
Caribbean,-68.21,12.22,2041-2060,1943.0,3103.0,735.0,2255.0,2301.0,1607.0,3365.0,2646.0,2726.0,1897.0,1055.0,3257.0,2065.0,1689.0,2189.0,735.0,3365.0
Caribbean,-68.2,12.22,2041-2060,1944.0,3106.0,737.0,2255.0,2306.0,1607.0,3368.0,2648.0,2732.0,1894.0,1053.0,3262.0,2068.0,1691.0,2191.0,737.0,3368.0
Caribbean,-68.19,12.22,2041-2060,1943.0,3107.0,735.0,2253.0,2334.0,1606.0,3369.0,2647.0,2734.0,1892.0,1052.0,3267.0,2068.0,1696.0,2193.0,735.0,3369.0
Caribbean,-68.41,12.23,2041-2060,1965.0,3060.0,744.0,2319.0,2255.0,1687.0,3309.0,2638.0,2648.0,2218.0,1117.0,3122.0,2052.0,1604.0,2196.0,744.0,3309.0
Caribbean,-68.28,12.23,2041-2060,1961.0,3089.0,735.0,2306.0,2285.0,1611.0,3345.0,2642.0,2694.0,1910.0,1070.0,3222.0,2060.0,1642.0,2184.0,735.0,3345.0
Caribbean,-68.27,12.23,2041-2060,1956.0,3091.0,735.0,2301.0,2286.0,1610.0,3345.0,2644.0,2695.0,1908.0,1067.0,3224.0,2059.0,1644.0,2183.0,735.0,3345.0
Caribbean,-68.26,12.23,2041-2060,1953.0,3093.0,736.0,2261.0,2288.0,1607.0,3346.0,2642.0,2698.0,1907.0,1065.0,3228.0,2062.0,1634.0,2180.0,736.0,3346.0
Caribbean,-68.25,12.23,2041-2060,1949.0,3094.0,735.0,2259.0,2289.0,1607.0,3348.0,2640.0,2707.0,1901.0,1055.0,3233.0,2061.0,1654.0,2181.0,735.0,3348.0
Caribbean,-68.24,12.23,2041-2060,1946.0,3095.0,735.0,2256.0,2293.0,1606.0,3354.0,2645.0,2707.0,1899.0,1054.0,3240.0,2057.0,1659.0,2182.0,735.0,3354.0
Caribbean,-68.23,12.23,2041-2060,1947.0,3100.0,735.0,2256.0,2295.0,1605.0,3356.0,2647.0,2709.0,1896.0,1054.0,3243.0,2059.0,1682.0,2185.0,735.0,3356.0
Caribbean,-68.22,12.23,2041-2060,1944.0,3101.0,735.0,2260.0,2295.0,1607.0,3364.0,2648.0,2717.0,1896.0,1053.0,3249.0,2061.0,1688.0,2187.0,735.0,3364.0
Caribbean,-68.21,12.23,2041-2060,1945.0,3104.0,735.0,2260.0,2300.0,1609.0,3369.0,2652.0,2723.0,1895.0,1053.0,3260.0,2065.0,1693.0,2190.0,735.0,3369.0
Caribbean,-68.2,12.23,2041-2060,1949.0,3105.0,735.0,2255.0,2298.0,1608.0,3368.0,2651.0,2725.0,1894.0,1052.0,3264.0,2068.0,1699.0,2191.0,735.0,3368.0
Caribbean,-68.41,12.24,2041-2060,1967.0,3064.0,742.0,2326.0,2257.0,1687.0,3312.0,2642.0,2650.0,2218.0,1113.0,3130.0,2052.0,1604.0,2197.0,742.0,3312.0
Caribbean,-68.29,12.24,2041-2060,1961.0,3088.0,735.0,2310.0,2286.0,1613.0,3346.0,2646.0,2691.0,2217.0,1071.0,3223.0,2060.0,1645.0,2207.0,735.0,3346.0
Caribbean,-68.28,12.24,2041-2060,1958.0,3089.0,733.0,2306.0,2285.0,1612.0,3346.0,2644.0,2692.0,1909.0,1066.0,3224.0,2061.0,1647.0,2184.0,733.0,3346.0
Caribbean,-68.27,12.24,2041-2060,1953.0,3089.0,733.0,2300.0,2286.0,1610.0,3347.0,2643.0,2691.0,1909.0,1059.0,3227.0,2057.0,1650.0,2182.0,733.0,3347.0
Caribbean,-68.26,12.24,2041-2060,1953.0,3091.0,732.0,2260.0,2286.0,1607.0,3349.0,2645.0,2697.0,1903.0,1058.0,3230.0,2058.0,1679.0,2182.0,732.0,3349.0
Caribbean,-68.42,12.25,2041-2060,1967.0,3064.0,739.0,2328.0,2256.0,1688.0,3313.0,2643.0,2641.0,2217.0,1070.0,3127.0,2051.0,1603.0,2193.0,739.0,3313.0
Caribbean,-68.41,12.25,2041-2060,1967.0,3065.0,739.0,2330.0,2262.0,1687.0,3313.0,2644.0,2645.0,2220.0,1114.0,3137.0,2052.0,1606.0,2199.0,739.0,3313.0
Caribbean,-68.31,12.25,2041-2060,1971.0,3088.0,734.0,2318.0,2287.0,1663.0,3348.0,2649.0,2679.0,2223.0,1074.0,3221.0,2065.0,1650.0,2212.0,734.0,3348.0
Caribbean,-68.3,12.25,2041-2060,1964.0,3088.0,733.0,2315.0,2287.0,1661.0,3347.0,2648.0,2682.0,2221.0,1071.0,3227.0,2063.0,1652.0,2211.0,733.0,3347.0
Caribbean,-68.29,12.25,2041-2060,1963.0,3091.0,733.0,2310.0,2286.0,1657.0,3347.0,2649.0,2687.0,2220.0,1067.0,3229.0,2063.0,1676.0,2213.0,733.0,3347.0
Caribbean,-68.28,12.25,2041-2060,1959.0,3092.0,733.0,2307.0,2286.0,1613.0,3347.0,2648.0,2684.0,1909.0,1057.0,3228.0,2060.0,1680.0,2186.0,733.0,3347.0
Caribbean,-68.42,12.26,2041-2060,1964.0,3066.0,734.0,2334.0,2262.0,1689.0,3318.0,2646.0,2641.0,2221.0,1070.0,3139.0,2050.0,1606.0,2196.0,734.0,3318.0
Caribbean,-68.41,12.26,2041-2060,1968.0,3070.0,733.0,2334.0,2265.0,1687.0,3318.0,2647.0,2646.0,2223.0,1072.0,3153.0,2051.0,1611.0,2198.0,733.0,3318.0
Caribbean,-68.33,12.26,2041-2060,1979.0,3090.0,734.0,2328.0,2290.0,1669.0,3350.0,2655.0,2677.0,2223.0,1075.0,3220.0,2071.0,1677.0,2217.0,734.0,3350.0
Caribbean,-68.32,12.26,2041-2060,1977.0,3092.0,733.0,2325.0,2290.0,1668.0,3352.0,2656.0,2677.0,2227.0,1072.0,3226.0,2068.0,1678.0,2217.0,733.0,3352.0
Caribbean,-68.31,12.26,2041-2060,1972.0,3094.0,732.0,2322.0,2288.0,1665.0,3353.0,2654.0,2681.0,2225.0,1070.0,3230.0,2066.0,1681.0,2217.0,732.0,3353.0
Caribbean,-68.42,12.27,2041-2060,1964.0,3071.0,733.0,2338.0,2264.0,1688.0,3322.0,2650.0,2640.0,2225.0,1071.0,3143.0,2049.0,1613.0,2198.0,733.0,3322.0
Caribbean,-68.41,12.27,2041-2060,1968.0,3072.0,732.0,2337.0,2269.0,1688.0,3321.0,2650.0,2642.0,2223.0,1072.0,3166.0,2053.0,1616.0,2201.0,732.0,3321.0
Caribbean,-68.34,12.27,2041-2060,1980.0,3089.0,733.0,2332.0,2290.0,1673.0,3353.0,2657.0,2678.0,2228.0,1073.0,3222.0,2072.0,1678.0,2218.0,733.0,3353.0
Caribbean,-68.33,12.27,2041-2060,1980.0,3094.0,734.0,2334.0,2289.0,1671.0,3357.0,2658.0,2680.0,2231.0,1072.0,3226.0,2069.0,1681.0,2220.0,734.0,3357.0
Caribbean,-68.32,12.27,2041-2060,1976.0,3096.0,733.0,2329.0,2289.0,1668.0,3357.0,2658.0,2682.0,2232.0,1070.0,3230.0,2070.0,1682.0,2219.0,733.0,3357.0
Caribbean,-68.42,12.28,2041-2060,1964.0,3073.0,731.0,2340.0,2268.0,1692.0,3326.0,2655.0,2636.0,2229.0,1065.0,3163.0,2049.0,1618.0,2201.0,731.0,3326.0
Caribbean,-68.41,12.28,2041-2060,1970.0,3074.0,730.0,2341.0,2272.0,1690.0,3331.0,2654.0,2639.0,2228.0,1068.0,3173.0,2053.0,1633.0,2204.0,730.0,3331.0
Caribbean,-68.35,12.28,2041-2060,1982.0,3090.0,733.0,2336.0,2289.0,1676.0,3354.0,2661.0,2673.0,2232.0,1070.0,3220.0,2069.0,1681.0,2219.0,733.0,3354.0
Caribbean,-68.34,12.28,2041-2060,1983.0,3094.0,732.0,2336.0,2290.0,1674.0,3355.0,2661.0,2677.0,2235.0,1069.0,3226.0,2070.0,1682.0,2220.0,732.0,3355.0
Caribbean,-68.42,12.29,2041-2060,1965.0,3073.0,731.0,2345.0,2269.0,1692.0,3334.0,2656.0,2633.0,2234.0,1062.0,3172.0,2047.0,1636.0,2204.0,731.0,3334.0
Caribbean,-68.41,12.29,2041-2060,1970.0,3077.0,729.0,2343.0,2278.0,1691.0,3340.0,2656.0,2636.0,2230.0,1063.0,3179.0,2052.0,1641.0,2206.0,729.0,3340.0
Caribbean,-68.36,12.29,2041-2060,1982.0,3091.0,730.0,2344.0,2289.0,1675.0,3355.0,2663.0,2670.0,2232.0,1065.0,3216.0,2067.0,1682.0,2219.0,730.0,3355.0
Caribbean,-68.35,12.29,2041-2060,1984.0,3092.0,730.0,2340.0,2290.0,1676.0,3358.0,2664.0,2674.0,2234.0,1060.0,3225.0,2068.0,1682.0,2220.0,730.0,3358.0
Caribbean,-68.41,12.3,2041-2060,1968.0,3077.0,725.0,2346.0,2276.0,1689.0,3347.0,2660.0,2636.0,2233.0,1055.0,3183.0,2052.0,1645.0,2207.0,725.0,3347.0
Caribbean,-68.4,12.3,2041-2060,1974.0,3083.0,728.0,2348.0,2279.0,1679.0,3350.0,2662.0,2643.0,2233.0,1056.0,3196.0,2057.0,1671.0,2211.0,728.0,3350.0
Caribbean,-68.37,12.3,2041-2060,1981.0,3093.0,729.0,2349.0,2288.0,1676.0,3357.0,2665.0,2660.0,2235.0,1057.0,3214.0,2066.0,1682.0,2218.0,729.0,3357.0
Caribbean,-68.36,12.3,2041-2060,1985.0,3094.0,728.0,2346.0,2291.0,1676.0,3360.0,2669.0,2665.0,2238.0,1058.0,3219.0,2069.0,1683.0,2220.0,728.0,3360.0
Caribbean,-68.35,12.3,2041-2060,1983.0,3097.0,727.0,2346.0,2292.0,1676.0,3368.0,2670.0,2672.0,2240.0,1059.0,3231.0,2071.0,1687.0,2223.0,727.0,3368.0
Caribbean,-68.4,12.31,2041-2060,1971.0,3083.0,725.0,2350.0,2280.0,1679.0,3352.0,2666.0,2641.0,2236.0,1055.0,3198.0,2057.0,1678.0,2212.0,725.0,3352.0
Caribbean,-68.39,12.31,2041-2060,1978.0,3086.0,726.0,2352.0,2286.0,1679.0,3356.0,2666.0,2650.0,2239.0,1056.0,3210.0,2061.0,1681.0,2216.0,726.0,3356.0
Caribbean,-68.38,12.31,2041-2060,1979.0,3093.0,727.0,2360.0,2288.0,1680.0,3358.0,2669.0,2659.0,2240.0,1055.0,3213.0,2061.0,1682.0,2219.0,727.0,3358.0
Caribbean,-68.37,12.31,2041-2060,1979.0,3096.0,729.0,2362.0,2292.0,1679.0,3362.0,2671.0,2664.0,2240.0,1055.0,3221.0,2066.0,1682.0,2221.0,729.0,3362.0
Caribbean,-68.36,12.31,2041-2060,1986.0,3101.0,730.0,2368.0,2292.0,1679.0,3369.0,2673.0,2673.0,2242.0,1054.0,3225.0,2070.0,1689.0,2225.0,730.0,3369.0
Caribbean,-68.25,12.02,2061-2080,4458.0,3615.0,2524.0,4406.0,4587.0,3303.0,4317.0,3859.0,4662.0,3072.0,2382.0,4275.0,3707.0,3077.0,3732.0,2382.0,4662.0
Caribbean,-68.24,12.02,2061-2080,4456.0,3614.0,2524.0,4406.0,4588.0,3303.0,4317.0,3859.0,4661.0,3073.0,2381.0,4277.0,3704.0,3077.0,3731.0,2381.0,4661.0
Caribbean,-68.26,12.03,2061-2080,4464.0,3615.0,2525.0,4414.0,4592.0,3305.0,4322.0,3863.0,4660.0,3081.0,2383.0,4277.0,3705.0,3081.0,3735.0,2383.0,4660.0
Caribbean,-68.25,12.03,2061-2080,4464.0,3615.0,2523.0,4413.0,4592.0,3303.0,4324.0,3863.0,4663.0,3082.0,2383.0,4286.0,3704.0,3082.0,3736.0,2383.0,4663.0
Caribbean,-68.24,12.03,2061-2080,4462.0,3615.0,2523.0,4416.0,4595.0,3300.0,4323.0,3863.0,4666.0,2930.0,2382.0,4297.0,3705.0,3084.0,3726.0,2382.0,4666.0
Caribbean,-68.23,12.03,2061-2080,4464.0,3614.0,2524.0,4413.0,4598.0,3300.0,4322.0,3863.0,4665.0,2928.0,2384.0,4304.0,3706.0,3083.0,3726.0,2384.0,4665.0
Caribbean,-68.27,12.04,2061-2080,4466.0,3613.0,2524.0,4425.0,4595.0,3305.0,4323.0,3869.0,4654.0,3088.0,2387.0,4292.0,3699.0,3082.0,3737.0,2387.0,4654.0
Caribbean,-68.26,12.04,2061-2080,4467.0,3615.0,2525.0,4424.0,4598.0,3304.0,4326.0,3868.0,4659.0,2938.0,2387.0,4298.0,3701.0,3082.0,3728.0,2387.0,4659.0
Caribbean,-68.23,12.04,2061-2080,4472.0,3615.0,2523.0,4429.0,4613.0,3300.0,4329.0,3869.0,4662.0,2936.0,2388.0,4327.0,3708.0,3090.0,3733.0,2388.0,4662.0
Caribbean,-68.22,12.04,2061-2080,4472.0,3613.0,2524.0,4426.0,4613.0,3297.0,4328.0,3866.0,4661.0,2934.0,2396.0,4331.0,3712.0,3090.0,3733.0,2396.0,4661.0
Caribbean,-68.28,12.05,2061-2080,4472.0,3611.0,2524.0,4442.0,4600.0,3308.0,4326.0,3871.0,4650.0,2948.0,2388.0,4298.0,3700.0,3087.0,3730.0,2388.0,4650.0
Caribbean,-68.27,12.05,2061-2080,4471.0,3614.0,2522.0,4442.0,4604.0,3308.0,4329.0,3872.0,4656.0,2949.0,2388.0,4310.0,3701.0,3090.0,3733.0,2388.0,4656.0
Caribbean,-68.22,12.05,2061-2080,4478.0,3616.0,2524.0,4440.0,4621.0,3296.0,4338.0,3875.0,4666.0,2942.0,2400.0,4344.0,3712.0,3102.0,3740.0,2400.0,4666.0
Caribbean,-68.28,12.06,2061-2080,4478.0,3619.0,2523.0,4449.0,4614.0,3308.0,4330.0,3872.0,4649.0,2956.0,2398.0,4324.0,3702.0,3092.0,3737.0,2398.0,4649.0
Caribbean,-68.23,12.06,2061-2080,4483.0,3617.0,2525.0,4440.0,4626.0,3295.0,4339.0,3876.0,4663.0,2948.0,2401.0,4353.0,3710.0,3107.0,3742.0,2401.0,4663.0
Caribbean,-68.22,12.06,2061-2080,4482.0,3616.0,2522.0,4441.0,4629.0,3296.0,4340.0,3878.0,4663.0,2944.0,2407.0,4356.0,3712.0,3108.0,3742.0,2407.0,4663.0
Caribbean,-68.28,12.07,2061-2080,4483.0,3618.0,2523.0,4457.0,4617.0,3307.0,4337.0,3879.0,4648.0,2965.0,2401.0,4338.0,3701.0,3097.0,3741.0,2401.0,4648.0
Caribbean,-68.23,12.07,2061-2080,4488.0,3620.0,2521.0,4450.0,4633.0,3298.0,4343.0,3882.0,4661.0,2956.0,2408.0,4368.0,3708.0,3112.0,3746.0,2408.0,4661.0
Caribbean,-68.22,12.07,2061-2080,4491.0,3617.0,2521.0,4450.0,4635.0,3297.0,4347.0,3878.0,4660.0,2951.0,2408.0,4387.0,3712.0,3116.0,3748.0,2408.0,4660.0
Caribbean,-68.28,12.08,2061-2080,4498.0,3614.0,2520.0,4460.0,4622.0,3306.0,4343.0,3885.0,4643.0,2972.0,2413.0,4351.0,3702.0,3106.0,3745.0,2413.0,4643.0
Caribbean,-68.23,12.08,2061-2080,4497.0,3620.0,2521.0,4457.0,4636.0,3297.0,4349.0,3884.0,4657.0,2960.0,2412.0,4397.0,3709.0,3112.0,3751.0,2412.0,4657.0
Caribbean,-68.29,12.09,2061-2080,4502.0,3612.0,2514.0,4467.0,4624.0,3309.0,4345.0,3883.0,4618.0,2977.0,2424.0,4360.0,3694.0,3103.0,3745.0,2424.0,4624.0
Caribbean,-68.28,12.09,2061-2080,4504.0,3615.0,2516.0,4468.0,4628.0,3304.0,4346.0,3888.0,4634.0,2977.0,2424.0,4366.0,3699.0,3107.0,3748.0,2424.0,4634.0
Caribbean,-68.23,12.09,2061-2080,4501.0,3619.0,2520.0,4464.0,4646.0,3298.0,4354.0,3887.0,4654.0,2966.0,2414.0,4411.0,3710.0,3117.0,3754.0,2414.0,4654.0
Caribbean,-68.29,12.1,2061-2080,4509.0,3613.0,2516.0,4476.0,4627.0,3306.0,4347.0,3887.0,4618.0,2984.0,2429.0,4380.0,3695.0,3113.0,3750.0,2429.0,4627.0
Caribbean,-68.28,12.1,2061-2080,4510.0,3616.0,2512.0,4475.0,4631.0,3303.0,4350.0,3888.0,4621.0,2981.0,2429.0,4388.0,3699.0,3115.0,3751.0,2429.0,4631.0
Caribbean,-68.24,12.1,2061-2080,4512.0,3618.0,2516.0,4468.0,4649.0,3300.0,4354.0,3890.0,4653.0,2973.0,2421.0,4421.0,3705.0,3121.0,3757.0,2421.0,4653.0
Caribbean,-68.23,12.1,2061-2080,4507.0,3616.0,2514.0,4468.0,4650.0,3297.0,4355.0,3890.0,4651.0,2970.0,2419.0,4429.0,3707.0,3123.0,3757.0,2419.0,4651.0
Caribbean,-68.22,12.1,2061-2080,4506.0,3615.0,2514.0,4464.0,4653.0,3295.0,4355.0,3889.0,4648.0,2967.0,2414.0,4434.0,3707.0,3124.0,3756.0,2414.0,4653.0
Caribbean,-68.21,12.1,2061-2080,4499.0,3612.0,2511.0,4458.0,4651.0,3289.0,4355.0,3886.0,4641.0,2965.0,2410.0,4436.0,3704.0,3121.0,3753.0,2410.0,4651.0
Caribbean,-68.3,12.11,2061-2080,4521.0,3607.0,2507.0,4483.0,4630.0,3304.0,4350.0,3892.0,4613.0,2989.0,2431.0,4388.0,3691.0,3114.0,3751.0,2431.0,4630.0
Caribbean,-68.29,12.11,2061-2080,4524.0,3610.0,2508.0,4480.0,4631.0,3304.0,4350.0,3895.0,4613.0,2989.0,2433.0,4400.0,3693.0,3117.0,3753.0,2433.0,4631.0
Caribbean,-68.21,12.11,2061-2080,4505.0,3611.0,2507.0,4451.0,4654.0,3290.0,4358.0,3891.0,4641.0,2969.0,2411.0,4458.0,3703.0,3124.0,3755.0,2411.0,4654.0
Caribbean,-68.2,12.11,2061-2080,4497.0,3606.0,2506.0,4441.0,4649.0,3285.0,4359.0,3888.0,4635.0,2966.0,2408.0,4460.0,3700.0,3121.0,3752.0,2408.0,4649.0
Caribbean,-68.3,12.12,2061-2080,4526.0,3604.0,2501.0,4483.0,4633.0,3301.0,4354.0,3895.0,4612.0,2991.0,2432.0,4404.0,3692.0,3115.0,3753.0,2432.0,4633.0
Caribbean,-68.29,12.12,2061-2080,4530.0,3607.0,2506.0,4485.0,4635.0,3303.0,4356.0,3898.0,4610.0,2991.0,2434.0,4415.0,3693.0,3117.0,3756.0,2434.0,4635.0
Caribbean,-68.2,12.12,2061-2080,4521.0,3608.0,2505.0,4444.0,4664.0,3285.0,4364.0,3897.0,4635.0,2970.0,2408.0,4478.0,3699.0,3125.0,3757.0,2408.0,4664.0
Caribbean,-68.19,12.12,2061-2080,4514.0,3608.0,2504.0,4438.0,4654.0,3282.0,4364.0,3896.0,4630.0,2969.0,2399.0,4482.0,3700.0,3123.0,3755.0,2399.0,4654.0
Caribbean,-68.29,12.13,2061-2080,4539.0,3605.0,2501.0,4484.0,4639.0,3298.0,4358.0,3898.0,4606.0,2995.0,2435.0,4429.0,3693.0,3121.0,3757.0,2435.0,4639.0
Caribbean,-68.28,12.13,2061-2080,4540.0,3608.0,2501.0,4486.0,4644.0,3298.0,4358.0,3901.0,4607.0,2995.0,2435.0,4439.0,3693.0,3122.0,3759.0,2435.0,4644.0
Caribbean,-68.2,12.13,2061-2080,4531.0,3609.0,2503.0,4450.0,4684.0,3284.0,4370.0,3902.0,4635.0,2977.0,2404.0,4499.0,3698.0,3131.0,3763.0,2404.0,4684.0
Caribbean,-68.19,12.13,2061-2080,4528.0,3608.0,2502.0,4446.0,4669.0,3283.0,4369.0,3900.0,4631.0,2971.0,2397.0,4508.0,3698.0,3128.0,3760.0,2397.0,4669.0
Caribbean,-68.31,12.14,2061-2080,4534.0,3596.0,2495.0,4494.0,4639.0,3296.0,4354.0,3898.0,4599.0,3001.0,2438.0,4424.0,3687.0,3120.0,3755.0,2438.0,4639.0
Caribbean,-68.3,12.14,2061-2080,4543.0,3599.0,2496.0,4492.0,4639.0,3297.0,4357.0,3898.0,4602.0,2998.0,2440.0,4430.0,3690.0,3119.0,3757.0,2440.0,4639.0
Caribbean,-68.28,12.14,2061-2080,4549.0,3603.0,2497.0,4493.0,4651.0,3294.0,4361.0,3905.0,4604.0,2999.0,2441.0,4450.0,3694.0,3124.0,3762.0,2441.0,4651.0
Caribbean,-68.2,12.14,2061-2080,4536.0,3609.0,2497.0,4457.0,4682.0,3283.0,4377.0,3903.0,4634.0,2981.0,2403.0,4527.0,3698.0,3137.0,3766.0,2403.0,4682.0
Caribbean,-68.19,12.14,2061-2080,4532.0,3608.0,2498.0,4437.0,4681.0,3278.0,4376.0,3901.0,4631.0,2976.0,2399.0,4531.0,3695.0,3133.0,3763.0,2399.0,4681.0
Caribbean,-68.33,12.15,2061-2080,4530.0,3588.0,2489.0,4499.0,4629.0,3293.0,4330.0,3894.0,4589.0,3002.0,2426.0,4419.0,3678.0,3108.0,3748.0,2426.0,4629.0
Caribbean,-68.32,12.15,2061-2080,4541.0,3591.0,2493.0,4502.0,4631.0,3293.0,4353.0,3897.0,4597.0,3003.0,2435.0,4432.0,3680.0,3116.0,3755.0,2435.0,4631.0
Caribbean,-68.31,12.15,2061-2080,4546.0,3592.0,2494.0,4496.0,4636.0,3293.0,4356.0,3902.0,4598.0,3004.0,2440.0,4441.0,3683.0,3119.0,3757.0,2440.0,4636.0
Caribbean,-68.3,12.15,2061-2080,4551.0,3595.0,2495.0,4500.0,4639.0,3295.0,4360.0,3901.0,4599.0,3002.0,2441.0,4449.0,3689.0,3123.0,3760.0,2441.0,4639.0
Caribbean,-68.29,12.15,2061-2080,4554.0,3600.0,2493.0,4497.0,4646.0,3295.0,4362.0,3903.0,4602.0,3004.0,2439.0,4468.0,3690.0,3126.0,3763.0,2439.0,4646.0
Caribbean,-68.28,12.15,2061-2080,4553.0,3601.0,2495.0,4497.0,4653.0,3293.0,4363.0,3906.0,4602.0,3004.0,2436.0,4491.0,3692.0,3125.0,3765.0,2436.0,4653.0
Caribbean,-68.2,12.15,2061-2080,4542.0,3609.0,2496.0,4460.0,4691.0,3282.0,4381.0,3911.0,4630.0,2986.0,2402.0,4542.0,3698.0,3140.0,3769.0,2402.0,4691.0
Caribbean,-68.19,12.15,2061-2080,4539.0,3604.0,2495.0,4443.0,4687.0,3279.0,4380.0,3909.0,4626.0,2983.0,2399.0,4545.0,3695.0,3140.0,3766.0,2399.0,4687.0
Caribbean,-68.33,12.16,2061-2080,4544.0,3585.0,2486.0,4506.0,4632.0,3292.0,4334.0,3898.0,4586.0,3007.0,2435.0,4437.0,3679.0,3110.0,3752.0,2435.0,4632.0
Caribbean,-68.32,12.16,2061-2080,4547.0,3589.0,2488.0,4506.0,4637.0,3294.0,4357.0,3898.0,4592.0,3008.0,2436.0,4446.0,3680.0,3113.0,3757.0,2436.0,4637.0
Caribbean,-68.3,12.16,2061-2080,4556.0,3592.0,2494.0,4491.0,4645.0,3294.0,4359.0,3903.0,4598.0,3008.0,2441.0,4480.0,3688.0,3121.0,3762.0,2441.0,4645.0
Caribbean,-68.29,12.16,2061-2080,4560.0,3594.0,2493.0,4489.0,4649.0,3292.0,4363.0,3906.0,4599.0,3006.0,2438.0,4487.0,3692.0,3127.0,3764.0,2438.0,4649.0
Caribbean,-68.28,12.16,2061-2080,4560.0,3600.0,2492.0,4486.0,4656.0,3292.0,4366.0,3906.0,4600.0,3005.0,2435.0,4507.0,3692.0,3127.0,3766.0,2435.0,4656.0
Caribbean,-68.2,12.16,2061-2080,4551.0,3610.0,2496.0,4459.0,4694.0,3284.0,4385.0,3911.0,4627.0,2993.0,2407.0,4560.0,3699.0,3146.0,3773.0,2407.0,4694.0
Caribbean,-68.32,12.17,2061-2080,4554.0,3586.0,2487.0,4497.0,4637.0,3291.0,4336.0,3903.0,4585.0,3015.0,2436.0,4478.0,3679.0,3118.0,3757.0,2436.0,4637.0
Caribbean,-68.31,12.17,2061-2080,4560.0,3587.0,2490.0,4496.0,4646.0,3291.0,4362.0,3904.0,4587.0,3014.0,2437.0,4495.0,3683.0,3122.0,3762.0,2437.0,4646.0
Caribbean,-68.3,12.17,2061-2080,4561.0,3590.0,2489.0,4492.0,4648.0,3290.0,4363.0,3904.0,4588.0,3012.0,2435.0,4504.0,3685.0,3126.0,3763.0,2435.0,4648.0
Caribbean,-68.29,12.17,2061-2080,4561.0,3593.0,2491.0,4488.0,4656.0,3288.0,4365.0,3906.0,4592.0,3013.0,2434.0,4518.0,3689.0,3130.0,3766.0,2434.0,4656.0
Caribbean,-68.21,12.17,2061-2080,4576.0,3612.0,2495.0,4471.0,4700.0,3283.0,4388.0,3921.0,4629.0,3004.0,2412.0,4576.0,3701.0,3149.0,3780.0,2412.0,4700.0
Caribbean,-68.2,12.17,2061-2080,4575.0,3612.0,2492.0,4469.0,4695.0,3283.0,4389.0,3921.0,4626.0,3000.0,2398.0,4581.0,3702.0,3148.0,3778.0,2398.0,4695.0
Caribbean,-68.3,12.18,2061-2080,4567.0,3591.0,2485.0,4496.0,4655.0,3288.0,4368.0,3905.0,4586.0,3017.0,2426.0,4520.0,3683.0,3127.0,3765.0,2426.0,4655.0
Caribbean,-68.29,12.18,2061-2080,4567.0,3592.0,2484.0,4492.0,4658.0,3289.0,4371.0,3907.0,4586.0,3016.0,2426.0,4524.0,3683.0,3129.0,3766.0,2426.0,4658.0
Caribbean,-68.21,12.18,2061-2080,4583.0,3609.0,2492.0,4477.0,4697.0,3283.0,4394.0,3927.0,4613.0,3011.0,2401.0,4596.0,3702.0,3153.0,3781.0,2401.0,4697.0
Caribbean,-68.3,12.19,2061-2080,4568.0,3587.0,2482.0,4497.0,4660.0,3290.0,4372.0,3907.0,4583.0,3021.0,2428.0,4531.0,3681.0,3128.0,3767.0,2428.0,4660.0
Caribbean,-68.21,12.19,2061-2080,4589.0,3608.0,2490.0,4477.0,4697.0,3283.0,4398.0,3928.0,4611.0,3017.0,2399.0,4617.0,3699.0,3159.0,3784.0,2399.0,4697.0
Caribbean,-68.2,12.19,2061-2080,4592.0,3608.0,2490.0,4480.0,4702.0,3282.0,4402.0,3927.0,4612.0,3013.0,2398.0,4625.0,3701.0,3161.0,3785.0,2398.0,4702.0
Caribbean,-68.32,12.2,2061-2080,4567.0,3583.0,2478.0,4503.0,4655.0,3290.0,4355.0,3908.0,4574.0,3027.0,2424.0,4531.0,3676.0,3127.0,3764.0,2424.0,4655.0
Caribbean,-68.31,12.2,2061-2080,4570.0,3585.0,2478.0,4504.0,4666.0,3287.0,4358.0,3908.0,4576.0,3028.0,2424.0,4534.0,3677.0,3129.0,3766.0,2424.0,4666.0
Caribbean,-68.3,12.2,2061-2080,4574.0,3587.0,2479.0,4498.0,4669.0,3289.0,4377.0,3909.0,4581.0,3028.0,2426.0,4547.0,3662.0,3131.0,3768.0,2426.0,4669.0
Caribbean,-68.21,12.2,2061-2080,4594.0,3606.0,2485.0,4485.0,4697.0,3283.0,4402.0,3929.0,4603.0,3020.0,2399.0,4648.0,3699.0,3166.0,3787.0,2399.0,4697.0
Caribbean,-68.2,12.2,2061-2080,4596.0,3611.0,2487.0,4485.0,4699.0,3282.0,4404.0,3930.0,4612.0,3021.0,2397.0,4655.0,3700.0,3171.0,3789.0,2397.0,4699.0
Caribbean,-68.34,12.21,2061-2080,4559.0,3577.0,2475.0,4510.0,4648.0,3287.0,4354.0,3907.0,4563.0,3209.0,2423.0,4531.0,3656.0,3123.0,3773.0,2423.0,4648.0
Caribbean,-68.33,12.21,2061-2080,4563.0,3578.0,2475.0,4506.0,4658.0,3288.0,4357.0,3908.0,4565.0,3208.0,2423.0,4535.0,3656.0,3126.0,3775.0,2423.0,4658.0
Caribbean,-68.32,12.21,2061-2080,4573.0,3580.0,2475.0,4502.0,4667.0,3289.0,4358.0,3910.0,4566.0,3212.0,2423.0,4540.0,3656.0,3130.0,3777.0,2423.0,4667.0
Caribbean,-68.31,12.21,2061-2080,4576.0,3581.0,2474.0,4501.0,4671.0,3286.0,4378.0,3910.0,4571.0,3031.0,2424.0,4552.0,3656.0,3131.0,3767.0,2424.0,4671.0
Caribbean,-68.2,12.21,2061-2080,4602.0,3609.0,2484.0,4488.0,4697.0,3282.0,4407.0,3933.0,4606.0,3025.0,2395.0,4665.0,3686.0,3173.0,3789.0,2395.0,4697.0
Caribbean,-68.19,12.21,2061-2080,4604.0,3613.0,2485.0,4485.0,4698.0,3281.0,4408.0,3936.0,4609.0,3025.0,2398.0,4673.0,3686.0,3174.0,3791.0,2398.0,4698.0
Caribbean,-68.41,12.22,2061-2080,4513.0,3558.0,2461.0,4527.0,4619.0,3284.0,4337.0,3906.0,4526.0,3210.0,2410.0,4460.0,3635.0,3099.0,3753.0,2410.0,4619.0
Caribbean,-68.4,12.22,2061-2080,4524.0,3562.0,2465.0,4528.0,4621.0,3284.0,4342.0,3907.0,4527.0,3206.0,2412.0,4472.0,3639.0,3102.0,3757.0,2412.0,4621.0
Caribbean,-68.39,12.22,2061-2080,4534.0,3566.0,2469.0,4525.0,4624.0,3290.0,4344.0,3909.0,4529.0,3207.0,2415.0,4476.0,3641.0,3105.0,3760.0,2415.0,4624.0
Caribbean,-68.38,12.22,2061-2080,4540.0,3567.0,2470.0,4526.0,4631.0,3289.0,4347.0,3913.0,4531.0,3209.0,2416.0,4491.0,3645.0,3108.0,3763.0,2416.0,4631.0
Caribbean,-68.37,12.22,2061-2080,4550.0,3569.0,2471.0,4517.0,4638.0,3289.0,4351.0,3914.0,4534.0,3211.0,2418.0,4506.0,3649.0,3113.0,3766.0,2418.0,4638.0
Caribbean,-68.36,12.22,2061-2080,4555.0,3571.0,2472.0,4521.0,4646.0,3289.0,4352.0,3913.0,4553.0,3209.0,2422.0,4517.0,3651.0,3120.0,3771.0,2422.0,4646.0
Caribbean,-68.35,12.22,2061-2080,4562.0,3573.0,2471.0,4514.0,4659.0,3288.0,4357.0,3913.0,4554.0,3208.0,2422.0,4525.0,3655.0,3123.0,3773.0,2422.0,4659.0
Caribbean,-68.34,12.22,2061-2080,4566.0,3574.0,2473.0,4513.0,4659.0,3288.0,4359.0,3912.0,4558.0,3210.0,2422.0,4532.0,3655.0,3126.0,3775.0,2422.0,4659.0
Caribbean,-68.23,12.22,2061-2080,4591.0,3597.0,2472.0,4488.0,4685.0,3278.0,4398.0,3929.0,4588.0,3022.0,2399.0,4643.0,3677.0,3160.0,3781.0,2399.0,4685.0
Caribbean,-68.22,12.22,2061-2080,4599.0,3598.0,2472.0,4488.0,4689.0,3278.0,4402.0,3929.0,4593.0,3021.0,2393.0,4653.0,3679.0,3164.0,3783.0,2393.0,4689.0
Caribbean,-68.21,12.22,2061-2080,4603.0,3602.0,2471.0,4489.0,4693.0,3278.0,4409.0,3933.0,4598.0,3023.0,2393.0,4662.0,3682.0,3173.0,3786.0,2393.0,4693.0
Caribbean,-68.2,12.22,2061-2080,4606.0,3609.0,2477.0,4491.0,4695.0,3280.0,4410.0,3934.0,4605.0,3025.0,2392.0,4670.0,3685.0,3178.0,3790.0,2392.0,4695.0
Caribbean,-68.19,12.22,2061-2080,4607.0,3612.0,2477.0,4487.0,4697.0,3277.0,4410.0,3937.0,4606.0,3026.0,2398.0,4676.0,3685.0,3177.0,3791.0,2398.0,4697.0
Caribbean,-68.41,12.23,2061-2080,4521.0,3556.0,2457.0,4530.0,4621.0,3283.0,4344.0,3907.0,4521.0,3212.0,2409.0,4467.0,3634.0,3098.0,3754.0,2409.0,4621.0
Caribbean,-68.28,12.23,2061-2080,4583.0,3578.0,2463.0,4491.0,4664.0,3283.0,4385.0,3923.0,4563.0,3027.0,2410.0,4594.0,3656.0,3146.0,3769.0,2410.0,4664.0
Caribbean,-68.27,12.23,2061-2080,4582.0,3580.0,2461.0,4490.0,4661.0,3283.0,4388.0,3925.0,4563.0,3027.0,2408.0,4598.0,3657.0,3148.0,3769.0,2408.0,4661.0
Caribbean,-68.26,12.23,2061-2080,4585.0,3582.0,2462.0,4488.0,4663.0,3282.0,4392.0,3926.0,4567.0,3027.0,2406.0,4608.0,3661.0,3153.0,3772.0,2406.0,4663.0
Caribbean,-68.25,12.23,2061-2080,4589.0,3584.0,2464.0,4488.0,4669.0,3280.0,4396.0,3925.0,4569.0,3024.0,2405.0,4616.0,3665.0,3154.0,3773.0,2405.0,4669.0
Caribbean,-68.24,12.23,2061-2080,4590.0,3591.0,2466.0,4488.0,4671.0,3278.0,4398.0,3928.0,4570.0,3024.0,2400.0,4624.0,3667.0,3158.0,3775.0,2400.0,4671.0
Caribbean,-68.23,12.23,2061-2080,4591.0,3596.0,2465.0,4484.0,4685.0,3276.0,4400.0,3929.0,4578.0,3024.0,2395.0,4633.0,3674.0,3161.0,3778.0,2395.0,4685.0
Caribbean,-68.22,12.23,2061-2080,4594.0,3598.0,2467.0,4485.0,4689.0,3276.0,4405.0,3934.0,4585.0,3021.0,2390.0,4654.0,3677.0,3168.0,3782.0,2390.0,4689.0
Caribbean,-68.21,12.23,2061-2080,4602.0,3602.0,2466.0,4490.0,4690.0,3276.0,4408.0,3931.0,4596.0,3023.0,2388.0,4663.0,3679.0,3172.0,3785.0,2388.0,4690.0
Caribbean,-68.2,12.23,2061-2080,4614.0,3608.0,2469.0,4489.0,4689.0,3278.0,4411.0,3935.0,4599.0,3025.0,2389.0,4671.0,3683.0,3180.0,3789.0,2389.0,4689.0
Caribbean,-68.41,12.24,2061-2080,4526.0,3555.0,2452.0,4536.0,4626.0,3285.0,4347.0,3909.0,4520.0,3213.0,2407.0,4469.0,3632.0,3099.0,3755.0,2407.0,4626.0
Caribbean,-68.29,12.24,2061-2080,4591.0,3576.0,2461.0,4499.0,4670.0,3287.0,4388.0,3925.0,4558.0,3214.0,2407.0,4591.0,3651.0,3151.0,3784.0,2407.0,4670.0
Caribbean,-68.28,12.24,2061-2080,4585.0,3578.0,2460.0,4493.0,4663.0,3282.0,4386.0,3927.0,4560.0,3027.0,2405.0,4601.0,3654.0,3155.0,3770.0,2405.0,4663.0
Caribbean,-68.27,12.24,2061-2080,4584.0,3581.0,2458.0,4492.0,4663.0,3281.0,4393.0,3927.0,4563.0,3027.0,2402.0,4608.0,3653.0,3153.0,3770.0,2402.0,4663.0
Caribbean,-68.26,12.24,2061-2080,4587.0,3582.0,2456.0,4488.0,4663.0,3282.0,4396.0,3927.0,4563.0,3025.0,2402.0,4610.0,3658.0,3156.0,3771.0,2402.0,4663.0
Caribbean,-68.42,12.25,2061-2080,4522.0,3551.0,2447.0,4537.0,4629.0,3283.0,4348.0,3910.0,4513.0,3213.0,2402.0,4465.0,3631.0,3096.0,3753.0,2402.0,4629.0
Caribbean,-68.41,12.25,2061-2080,4527.0,3551.0,2448.0,4539.0,4631.0,3284.0,4348.0,3914.0,4515.0,3213.0,2404.0,4477.0,3631.0,3099.0,3756.0,2404.0,4631.0
Caribbean,-68.31,12.25,2061-2080,4596.0,3578.0,2465.0,4517.0,4673.0,3291.0,4389.0,3928.0,4551.0,3217.0,2416.0,4588.0,3652.0,3151.0,3787.0,2416.0,4673.0
Caribbean,-68.3,12.25,2061-2080,4596.0,3578.0,2461.0,4508.0,4677.0,3288.0,4389.0,3929.0,4553.0,3215.0,2410.0,4593.0,3650.0,3155.0,3786.0,2410.0,4677.0
Caribbean,-68.29,12.25,2061-2080,4591.0,3579.0,2459.0,4498.0,4673.0,3287.0,4388.0,3930.0,4554.0,3215.0,2405.0,4598.0,3651.0,3156.0,3785.0,2405.0,4673.0
Caribbean,-68.28,12.25,2061-2080,4587.0,3578.0,2455.0,4498.0,4662.0,3283.0,4392.0,3931.0,4556.0,3027.0,2402.0,4607.0,3655.0,3157.0,3771.0,2402.0,4662.0
Caribbean,-68.42,12.26,2061-2080,4531.0,3550.0,2445.0,4544.0,4639.0,3285.0,4353.0,3917.0,4508.0,3214.0,2399.0,4471.0,3633.0,3101.0,3756.0,2399.0,4639.0
Caribbean,-68.41,12.26,2061-2080,4540.0,3554.0,2446.0,4544.0,4644.0,3286.0,4354.0,3919.0,4509.0,3215.0,2401.0,4489.0,3632.0,3104.0,3760.0,2401.0,4644.0
Caribbean,-68.33,12.26,2061-2080,4600.0,3580.0,2466.0,4531.0,4675.0,3298.0,4393.0,3933.0,4547.0,3222.0,2416.0,4577.0,3653.0,3150.0,3789.0,2416.0,4675.0
Caribbean,-68.32,12.26,2061-2080,4600.0,3582.0,2466.0,4527.0,4678.0,3295.0,4392.0,3936.0,4546.0,3223.0,2415.0,4587.0,3653.0,3158.0,3790.0,2415.0,4678.0
Caribbean,-68.31,12.26,2061-2080,4602.0,3578.0,2464.0,4524.0,4676.0,3295.0,4392.0,3935.0,4547.0,3223.0,2410.0,4592.0,3654.0,3159.0,3789.0,2410.0,4676.0
Caribbean,-68.42,12.27,2061-2080,4534.0,3553.0,2446.0,4547.0,4646.0,3289.0,4356.0,3920.0,4506.0,3219.0,2396.0,4482.0,3631.0,3105.0,3759.0,2396.0,4646.0
Caribbean,-68.41,12.27,2061-2080,4546.0,3555.0,2445.0,4552.0,4652.0,3289.0,4356.0,3920.0,4509.0,3216.0,2401.0,4494.0,3631.0,3110.0,3763.0,2401.0,4652.0
Caribbean,-68.34,12.27,2061-2080,4604.0,3578.0,2465.0,4547.0,4682.0,3301.0,4394.0,3936.0,4543.0,3226.0,2416.0,4578.0,3652.0,3154.0,3791.0,2416.0,4682.0
Caribbean,-68.33,12.27,2061-2080,4607.0,3578.0,2465.0,4538.0,4681.0,3301.0,4394.0,3937.0,4545.0,3227.0,2415.0,4590.0,3654.0,3161.0,3792.0,2415.0,4681.0
Caribbean,-68.32,12.27,2061-2080,4606.0,3580.0,2462.0,4531.0,4679.0,3298.0,4396.0,3940.0,4546.0,3223.0,2409.0,4595.0,3654.0,3162.0,3792.0,2409.0,4679.0
Caribbean,-68.42,12.28,2061-2080,4544.0,3553.0,2443.0,4555.0,4655.0,3291.0,4358.0,3924.0,4503.0,3219.0,2395.0,4489.0,3631.0,3114.0,3762.0,2395.0,4655.0
Caribbean,-68.41,12.28,2061-2080,4566.0,3556.0,2445.0,4557.0,4658.0,3291.0,4360.0,3925.0,4507.0,3218.0,2397.0,4501.0,3631.0,3119.0,3767.0,2397.0,4658.0
Caribbean,-68.35,12.28,2061-2080,4607.0,3575.0,2460.0,4565.0,4682.0,3301.0,4396.0,3938.0,4542.0,3230.0,2412.0,4582.0,3654.0,3156.0,3793.0,2412.0,4682.0
Caribbean,-68.34,12.28,2061-2080,4609.0,3579.0,2460.0,4565.0,4684.0,3302.0,4396.0,3941.0,4542.0,3230.0,2412.0,4591.0,3655.0,3163.0,3795.0,2412.0,4684.0
Caribbean,-68.42,12.29,2061-2080,4557.0,3552.0,2440.0,4558.0,4659.0,3291.0,4368.0,3928.0,4501.0,3222.0,2391.0,4495.0,3631.0,3121.0,3765.0,2391.0,4659.0
Caribbean,-68.41,12.29,2061-2080,4572.0,3555.0,2445.0,4564.0,4663.0,3292.0,4385.0,3929.0,4503.0,3222.0,2395.0,4515.0,3633.0,3127.0,3771.0,2395.0,4663.0
Caribbean,-68.36,12.29,2061-2080,4609.0,3576.0,2455.0,4577.0,4685.0,3301.0,4399.0,3940.0,4537.0,3233.0,2406.0,4574.0,3654.0,3158.0,3793.0,2406.0,4685.0
Caribbean,-68.35,12.29,2061-2080,4612.0,3579.0,2456.0,4578.0,4687.0,3301.0,4398.0,3944.0,4539.0,3233.0,2407.0,4590.0,3655.0,3164.0,3796.0,2407.0,4687.0
Caribbean,-68.41,12.3,2061-2080,4578.0,3557.0,2438.0,4568.0,4663.0,3291.0,4390.0,3935.0,4499.0,3224.0,2390.0,4525.0,3633.0,3130.0,3773.0,2390.0,4663.0
Caribbean,-68.4,12.3,2061-2080,4591.0,3563.0,2443.0,4573.0,4669.0,3299.0,4392.0,3934.0,4506.0,3226.0,2393.0,4535.0,3636.0,3138.0,3778.0,2393.0,4669.0
Caribbean,-68.37,12.3,2061-2080,4610.0,3574.0,2455.0,4579.0,4683.0,3302.0,4402.0,3942.0,4535.0,3235.0,2401.0,4573.0,3651.0,3160.0,3793.0,2401.0,4683.0
Caribbean,-68.36,12.3,2061-2080,4619.0,3581.0,2454.0,4584.0,4688.0,3303.0,4403.0,3943.0,4536.0,3236.0,2405.0,4583.0,3653.0,3167.0,3797.0,2405.0,4688.0
Caribbean,-68.35,12.3,2061-2080,4624.0,3583.0,2455.0,4585.0,4690.0,3301.0,4406.0,3943.0,4538.0,3233.0,2405.0,4598.0,3654.0,3171.0,3799.0,2405.0,4690.0
Caribbean,-68.4,12.31,2061-2080,4595.0,3566.0,2440.0,4576.0,4672.0,3296.0,4393.0,3937.0,4501.0,3231.0,2391.0,4544.0,3636.0,3141.0,3780.0,2391.0,4672.0
Caribbean,-68.39,12.31,2061-2080,4601.0,3569.0,2446.0,4582.0,4677.0,3298.0,4397.0,3941.0,4509.0,3235.0,2394.0,4560.0,3642.0,3151.0,3786.0,2394.0,4677.0
Caribbean,-68.38,12.31,2061-2080,4611.0,3575.0,2452.0,4580.0,4682.0,3300.0,4404.0,3943.0,4514.0,3236.0,2397.0,4567.0,3647.0,3159.0,3791.0,2397.0,4682.0
Caribbean,-68.37,12.31,2061-2080,4624.0,3583.0,2452.0,4583.0,4688.0,3304.0,4406.0,3944.0,4517.0,3238.0,2400.0,4577.0,3654.0,3167.0,3796.0,2400.0,4688.0
Caribbean,-68.36,12.31,2061-2080,4626.0,3587.0,2452.0,4586.0,4688.0,3302.0,4409.0,3948.0,4537.0,3237.0,2397.0,4595.0,3656.0,3174.0,3800.0,2397.0,4688.0
Caribbean,-68.25,12.02,2081-2100,6104.0,5588.0,3937.0,6341.0,6890.0,4774.0,5651.0,5162.0,6502.0,4501.0,3603.0,6081.0,5796.0,4880.0,5415.0,3603.0,6890.0
Caribbean,-68.24,12.02,2081-2100,6099.0,5584.0,3936.0,6336.0,6889.0,4773.0,5651.0,5163.0,6500.0,4500.0,3606.0,6088.0,5789.0,4879.0,5414.0,3606.0,6889.0
Caribbean,-68.26,12.03,2081-2100,6112.0,5585.0,3932.0,6366.0,6894.0,4778.0,5660.0,5167.0,6496.0,4512.0,3605.0,6109.0,5793.0,4879.0,5421.0,3605.0,6894.0
Caribbean,-68.25,12.03,2081-2100,6110.0,5582.0,3933.0,6347.0,6892.0,4776.0,5660.0,5167.0,6497.0,4505.0,3608.0,6109.0,5789.0,4880.0,5418.0,3608.0,6892.0
Caribbean,-68.24,12.03,2081-2100,6108.0,5581.0,3935.0,6340.0,6892.0,4776.0,5660.0,5168.0,6490.0,4487.0,3609.0,6115.0,5783.0,4880.0,5416.0,3609.0,6892.0
Caribbean,-68.23,12.03,2081-2100,6108.0,5582.0,3935.0,6330.0,6892.0,4765.0,5661.0,5167.0,6489.0,4488.0,3611.0,6119.0,5785.0,4881.0,5415.0,3611.0,6892.0
Caribbean,-68.27,12.04,2081-2100,6116.0,5583.0,3931.0,6376.0,6895.0,4781.0,5664.0,5175.0,6495.0,4513.0,3608.0,6130.0,5790.0,4875.0,5424.0,3608.0,6895.0
Caribbean,-68.26,12.04,2081-2100,6123.0,5582.0,3933.0,6369.0,6895.0,4782.0,5665.0,5176.0,6482.0,4493.0,3610.0,6133.0,5789.0,4879.0,5422.0,3610.0,6895.0
Caribbean,-68.23,12.04,2081-2100,6114.0,5582.0,3935.0,6336.0,6894.0,4769.0,5668.0,5173.0,6469.0,4492.0,3616.0,6170.0,5792.0,4892.0,5422.0,3616.0,6894.0
Caribbean,-68.22,12.04,2081-2100,6113.0,5581.0,3935.0,6333.0,6895.0,4765.0,5670.0,5169.0,6471.0,4491.0,3616.0,6174.0,5792.0,4892.0,5421.0,3616.0,6895.0
Caribbean,-68.28,12.05,2081-2100,6128.0,5582.0,3929.0,6389.0,6896.0,4782.0,5666.0,5178.0,6469.0,4497.0,3609.0,6158.0,5781.0,4873.0,5424.0,3609.0,6896.0
Caribbean,-68.27,12.05,2081-2100,6128.0,5579.0,3929.0,6389.0,6896.0,4784.0,5671.0,5178.0,6473.0,4500.0,3613.0,6159.0,5782.0,4875.0,5425.0,3613.0,6896.0
Caribbean,-68.22,12.05,2081-2100,6128.0,5584.0,3935.0,6341.0,6897.0,4769.0,5677.0,5177.0,6469.0,4502.0,3626.0,6210.0,5791.0,4911.0,5430.0,3626.0,6897.0
Caribbean,-68.28,12.06,2081-2100,6131.0,5581.0,3927.0,6391.0,6894.0,4786.0,5671.0,5179.0,6458.0,4505.0,3617.0,6186.0,5774.0,4871.0,5427.0,3617.0,6894.0
Caribbean,-68.23,12.06,2081-2100,6133.0,5581.0,3936.0,6358.0,6900.0,4781.0,5689.0,5184.0,6465.0,4508.0,3628.0,6228.0,5786.0,4898.0,5434.0,3628.0,6900.0
Caribbean,-68.22,12.06,2081-2100,6131.0,5583.0,3936.0,6351.0,6902.0,4779.0,5689.0,5184.0,6456.0,4507.0,3629.0,6228.0,5786.0,4919.0,5434.0,3629.0,6902.0
Caribbean,-68.28,12.07,2081-2100,6135.0,5578.0,3928.0,6393.0,6896.0,4787.0,5680.0,5185.0,6452.0,4512.0,3626.0,6201.0,5770.0,4870.0,5430.0,3626.0,6896.0
Caribbean,-68.23,12.07,2081-2100,6138.0,5584.0,3933.0,6370.0,6905.0,4781.0,5696.0,5187.0,6454.0,4516.0,3640.0,6242.0,5781.0,4910.0,5438.0,3640.0,6905.0
Caribbean,-68.22,12.07,2081-2100,6137.0,5581.0,3933.0,6355.0,6903.0,4780.0,5695.0,5187.0,6454.0,4514.0,3635.0,6247.0,5783.0,4922.0,5438.0,3635.0,6903.0
Caribbean,-68.28,12.08,2081-2100,6140.0,5578.0,3927.0,6395.0,6898.0,4790.0,5686.0,5189.0,6441.0,4519.0,3633.0,6230.0,5768.0,4876.0,5434.0,3633.0,6898.0
Caribbean,-68.23,12.08,2081-2100,6142.0,5585.0,3932.0,6371.0,6905.0,4784.0,5701.0,5198.0,6453.0,4521.0,3641.0,6258.0,5781.0,4911.0,5442.0,3641.0,6905.0
Caribbean,-68.29,12.09,2081-2100,6145.0,5579.0,3922.0,6399.0,6903.0,4789.0,5688.0,5191.0,6435.0,4528.0,3637.0,6246.0,5769.0,4866.0,5436.0,3637.0,6903.0
Caribbean,-68.28,12.09,2081-2100,6145.0,5580.0,3923.0,6398.0,6903.0,4791.0,5693.0,5196.0,6435.0,4526.0,3639.0,6253.0,5771.0,4875.0,5438.0,3639.0,6903.0
Caribbean,-68.23,12.09,2081-2100,6148.0,5581.0,3931.0,6373.0,6907.0,4785.0,5710.0,5200.0,6452.0,4528.0,3648.0,6270.0,5780.0,4907.0,5444.0,3648.0,6907.0
Caribbean,-68.29,12.1,2081-2100,6147.0,5575.0,3920.0,6400.0,6903.0,4788.0,5694.0,5198.0,6431.0,4532.0,3643.0,6262.0,5757.0,4867.0,5437.0,3643.0,6903.0
Caribbean,-68.28,12.1,2081-2100,6149.0,5576.0,3920.0,6402.0,6903.0,4791.0,5702.0,5203.0,6432.0,4529.0,3645.0,6269.0,5760.0,4870.0,5439.0,3645.0,6903.0
Caribbean,-68.24,12.1,2081-2100,6153.0,5574.0,3927.0,6390.0,6907.0,4786.0,5717.0,5208.0,6442.0,4533.0,3652.0,6299.0,5769.0,4893.0,5446.0,3652.0,6907.0
Caribbean,-68.23,12.1,2081-2100,6152.0,5573.0,3926.0,6381.0,6908.0,4785.0,5719.0,5209.0,6442.0,4534.0,3653.0,6304.0,5765.0,4898.0,5446.0,3653.0,6908.0
Caribbean,-68.22,12.1,2081-2100,6151.0,5563.0,3926.0,6370.0,6908.0,4782.0,5720.0,5205.0,6442.0,4533.0,3654.0,6305.0,5766.0,4910.0,5445.0,3654.0,6908.0
Caribbean,-68.21,12.1,2081-2100,6146.0,5561.0,3922.0,6353.0,6908.0,4774.0,5718.0,5202.0,6437.0,4530.0,3650.0,6305.0,5766.0,4904.0,5441.0,3650.0,6908.0
Caribbean,-68.3,12.11,2081-2100,6149.0,5569.0,3918.0,6400.0,6902.0,4786.0,5700.0,5202.0,6425.0,4535.0,3640.0,6275.0,5750.0,4850.0,5436.0,3640.0,6902.0
Caribbean,-68.29,12.11,2081-2100,6151.0,5564.0,3918.0,6402.0,6903.0,4788.0,5703.0,5204.0,6425.0,4533.0,3645.0,6288.0,5755.0,4855.0,5438.0,3645.0,6903.0
Caribbean,-68.21,12.11,2081-2100,6153.0,5557.0,3917.0,6353.0,6907.0,4774.0,5725.0,5206.0,6433.0,4535.0,3653.0,6328.0,5760.0,4904.0,5443.0,3653.0,6907.0
Caribbean,-68.2,12.11,2081-2100,6149.0,5532.0,3916.0,6335.0,6906.0,4769.0,5724.0,5201.0,6431.0,4529.0,3648.0,6329.0,5756.0,4897.0,5437.0,3648.0,6906.0
Caribbean,-68.3,12.12,2081-2100,6151.0,5555.0,3914.0,6406.0,6902.0,4785.0,5704.0,5202.0,6416.0,4541.0,3641.0,6297.0,5746.0,4845.0,5436.0,3641.0,6902.0
Caribbean,-68.29,12.12,2081-2100,6155.0,5557.0,3916.0,6407.0,6904.0,4788.0,5707.0,5205.0,6417.0,4539.0,3650.0,6303.0,5748.0,4854.0,5439.0,3650.0,6904.0
Caribbean,-68.2,12.12,2081-2100,6154.0,5528.0,3914.0,6341.0,6907.0,4772.0,5741.0,5207.0,6428.0,4538.0,3654.0,6369.0,5756.0,4898.0,5443.0,3654.0,6907.0
Caribbean,-68.19,12.12,2081-2100,6150.0,5516.0,3911.0,6328.0,6907.0,4768.0,5739.0,5201.0,6426.0,4534.0,3650.0,6369.0,5752.0,4892.0,5439.0,3650.0,6907.0
Caribbean,-68.29,12.13,2081-2100,6157.0,5527.0,3912.0,6407.0,6904.0,4786.0,5713.0,5207.0,6411.0,4545.0,3652.0,6327.0,5745.0,4848.0,5439.0,3652.0,6904.0
Caribbean,-68.28,12.13,2081-2100,6160.0,5529.0,3916.0,6405.0,6905.0,4788.0,5720.0,5213.0,6415.0,4548.0,3655.0,6335.0,5750.0,4856.0,5443.0,3655.0,6905.0
Caribbean,-68.2,12.13,2081-2100,6159.0,5520.0,3914.0,6341.0,6908.0,4774.0,5745.0,5214.0,6429.0,4544.0,3654.0,6401.0,5753.0,4897.0,5447.0,3654.0,6908.0
Caribbean,-68.19,12.13,2081-2100,6157.0,5509.0,3908.0,6338.0,6908.0,4769.0,5743.0,5210.0,6422.0,4542.0,3653.0,6402.0,5750.0,4889.0,5443.0,3653.0,6908.0
Caribbean,-68.31,12.14,2081-2100,6153.0,5513.0,3901.0,6407.0,6901.0,4785.0,5706.0,5200.0,6397.0,4548.0,3642.0,6325.0,5736.0,4821.0,5431.0,3642.0,6901.0
Caribbean,-68.3,12.14,2081-2100,6157.0,5514.0,3904.0,6406.0,6902.0,4785.0,5709.0,5208.0,6401.0,4551.0,3644.0,6335.0,5736.0,4830.0,5434.0,3644.0,6902.0
Caribbean,-68.28,12.14,2081-2100,6161.0,5519.0,3910.0,6406.0,6906.0,4787.0,5729.0,5219.0,6406.0,4552.0,3656.0,6357.0,5745.0,4849.0,5443.0,3656.0,6906.0
Caribbean,-68.2,12.14,2081-2100,6162.0,5520.0,3910.0,6350.0,6910.0,4777.0,5750.0,5221.0,6425.0,4550.0,3658.0,6411.0,5751.0,4891.0,5449.0,3658.0,6910.0
Caribbean,-68.19,12.14,2081-2100,6158.0,5508.0,3906.0,6341.0,6910.0,4768.0,5748.0,5215.0,6421.0,4548.0,3656.0,6413.0,5747.0,4886.0,5445.0,3656.0,6910.0
Caribbean,-68.33,12.15,2081-2100,6153.0,5511.0,3892.0,6408.0,6898.0,4773.0,5721.0,5203.0,6387.0,4547.0,3636.0,6324.0,5721.0,4808.0,5427.0,3636.0,6898.0
Caribbean,-68.32,12.15,2081-2100,6155.0,5506.0,3895.0,6408.0,6899.0,4775.0,5708.0,5201.0,6384.0,4550.0,3643.0,6337.0,5726.0,4813.0,5429.0,3643.0,6899.0
Caribbean,-68.31,12.15,2081-2100,6158.0,5508.0,3900.0,6408.0,6901.0,4785.0,5708.0,5202.0,6391.0,4552.0,3647.0,6342.0,5731.0,4816.0,5432.0,3647.0,6901.0
Caribbean,-68.3,12.15,2081-2100,6160.0,5505.0,3901.0,6409.0,6901.0,4785.0,5719.0,5208.0,6394.0,4553.0,3650.0,6350.0,5735.0,4820.0,5435.0,3650.0,6901.0
Caribbean,-68.29,12.15,2081-2100,6162.0,5514.0,3903.0,6408.0,6905.0,4786.0,5728.0,5215.0,6397.0,4556.0,3654.0,6376.0,5736.0,4830.0,5441.0,3654.0,6905.0
Caribbean,-68.28,12.15,2081-2100,6163.0,5515.0,3905.0,6406.0,6907.0,4785.0,5735.0,5219.0,6403.0,4559.0,3654.0,6390.0,5742.0,4834.0,5444.0,3654.0,6907.0
Caribbean,-68.2,12.15,2081-2100,6167.0,5526.0,3907.0,6362.0,6912.0,4776.0,5756.0,5226.0,6423.0,4558.0,3659.0,6432.0,5748.0,4890.0,5453.0,3659.0,6912.0
Caribbean,-68.19,12.15,2081-2100,6164.0,5503.0,3904.0,6345.0,6911.0,4769.0,5755.0,5221.0,6423.0,4555.0,3658.0,6433.0,5746.0,4891.0,5448.0,3658.0,6911.0
Caribbean,-68.33,12.16,2081-2100,6158.0,5498.0,3889.0,6408.0,6898.0,4776.0,5729.0,5205.0,6380.0,4554.0,3641.0,6351.0,5718.0,4796.0,5429.0,3641.0,6898.0
Caribbean,-68.32,12.16,2081-2100,6160.0,5494.0,3894.0,6408.0,6900.0,4785.0,5709.0,5207.0,6380.0,4554.0,3645.0,6358.0,5721.0,4802.0,5430.0,3645.0,6900.0
Caribbean,-68.3,12.16,2081-2100,6162.0,5497.0,3898.0,6409.0,6903.0,4783.0,5731.0,5213.0,6387.0,4556.0,3652.0,6385.0,5729.0,4821.0,5438.0,3652.0,6903.0
Caribbean,-68.29,12.16,2081-2100,6164.0,5500.0,3899.0,6406.0,6905.0,4784.0,5736.0,5217.0,6391.0,4558.0,3654.0,6393.0,5733.0,4826.0,5440.0,3654.0,6905.0
Caribbean,-68.28,12.16,2081-2100,6169.0,5510.0,3902.0,6404.0,6907.0,4785.0,5738.0,5219.0,6394.0,4560.0,3653.0,6402.0,5740.0,4831.0,5444.0,3653.0,6907.0
Caribbean,-68.2,12.16,2081-2100,6171.0,5521.0,3906.0,6372.0,6912.0,4776.0,5763.0,5233.0,6422.0,4568.0,3662.0,6461.0,5748.0,4895.0,5458.0,3662.0,6912.0
Caribbean,-68.32,12.17,2081-2100,6164.0,5490.0,3890.0,6411.0,6900.0,4784.0,5747.0,5211.0,6375.0,4558.0,3647.0,6383.0,5718.0,4800.0,5434.0,3647.0,6900.0
Caribbean,-68.31,12.17,2081-2100,6167.0,5488.0,3891.0,6411.0,6902.0,4786.0,5732.0,5215.0,6376.0,4561.0,3652.0,6389.0,5720.0,4806.0,5435.0,3652.0,6902.0
Caribbean,-68.3,12.17,2081-2100,6170.0,5489.0,3893.0,6408.0,6903.0,4786.0,5737.0,5217.0,6382.0,4562.0,3652.0,6400.0,5725.0,4814.0,5438.0,3652.0,6903.0
Caribbean,-68.29,12.17,2081-2100,6170.0,5498.0,3897.0,6406.0,6905.0,4784.0,5738.0,5220.0,6384.0,4562.0,3654.0,6409.0,5730.0,4816.0,5441.0,3654.0,6905.0
Caribbean,-68.21,12.17,2081-2100,6177.0,5524.0,3908.0,6403.0,6916.0,4781.0,5770.0,5238.0,6421.0,4577.0,3671.0,6491.0,5751.0,4896.0,5466.0,3671.0,6916.0
Caribbean,-68.2,12.17,2081-2100,6174.0,5523.0,3907.0,6383.0,6912.0,4778.0,5771.0,5237.0,6421.0,4576.0,3663.0,6495.0,5751.0,4895.0,5463.0,3663.0,6912.0
Caribbean,-68.3,12.18,2081-2100,6176.0,5487.0,3888.0,6410.0,6905.0,4787.0,5740.0,5221.0,6375.0,4569.0,3656.0,6417.0,5723.0,4807.0,5440.0,3656.0,6905.0
Caribbean,-68.29,12.18,2081-2100,6176.0,5491.0,3889.0,6408.0,6906.0,4786.0,5742.0,5224.0,6383.0,4570.0,3657.0,6422.0,5727.0,4811.0,5442.0,3657.0,6906.0
Caribbean,-68.21,12.18,2081-2100,6182.0,5526.0,3903.0,6404.0,6917.0,4783.0,5778.0,5243.0,6415.0,4583.0,3675.0,6514.0,5752.0,4894.0,5469.0,3675.0,6917.0
Caribbean,-68.3,12.19,2081-2100,6180.0,5486.0,3884.0,6411.0,6905.0,4785.0,5745.0,5226.0,6371.0,4573.0,3658.0,6437.0,5721.0,4800.0,5442.0,3658.0,6905.0
Caribbean,-68.21,12.19,2081-2100,6190.0,5522.0,3900.0,6411.0,6915.0,4784.0,5781.0,5250.0,6408.0,4584.0,3676.0,6542.0,5750.0,4897.0,5472.0,3676.0,6915.0
Caribbean,-68.2,12.19,2081-2100,6191.0,5522.0,3900.0,6404.0,6915.0,4784.0,5782.0,5253.0,6408.0,4587.0,3683.0,6543.0,5749.0,4900.0,5473.0,3683.0,6915.0
Caribbean,-68.32,12.2,2081-2100,6179.0,5480.0,3883.0,6415.0,6903.0,4786.0,5764.0,5223.0,6366.0,4578.0,3653.0,6443.0,5714.0,4778.0,5440.0,3653.0,6903.0
Caribbean,-68.31,12.2,2081-2100,6179.0,5486.0,3883.0,6414.0,6905.0,4786.0,5764.0,5228.0,6368.0,4580.0,3656.0,6453.0,5714.0,4785.0,5443.0,3656.0,6905.0
Caribbean,-68.3,12.2,2081-2100,6180.0,5487.0,3883.0,6413.0,6906.0,4786.0,5749.0,5232.0,6371.0,4578.0,3658.0,6458.0,5713.0,4788.0,5443.0,3658.0,6906.0
Caribbean,-68.21,12.2,2081-2100,6196.0,5516.0,3893.0,6411.0,6914.0,4786.0,5792.0,5250.0,6405.0,4593.0,3675.0,6564.0,5743.0,4900.0,5474.0,3675.0,6914.0
Caribbean,-68.2,12.2,2081-2100,6196.0,5518.0,3897.0,6405.0,6914.0,4784.0,5793.0,5254.0,6405.0,4595.0,3678.0,6567.0,5746.0,4908.0,5476.0,3678.0,6914.0
Caribbean,-68.34,12.21,2081-2100,6178.0,5469.0,3874.0,6415.0,6902.0,4785.0,5761.0,5227.0,6359.0,4611.0,3644.0,6432.0,5701.0,4765.0,5437.0,3644.0,6902.0
Caribbean,-68.33,12.21,2081-2100,6179.0,5473.0,3878.0,6416.0,6903.0,4788.0,5763.0,5230.0,6360.0,4612.0,3652.0,6450.0,5706.0,4772.0,5442.0,3652.0,6903.0
Caribbean,-68.32,12.21,2081-2100,6181.0,5479.0,3879.0,6415.0,6905.0,4787.0,5765.0,5232.0,6362.0,4615.0,3657.0,6456.0,5706.0,4779.0,5444.0,3657.0,6905.0
Caribbean,-68.31,12.21,2081-2100,6183.0,5481.0,3880.0,6415.0,6907.0,4787.0,5756.0,5232.0,6365.0,4583.0,3659.0,6478.0,5707.0,4783.0,5444.0,3659.0,6907.0
Caribbean,-68.2,12.21,2081-2100,6199.0,5516.0,3895.0,6406.0,6914.0,4783.0,5798.0,5255.0,6401.0,4601.0,3680.0,6579.0,5743.0,4913.0,5477.0,3680.0,6914.0
Caribbean,-68.19,12.21,2081-2100,6199.0,5516.0,3894.0,6387.0,6914.0,4782.0,5799.0,5257.0,6401.0,4602.0,3685.0,6582.0,5743.0,4919.0,5477.0,3685.0,6914.0
Caribbean,-68.41,12.22,2081-2100,6164.0,5454.0,3848.0,6423.0,6897.0,4778.0,5749.0,5212.0,6344.0,4607.0,3622.0,6393.0,5657.0,4728.0,5420.0,3622.0,6897.0
Caribbean,-68.4,12.22,2081-2100,6166.0,5456.0,3849.0,6422.0,6897.0,4779.0,5749.0,5214.0,6343.0,4608.0,3628.0,6401.0,5659.0,4732.0,5422.0,3628.0,6897.0
Caribbean,-68.39,12.22,2081-2100,6170.0,5460.0,3856.0,6422.0,6897.0,4782.0,5753.0,5217.0,6344.0,4607.0,3631.0,6403.0,5662.0,4736.0,5424.0,3631.0,6897.0
Caribbean,-68.38,12.22,2081-2100,6172.0,5462.0,3857.0,6419.0,6898.0,4781.0,5758.0,5221.0,6344.0,4608.0,3634.0,6411.0,5666.0,4743.0,5427.0,3634.0,6898.0
Caribbean,-68.37,12.22,2081-2100,6174.0,5463.0,3858.0,6418.0,6900.0,4786.0,5759.0,5223.0,6347.0,4610.0,3639.0,6417.0,5674.0,4746.0,5430.0,3639.0,6900.0
Caribbean,-68.36,12.22,2081-2100,6175.0,5465.0,3860.0,6418.0,6900.0,4786.0,5759.0,5227.0,6348.0,4609.0,3643.0,6425.0,5675.0,4752.0,5432.0,3643.0,6900.0
Caribbean,-68.35,12.22,2081-2100,6182.0,5466.0,3862.0,6417.0,6902.0,4786.0,5762.0,5228.0,6352.0,4612.0,3647.0,6431.0,5681.0,4759.0,5435.0,3647.0,6902.0
Caribbean,-68.34,12.22,2081-2100,6182.0,5471.0,3868.0,6416.0,6902.0,4789.0,5766.0,5232.0,6355.0,4615.0,3652.0,6448.0,5682.0,4767.0,5439.0,3652.0,6902.0
Caribbean,-68.23,12.22,2081-2100,6192.0,5501.0,3881.0,6411.0,6912.0,4784.0,5781.0,5247.0,6385.0,4596.0,3668.0,6565.0,5712.0,4869.0,5465.0,3668.0,6912.0
Caribbean,-68.22,12.22,2081-2100,6193.0,5505.0,3885.0,6408.0,6913.0,4783.0,5788.0,5249.0,6388.0,4597.0,3670.0,6575.0,5714.0,4874.0,5467.0,3670.0,6913.0
Caribbean,-68.21,12.22,2081-2100,6194.0,5509.0,3887.0,6397.0,6913.0,4784.0,5795.0,5251.0,6393.0,4596.0,3675.0,6579.0,5718.0,4895.0,5470.0,3675.0,6913.0
Caribbean,-68.2,12.22,2081-2100,6201.0,5512.0,3891.0,6396.0,6914.0,4783.0,5800.0,5257.0,6394.0,4601.0,3678.0,6579.0,5734.0,4901.0,5474.0,3678.0,6914.0
Caribbean,-68.19,12.22,2081-2100,6201.0,5514.0,3893.0,6390.0,6913.0,4781.0,5800.0,5255.0,6397.0,4601.0,3681.0,6583.0,5723.0,4911.0,5475.0,3681.0,6913.0
Caribbean,-68.41,12.23,2081-2100,6168.0,5454.0,3844.0,6422.0,6897.0,4779.0,5752.0,5214.0,6332.0,4608.0,3625.0,6400.0,5649.0,4717.0,5419.0,3625.0,6897.0
Caribbean,-68.28,12.23,2081-2100,6189.0,5480.0,3869.0,6414.0,6908.0,4784.0,5765.0,5239.0,6361.0,4585.0,3662.0,6516.0,5672.0,4803.0,5446.0,3662.0,6908.0
Caribbean,-68.27,12.23,2081-2100,6190.0,5481.0,3870.0,6416.0,6907.0,4784.0,5767.0,5242.0,6363.0,4586.0,3662.0,6530.0,5676.0,4807.0,5449.0,3662.0,6907.0
Caribbean,-68.26,12.23,2081-2100,6190.0,5481.0,3871.0,6415.0,6907.0,4783.0,5768.0,5244.0,6367.0,4587.0,3665.0,6545.0,5679.0,4829.0,5452.0,3665.0,6907.0
Caribbean,-68.25,12.23,2081-2100,6190.0,5481.0,3870.0,6411.0,6907.0,4781.0,5775.0,5245.0,6371.0,4585.0,3664.0,6556.0,5685.0,4847.0,5455.0,3664.0,6907.0
Caribbean,-68.24,12.23,2081-2100,6192.0,5487.0,3873.0,6409.0,6910.0,4783.0,5776.0,5247.0,6373.0,4585.0,3666.0,6564.0,5688.0,4857.0,5458.0,3666.0,6910.0
Caribbean,-68.23,12.23,2081-2100,6192.0,5493.0,3877.0,6399.0,6910.0,4781.0,5783.0,5246.0,6375.0,4589.0,3666.0,6566.0,5690.0,4867.0,5460.0,3666.0,6910.0
Caribbean,-68.22,12.23,2081-2100,6192.0,5498.0,3877.0,6398.0,6911.0,4781.0,5795.0,5252.0,6379.0,4596.0,3667.0,6573.0,5695.0,4879.0,5464.0,3667.0,6911.0
Caribbean,-68.21,12.23,2081-2100,6194.0,5498.0,3879.0,6396.0,6911.0,4782.0,5797.0,5253.0,6385.0,4599.0,3672.0,6579.0,5702.0,4890.0,5467.0,3672.0,6911.0
Caribbean,-68.2,12.23,2081-2100,6198.0,5502.0,3882.0,6391.0,6911.0,4783.0,5799.0,5256.0,6387.0,4600.0,3677.0,6580.0,5704.0,4903.0,5470.0,3677.0,6911.0
Caribbean,-68.41,12.24,2081-2100,6170.0,5449.0,3839.0,6421.0,6897.0,4782.0,5757.0,5219.0,6329.0,4612.0,3627.0,6400.0,5644.0,4712.0,5418.0,3627.0,6897.0
Caribbean,-68.29,12.24,2081-2100,6192.0,5469.0,3866.0,6416.0,6905.0,4784.0,5767.0,5241.0,6357.0,4620.0,3662.0,6518.0,5667.0,4799.0,5447.0,3662.0,6905.0
Caribbean,-68.28,12.24,2081-2100,6191.0,5470.0,3866.0,6415.0,6905.0,4784.0,5766.0,5243.0,6357.0,4587.0,3660.0,6521.0,5670.0,4803.0,5446.0,3660.0,6905.0
Caribbean,-68.27,12.24,2081-2100,6190.0,5472.0,3865.0,6412.0,6905.0,4783.0,5766.0,5243.0,6358.0,4587.0,3660.0,6533.0,5670.0,4807.0,5447.0,3660.0,6905.0
Caribbean,-68.26,12.24,2081-2100,6191.0,5471.0,3865.0,6410.0,6906.0,4782.0,5770.0,5243.0,6362.0,4589.0,3663.0,6537.0,5674.0,4824.0,5449.0,3663.0,6906.0
Caribbean,-68.42,12.25,2081-2100,6171.0,5447.0,3834.0,6420.0,6897.0,4782.0,5758.0,5219.0,6323.0,4616.0,3618.0,6395.0,5638.0,4705.0,5416.0,3618.0,6897.0
Caribbean,-68.41,12.25,2081-2100,6173.0,5446.0,3838.0,6421.0,6898.0,4786.0,5760.0,5219.0,6323.0,4616.0,3627.0,6404.0,5640.0,4710.0,5419.0,3627.0,6898.0
Caribbean,-68.31,12.25,2081-2100,6195.0,5470.0,3864.0,6422.0,6905.0,4793.0,5770.0,5243.0,6348.0,4620.0,3669.0,6512.0,5662.0,4788.0,5447.0,3669.0,6905.0
Caribbean,-68.3,12.25,2081-2100,6194.0,5468.0,3865.0,6421.0,6905.0,4791.0,5768.0,5245.0,6351.0,4619.0,3666.0,6515.0,5663.0,4796.0,5448.0,3666.0,6905.0
Caribbean,-68.29,12.25,2081-2100,6194.0,5467.0,3862.0,6418.0,6904.0,4786.0,5768.0,5245.0,6353.0,4621.0,3665.0,6520.0,5660.0,4800.0,5447.0,3665.0,6904.0
Caribbean,-68.28,12.25,2081-2100,6191.0,5470.0,3860.0,6412.0,6903.0,4784.0,5768.0,5246.0,6356.0,4592.0,3662.0,6523.0,5664.0,4804.0,5445.0,3662.0,6903.0
Caribbean,-68.42,12.26,2081-2100,6173.0,5440.0,3832.0,6421.0,6897.0,4786.0,5760.0,5224.0,6317.0,4622.0,3621.0,6401.0,5632.0,4706.0,5417.0,3621.0,6897.0
Caribbean,-68.41,12.26,2081-2100,6177.0,5440.0,3837.0,6420.0,6898.0,4787.0,5762.0,5225.0,6317.0,4621.0,3630.0,6407.0,5635.0,4712.0,5419.0,3630.0,6898.0
Caribbean,-68.33,12.26,2081-2100,6201.0,5473.0,3861.0,6426.0,6907.0,4798.0,5774.0,5247.0,6344.0,4623.0,3668.0,6498.0,5661.0,4780.0,5447.0,3668.0,6907.0
Caribbean,-68.32,12.26,2081-2100,6201.0,5470.0,3861.0,6423.0,6907.0,4799.0,5773.0,5249.0,6345.0,4622.0,3669.0,6512.0,5661.0,4787.0,5449.0,3669.0,6907.0
Caribbean,-68.31,12.26,2081-2100,6201.0,5470.0,3861.0,6423.0,6905.0,4796.0,5772.0,5248.0,6346.0,4620.0,3669.0,6516.0,5661.0,4794.0,5449.0,3669.0,6905.0
Caribbean,-68.42,12.27,2081-2100,6177.0,5439.0,3829.0,6423.0,6898.0,4787.0,5765.0,5230.0,6313.0,4624.0,3625.0,6403.0,5623.0,4711.0,5418.0,3625.0,6898.0
Caribbean,-68.41,12.27,2081-2100,6178.0,5440.0,3836.0,6423.0,6899.0,4788.0,5767.0,5231.0,6314.0,4624.0,3632.0,6414.0,5630.0,4716.0,5421.0,3632.0,6899.0
Caribbean,-68.34,12.27,2081-2100,6211.0,5471.0,3859.0,6427.0,6907.0,4800.0,5777.0,5249.0,6345.0,4629.0,3669.0,6509.0,5660.0,4780.0,5450.0,3669.0,6907.0
Caribbean,-68.33,12.27,2081-2100,6211.0,5472.0,3860.0,6426.0,6907.0,4803.0,5776.0,5252.0,6344.0,4630.0,3672.0,6510.0,5660.0,4789.0,5451.0,3672.0,6907.0
Caribbean,-68.32,12.27,2081-2100,6208.0,5472.0,3857.0,6424.0,6906.0,4803.0,5776.0,5250.0,6345.0,4628.0,3673.0,6514.0,5661.0,4796.0,5451.0,3673.0,6906.0
Caribbean,-68.42,12.28,2081-2100,6180.0,5437.0,3828.0,6425.0,6899.0,4787.0,5771.0,5233.0,6299.0,4630.0,3626.0,6406.0,5626.0,4714.0,5419.0,3626.0,6899.0
Caribbean,-68.41,12.28,2081-2100,6181.0,5441.0,3833.0,6422.0,6900.0,4791.0,5775.0,5239.0,6308.0,4630.0,3634.0,6422.0,5628.0,4724.0,5423.0,3634.0,6900.0
Caribbean,-68.35,12.28,2081-2100,6218.0,5472.0,3851.0,6432.0,6908.0,4806.0,5779.0,5253.0,6333.0,4637.0,3669.0,6494.0,5658.0,4780.0,5449.0,3669.0,6908.0
Caribbean,-68.34,12.28,2081-2100,6218.0,5477.0,3854.0,6429.0,6907.0,4804.0,5782.0,5254.0,6339.0,4637.0,3671.0,6511.0,5659.0,4788.0,5452.0,3671.0,6907.0
Caribbean,-68.42,12.29,2081-2100,6181.0,5443.0,3827.0,6422.0,6898.0,4789.0,5774.0,5239.0,6293.0,4635.0,3626.0,6414.0,5625.0,4724.0,5421.0,3626.0,6898.0
Caribbean,-68.41,12.29,2081-2100,6184.0,5446.0,3830.0,6422.0,6901.0,4796.0,5760.0,5244.0,6295.0,4635.0,3636.0,6425.0,5630.0,4728.0,5424.0,3636.0,6901.0
Caribbean,-68.36,12.29,2081-2100,6219.0,5467.0,3844.0,6434.0,6909.0,4808.0,5785.0,5256.0,6325.0,4641.0,3668.0,6489.0,5653.0,4780.0,5448.0,3668.0,6909.0
Caribbean,-68.35,12.29,2081-2100,6223.0,5476.0,3847.0,6432.0,6909.0,4806.0,5790.0,5258.0,6333.0,4642.0,3669.0,6507.0,5655.0,4789.0,5453.0,3669.0,6909.0
Caribbean,-68.41,12.3,2081-2100,6189.0,5445.0,3827.0,6428.0,6901.0,4802.0,5763.0,5247.0,6293.0,4638.0,3635.0,6431.0,5633.0,4732.0,5426.0,3635.0,6901.0
Caribbean,-68.4,12.3,2081-2100,6198.0,5449.0,3831.0,6427.0,6904.0,4804.0,5769.0,5251.0,6298.0,4641.0,3643.0,6444.0,5639.0,4746.0,5432.0,3643.0,6904.0
Caribbean,-68.37,12.3,2081-2100,6219.0,5466.0,3841.0,6434.0,6908.0,4810.0,5790.0,5258.0,6311.0,4643.0,3668.0,6488.0,5649.0,4781.0,5448.0,3668.0,6908.0
Caribbean,-68.36,12.3,2081-2100,6229.0,5468.0,3844.0,6435.0,6909.0,4811.0,5794.0,5262.0,6324.0,4646.0,3671.0,6506.0,5656.0,4793.0,5453.0,3671.0,6909.0
Caribbean,-68.35,12.3,2081-2100,6234.0,5474.0,3844.0,6432.0,6911.0,4809.0,5795.0,5264.0,6325.0,4646.0,3672.0,6516.0,5660.0,4804.0,5456.0,3672.0,6911.0
Caribbean,-68.4,12.31,2081-2100,6204.0,5449.0,3825.0,6429.0,6904.0,4804.0,5778.0,5255.0,6293.0,4643.0,3643.0,6459.0,5639.0,4748.0,5434.0,3643.0,6904.0
Caribbean,-68.39,12.31,2081-2100,6209.0,5458.0,3830.0,6430.0,6905.0,4805.0,5784.0,5255.0,6295.0,4646.0,3655.0,6473.0,5643.0,4770.0,5440.0,3655.0,6905.0
Caribbean,-68.38,12.31,2081-2100,6222.0,5463.0,3836.0,6432.0,6906.0,4810.0,5790.0,5257.0,6303.0,4646.0,3665.0,6487.0,5648.0,4782.0,5446.0,3665.0,6906.0
Caribbean,-68.37,12.31,2081-2100,6226.0,5465.0,3840.0,6433.0,6908.0,4814.0,5794.0,5265.0,6307.0,4650.0,3670.0,6490.0,5653.0,4790.0,5450.0,3670.0,6908.0
Caribbean,-68.36,12.31,2081-2100,6234.0,5467.0,3841.0,6431.0,6910.0,4810.0,5796.0,5267.0,6309.0,4647.0,3671.0,6509.0,5657.0,4806.0,5454.0,3671.0,6910.0
